dni,nombre,cuenta,moneda,monto,bic,concepto,cargos
10000001,BENEFICIARIO 00001,001000000001,PEN,11.23,BINPPEPLXXX,PAGO PROVEEDOR 00001,OUR
10000002,BENEFICIARIO 00002,001000000002,PEN,11.96,SCBLPEPLXXX,PAGO PROVEEDOR 00002,BEN
10000003,BENEFICIARIO 00003,001000000003,PEN,12.69,CITIPEPLXXX,PAGO PROVEEDOR 00003,SHA
10000004,BENEFICIARIO 00004,001000000004,PEN,13.42,BCPLPEPLXXX,PAGO PROVEEDOR 00004,OUR
10000005,BENEFICIARIO 00005,001000000005,USD,14.15,BINPPEPLXXX,PAGO PROVEEDOR 00005,BEN
10000006,BENEFICIARIO 00006,001000000006,PEN,14.88,SCBLPEPLXXX,PAGO PROVEEDOR 00006,SHA
10000007,BENEFICIARIO 00007,001000000007,PEN,15.61,CITIPEPLXXX,PAGO PROVEEDOR 00007,OUR
10000008,BENEFICIARIO 00008,001000000008,PEN,16.34,BCPLPEPLXXX,PAGO PROVEEDOR 00008,BEN
10000009,BENEFICIARIO 00009,001000000009,PEN,17.07,BINPPEPLXXX,PAGO PROVEEDOR 00009,SHA
10000010,BENEFICIARIO 00010,001000000010,USD,17.80,SCBLPEPLXXX,PAGO PROVEEDOR 00010,OUR
10000011,BENEFICIARIO 00011,001000000011,PEN,18.53,CITIPEPLXXX,PAGO PROVEEDOR 00011,BEN
10000012,BENEFICIARIO 00012,001000000012,PEN,19.26,BCPLPEPLXXX,PAGO PROVEEDOR 00012,SHA
10000013,BENEFICIARIO 00013,001000000013,PEN,19.99,BINPPEPLXXX,PAGO PROVEEDOR 00013,OUR
10000014,BENEFICIARIO 00014,001000000014,PEN,20.72,SCBLPEPLXXX,PAGO PROVEEDOR 00014,BEN
10000015,BENEFICIARIO 00015,001000000015,USD,21.45,CITIPEPLXXX,PAGO PROVEEDOR 00015,SHA
10000016,BENEFICIARIO 00016,001000000016,PEN,22.18,BCPLPEPLXXX,PAGO PROVEEDOR 00016,OUR
10000017,BENEFICIARIO 00017,001000000017,PEN,22.91,BINPPEPLXXX,PAGO PROVEEDOR 00017,BEN
10000018,BENEFICIARIO 00018,001000000018,PEN,23.64,SCBLPEPLXXX,PAGO PROVEEDOR 00018,SHA
10000019,BENEFICIARIO 00019,001000000019,PEN,24.37,CITIPEPLXXX,PAGO PROVEEDOR 00019,OUR
10000020,BENEFICIARIO 00020,001000000020,USD,25.10,BCPLPEPLXXX,PAGO PROVEEDOR 00020,BEN
10000021,BENEFICIARIO 00021,001000000021,PEN,25.83,BINPPEPLXXX,PAGO PROVEEDOR 00021,SHA
10000022,BENEFICIARIO 00022,001000000022,PEN,26.56,SCBLPEPLXXX,PAGO PROVEEDOR 00022,OUR
10000023,BENEFICIARIO 00023,001000000023,PEN,27.29,CITIPEPLXXX,PAGO PROVEEDOR 00023,BEN
10000024,BENEFICIARIO 00024,001000000024,PEN,28.02,BCPLPEPLXXX,PAGO PROVEEDOR 00024,SHA
10000025,BENEFICIARIO 00025,001000000025,USD,28.75,BINPPEPLXXX,PAGO PROVEEDOR 00025,OUR
10000026,BENEFICIARIO 00026,001000000026,PEN,29.48,SCBLPEPLXXX,PAGO PROVEEDOR 00026,BEN
10000027,BENEFICIARIO 00027,001000000027,PEN,30.21,CITIPEPLXXX,PAGO PROVEEDOR 00027,SHA
10000028,BENEFICIARIO 00028,001000000028,PEN,30.94,BCPLPEPLXXX,PAGO PROVEEDOR 00028,OUR
10000029,BENEFICIARIO 00029,001000000029,PEN,31.67,BINPPEPLXXX,PAGO PROVEEDOR 00029,BEN
10000030,BENEFICIARIO 00030,001000000030,USD,32.40,SCBLPEPLXXX,PAGO PROVEEDOR 00030,SHA
10000031,BENEFICIARIO 00031,001000000031,PEN,33.13,CITIPEPLXXX,PAGO PROVEEDOR 00031,OUR
10000032,BENEFICIARIO 00032,001000000032,PEN,33.86,BCPLPEPLXXX,PAGO PROVEEDOR 00032,BEN
10000033,BENEFICIARIO 00033,001000000033,PEN,34.59,BINPPEPLXXX,PAGO PROVEEDOR 00033,SHA
10000034,BENEFICIARIO 00034,001000000034,PEN,35.32,SCBLPEPLXXX,PAGO PROVEEDOR 00034,OUR
10000035,BENEFICIARIO 00035,001000000035,USD,36.05,CITIPEPLXXX,PAGO PROVEEDOR 00035,BEN
10000036,BENEFICIARIO 00036,001000000036,PEN,36.78,BCPLPEPLXXX,PAGO PROVEEDOR 00036,SHA
10000037,BENEFICIARIO 00037,001000000037,PEN,37.51,BINPPEPLXXX,PAGO PROVEEDOR 00037,OUR
10000038,BENEFICIARIO 00038,001000000038,PEN,38.24,SCBLPEPLXXX,PAGO PROVEEDOR 00038,BEN
10000039,BENEFICIARIO 00039,001000000039,PEN,38.97,CITIPEPLXXX,PAGO PROVEEDOR 00039,SHA
10000040,BENEFICIARIO 00040,001000000040,USD,39.70,BCPLPEPLXXX,PAGO PROVEEDOR 00040,OUR
10000041,BENEFICIARIO 00041,001000000041,PEN,40.43,BINPPEPLXXX,PAGO PROVEEDOR 00041,BEN
10000042,BENEFICIARIO 00042,001000000042,PEN,41.16,SCBLPEPLXXX,PAGO PROVEEDOR 00042,SHA
10000043,BENEFICIARIO 00043,001000000043,PEN,41.89,CITIPEPLXXX,PAGO PROVEEDOR 00043,OUR
10000044,BENEFICIARIO 00044,001000000044,PEN,42.62,BCPLPEPLXXX,PAGO PROVEEDOR 00044,BEN
10000045,BENEFICIARIO 00045,001000000045,USD,43.35,BINPPEPLXXX,PAGO PROVEEDOR 00045,SHA
10000046,BENEFICIARIO 00046,001000000046,PEN,44.08,SCBLPEPLXXX,PAGO PROVEEDOR 00046,OUR
10000047,BENEFICIARIO 00047,001000000047,PEN,44.81,CITIPEPLXXX,PAGO PROVEEDOR 00047,BEN
10000048,BENEFICIARIO 00048,001000000048,PEN,45.54,BCPLPEPLXXX,PAGO PROVEEDOR 00048,SHA
10000049,BENEFICIARIO 00049,001000000049,PEN,46.27,BINPPEPLXXX,PAGO PROVEEDOR 00049,OUR
10000050,BENEFICIARIO 00050,001000000050,USD,47.00,SCBLPEPLXXX,PAGO PROVEEDOR 00050,BEN
10000051,BENEFICIARIO 00051,001000000051,PEN,47.73,CITIPEPLXXX,PAGO PROVEEDOR 00051,SHA
10000052,BENEFICIARIO 00052,001000000052,PEN,48.46,BCPLPEPLXXX,PAGO PROVEEDOR 00052,OUR
10000053,BENEFICIARIO 00053,001000000053,PEN,49.19,BINPPEPLXXX,PAGO PROVEEDOR 00053,BEN
10000054,BENEFICIARIO 00054,001000000054,PEN,49.92,SCBLPEPLXXX,PAGO PROVEEDOR 00054,SHA
10000055,BENEFICIARIO 00055,001000000055,USD,50.65,CITIPEPLXXX,PAGO PROVEEDOR 00055,OUR
10000056,BENEFICIARIO 00056,001000000056,PEN,51.38,BCPLPEPLXXX,PAGO PROVEEDOR 00056,BEN
10000057,BENEFICIARIO 00057,001000000057,PEN,52.11,BINPPEPLXXX,PAGO PROVEEDOR 00057,SHA
10000058,BENEFICIARIO 00058,001000000058,PEN,52.84,SCBLPEPLXXX,PAGO PROVEEDOR 00058,OUR
10000059,BENEFICIARIO 00059,001000000059,PEN,53.57,CITIPEPLXXX,PAGO PROVEEDOR 00059,BEN
10000060,BENEFICIARIO 00060,001000000060,USD,54.30,BCPLPEPLXXX,PAGO PROVEEDOR 00060,SHA
10000061,BENEFICIARIO 00061,001000000061,PEN,55.03,BINPPEPLXXX,PAGO PROVEEDOR 00061,OUR
10000062,BENEFICIARIO 00062,001000000062,PEN,55.76,SCBLPEPLXXX,PAGO PROVEEDOR 00062,BEN
10000063,BENEFICIARIO 00063,001000000063,PEN,56.49,CITIPEPLXXX,PAGO PROVEEDOR 00063,SHA
10000064,BENEFICIARIO 00064,001000000064,PEN,57.22,BCPLPEPLXXX,PAGO PROVEEDOR 00064,OUR
10000065,BENEFICIARIO 00065,001000000065,USD,57.95,BINPPEPLXXX,PAGO PROVEEDOR 00065,BEN
10000066,BENEFICIARIO 00066,001000000066,PEN,58.68,SCBLPEPLXXX,PAGO PROVEEDOR 00066,SHA
10000067,BENEFICIARIO 00067,001000000067,PEN,59.41,CITIPEPLXXX,PAGO PROVEEDOR 00067,OUR
10000068,BENEFICIARIO 00068,001000000068,PEN,60.14,BCPLPEPLXXX,PAGO PROVEEDOR 00068,BEN
10000069,BENEFICIARIO 00069,001000000069,PEN,60.87,BINPPEPLXXX,PAGO PROVEEDOR 00069,SHA
10000070,BENEFICIARIO 00070,001000000070,USD,61.60,SCBLPEPLXXX,PAGO PROVEEDOR 00070,OUR
10000071,BENEFICIARIO 00071,001000000071,PEN,62.33,CITIPEPLXXX,PAGO PROVEEDOR 00071,BEN
10000072,BENEFICIARIO 00072,001000000072,PEN,63.06,BCPLPEPLXXX,PAGO PROVEEDOR 00072,SHA
10000073,BENEFICIARIO 00073,001000000073,PEN,63.79,BINPPEPLXXX,PAGO PROVEEDOR 00073,OUR
10000074,BENEFICIARIO 00074,001000000074,PEN,64.52,SCBLPEPLXXX,PAGO PROVEEDOR 00074,BEN
10000075,BENEFICIARIO 00075,001000000075,USD,65.25,CITIPEPLXXX,PAGO PROVEEDOR 00075,SHA
10000076,BENEFICIARIO 00076,001000000076,PEN,65.98,BCPLPEPLXXX,PAGO PROVEEDOR 00076,OUR
10000077,BENEFICIARIO 00077,001000000077,PEN,66.71,BINPPEPLXXX,PAGO PROVEEDOR 00077,BEN
10000078,BENEFICIARIO 00078,001000000078,PEN,67.44,SCBLPEPLXXX,PAGO PROVEEDOR 00078,SHA
10000079,BENEFICIARIO 00079,001000000079,PEN,68.17,CITIPEPLXXX,PAGO PROVEEDOR 00079,OUR
10000080,BENEFICIARIO 00080,001000000080,USD,68.90,BCPLPEPLXXX,PAGO PROVEEDOR 00080,BEN
10000081,BENEFICIARIO 00081,001000000081,PEN,69.63,BINPPEPLXXX,PAGO PROVEEDOR 00081,SHA
10000082,BENEFICIARIO 00082,001000000082,PEN,70.36,SCBLPEPLXXX,PAGO PROVEEDOR 00082,OUR
10000083,BENEFICIARIO 00083,001000000083,PEN,71.09,CITIPEPLXXX,PAGO PROVEEDOR 00083,BEN
10000084,BENEFICIARIO 00084,001000000084,PEN,71.82,BCPLPEPLXXX,PAGO PROVEEDOR 00084,SHA
10000085,BENEFICIARIO 00085,001000000085,USD,72.55,BINPPEPLXXX,PAGO PROVEEDOR 00085,OUR
10000086,BENEFICIARIO 00086,001000000086,PEN,73.28,SCBLPEPLXXX,PAGO PROVEEDOR 00086,BEN
10000087,BENEFICIARIO 00087,001000000087,PEN,74.01,CITIPEPLXXX,PAGO PROVEEDOR 00087,SHA
10000088,BENEFICIARIO 00088,001000000088,PEN,74.74,BCPLPEPLXXX,PAGO PROVEEDOR 00088,OUR
10000089,BENEFICIARIO 00089,001000000089,PEN,75.47,BINPPEPLXXX,PAGO PROVEEDOR 00089,BEN
10000090,BENEFICIARIO 00090,001000000090,USD,76.20,SCBLPEPLXXX,PAGO PROVEEDOR 00090,SHA
10000091,BENEFICIARIO 00091,001000000091,PEN,76.93,CITIPEPLXXX,PAGO PROVEEDOR 00091,OUR
10000092,BENEFICIARIO 00092,001000000092,PEN,77.66,BCPLPEPLXXX,PAGO PROVEEDOR 00092,BEN
10000093,BENEFICIARIO 00093,001000000093,PEN,78.39,BINPPEPLXXX,PAGO PROVEEDOR 00093,SHA
10000094,BENEFICIARIO 00094,001000000094,PEN,79.12,SCBLPEPLXXX,PAGO PROVEEDOR 00094,OUR
10000095,BENEFICIARIO 00095,001000000095,USD,79.85,CITIPEPLXXX,PAGO PROVEEDOR 00095,BEN
10000096,BENEFICIARIO 00096,001000000096,PEN,80.58,BCPLPEPLXXX,PAGO PROVEEDOR 00096,SHA
10000097,BENEFICIARIO 00097,001000000097,PEN,81.31,BINPPEPLXXX,PAGO PROVEEDOR 00097,OUR
10000098,BENEFICIARIO 00098,001000000098,PEN,82.04,SCBLPEPLXXX,PAGO PROVEEDOR 00098,BEN
10000099,BENEFICIARIO 00099,001000000099,PEN,82.77,CITIPEPLXXX,PAGO PROVEEDOR 00099,SHA
10000100,BENEFICIARIO 00100,001000000100,USD,83.50,BCPLPEPLXXX,PAGO PROVEEDOR 00100,OUR
10000101,BENEFICIARIO 00101,001000000101,PEN,84.23,BINPPEPLXXX,PAGO PROVEEDOR 00101,BEN
10000102,BENEFICIARIO 00102,001000000102,PEN,84.96,SCBLPEPLXXX,PAGO PROVEEDOR 00102,SHA
10000103,BENEFICIARIO 00103,001000000103,PEN,85.69,CITIPEPLXXX,PAGO PROVEEDOR 00103,OUR
10000104,BENEFICIARIO 00104,001000000104,PEN,86.42,BCPLPEPLXXX,PAGO PROVEEDOR 00104,BEN
10000105,BENEFICIARIO 00105,001000000105,USD,87.15,BINPPEPLXXX,PAGO PROVEEDOR 00105,SHA
10000106,BENEFICIARIO 00106,001000000106,PEN,87.88,SCBLPEPLXXX,PAGO PROVEEDOR 00106,OUR
10000107,BENEFICIARIO 00107,001000000107,PEN,88.61,CITIPEPLXXX,PAGO PROVEEDOR 00107,BEN
10000108,BENEFICIARIO 00108,001000000108,PEN,89.34,BCPLPEPLXXX,PAGO PROVEEDOR 00108,SHA
10000109,BENEFICIARIO 00109,001000000109,PEN,90.07,BINPPEPLXXX,PAGO PROVEEDOR 00109,OUR
10000110,BENEFICIARIO 00110,001000000110,USD,90.80,SCBLPEPLXXX,PAGO PROVEEDOR 00110,BEN
10000111,BENEFICIARIO 00111,001000000111,PEN,91.53,CITIPEPLXXX,PAGO PROVEEDOR 00111,SHA
10000112,BENEFICIARIO 00112,001000000112,PEN,92.26,BCPLPEPLXXX,PAGO PROVEEDOR 00112,OUR
10000113,BENEFICIARIO 00113,001000000113,PEN,92.99,BINPPEPLXXX,PAGO PROVEEDOR 00113,BEN
10000114,BENEFICIARIO 00114,001000000114,PEN,93.72,SCBLPEPLXXX,PAGO PROVEEDOR 00114,SHA
10000115,BENEFICIARIO 00115,001000000115,USD,94.45,CITIPEPLXXX,PAGO PROVEEDOR 00115,OUR
10000116,BENEFICIARIO 00116,001000000116,PEN,95.18,BCPLPEPLXXX,PAGO PROVEEDOR 00116,BEN
10000117,BENEFICIARIO 00117,001000000117,PEN,95.91,BINPPEPLXXX,PAGO PROVEEDOR 00117,SHA
10000118,BENEFICIARIO 00118,001000000118,PEN,96.64,SCBLPEPLXXX,PAGO PROVEEDOR 00118,OUR
10000119,BENEFICIARIO 00119,001000000119,PEN,97.37,CITIPEPLXXX,PAGO PROVEEDOR 00119,BEN
10000120,BENEFICIARIO 00120,001000000120,USD,98.10,BCPLPEPLXXX,PAGO PROVEEDOR 00120,SHA
10000121,BENEFICIARIO 00121,001000000121,PEN,98.83,BINPPEPLXXX,PAGO PROVEEDOR 00121,OUR
10000122,BENEFICIARIO 00122,001000000122,PEN,99.56,SCBLPEPLXXX,PAGO PROVEEDOR 00122,BEN
10000123,BENEFICIARIO 00123,001000000123,PEN,100.29,CITIPEPLXXX,PAGO PROVEEDOR 00123,SHA
10000124,BENEFICIARIO 00124,001000000124,PEN,101.02,BCPLPEPLXXX,PAGO PROVEEDOR 00124,OUR
10000125,BENEFICIARIO 00125,001000000125,USD,101.75,BINPPEPLXXX,PAGO PROVEEDOR 00125,BEN
10000126,BENEFICIARIO 00126,001000000126,PEN,102.48,SCBLPEPLXXX,PAGO PROVEEDOR 00126,SHA
10000127,BENEFICIARIO 00127,001000000127,PEN,103.21,CITIPEPLXXX,PAGO PROVEEDOR 00127,OUR
10000128,BENEFICIARIO 00128,001000000128,PEN,103.94,BCPLPEPLXXX,PAGO PROVEEDOR 00128,BEN
10000129,BENEFICIARIO 00129,001000000129,PEN,104.67,BINPPEPLXXX,PAGO PROVEEDOR 00129,SHA
10000130,BENEFICIARIO 00130,001000000130,USD,105.40,SCBLPEPLXXX,PAGO PROVEEDOR 00130,OUR
10000131,BENEFICIARIO 00131,001000000131,PEN,106.13,CITIPEPLXXX,PAGO PROVEEDOR 00131,BEN
10000132,BENEFICIARIO 00132,001000000132,PEN,106.86,BCPLPEPLXXX,PAGO PROVEEDOR 00132,SHA
10000133,BENEFICIARIO 00133,001000000133,PEN,107.59,BINPPEPLXXX,PAGO PROVEEDOR 00133,OUR
10000134,BENEFICIARIO 00134,001000000134,PEN,108.32,SCBLPEPLXXX,PAGO PROVEEDOR 00134,BEN
10000135,BENEFICIARIO 00135,001000000135,USD,109.05,CITIPEPLXXX,PAGO PROVEEDOR 00135,SHA
10000136,BENEFICIARIO 00136,001000000136,PEN,109.78,BCPLPEPLXXX,PAGO PROVEEDOR 00136,OUR
10000137,BENEFICIARIO 00137,001000000137,PEN,110.51,BINPPEPLXXX,PAGO PROVEEDOR 00137,BEN
10000138,BENEFICIARIO 00138,001000000138,PEN,111.24,SCBLPEPLXXX,PAGO PROVEEDOR 00138,SHA
10000139,BENEFICIARIO 00139,001000000139,PEN,111.97,CITIPEPLXXX,PAGO PROVEEDOR 00139,OUR
10000140,BENEFICIARIO 00140,001000000140,USD,112.70,BCPLPEPLXXX,PAGO PROVEEDOR 00140,BEN
10000141,BENEFICIARIO 00141,001000000141,PEN,113.43,BINPPEPLXXX,PAGO PROVEEDOR 00141,SHA
10000142,BENEFICIARIO 00142,001000000142,PEN,114.16,SCBLPEPLXXX,PAGO PROVEEDOR 00142,OUR
10000143,BENEFICIARIO 00143,001000000143,PEN,114.89,CITIPEPLXXX,PAGO PROVEEDOR 00143,BEN
10000144,BENEFICIARIO 00144,001000000144,PEN,115.62,BCPLPEPLXXX,PAGO PROVEEDOR 00144,SHA
10000145,BENEFICIARIO 00145,001000000145,USD,116.35,BINPPEPLXXX,PAGO PROVEEDOR 00145,OUR
10000146,BENEFICIARIO 00146,001000000146,PEN,117.08,SCBLPEPLXXX,PAGO PROVEEDOR 00146,BEN
10000147,BENEFICIARIO 00147,001000000147,PEN,117.81,CITIPEPLXXX,PAGO PROVEEDOR 00147,SHA
10000148,BENEFICIARIO 00148,001000000148,PEN,118.54,BCPLPEPLXXX,PAGO PROVEEDOR 00148,OUR
10000149,BENEFICIARIO 00149,001000000149,PEN,119.27,BINPPEPLXXX,PAGO PROVEEDOR 00149,BEN
10000150,BENEFICIARIO 00150,001000000150,USD,120.00,SCBLPEPLXXX,PAGO PROVEEDOR 00150,SHA
10000151,BENEFICIARIO 00151,001000000151,PEN,120.73,CITIPEPLXXX,PAGO PROVEEDOR 00151,OUR
10000152,BENEFICIARIO 00152,001000000152,PEN,121.46,BCPLPEPLXXX,PAGO PROVEEDOR 00152,BEN
10000153,BENEFICIARIO 00153,001000000153,PEN,122.19,BINPPEPLXXX,PAGO PROVEEDOR 00153,SHA
10000154,BENEFICIARIO 00154,001000000154,PEN,122.92,SCBLPEPLXXX,PAGO PROVEEDOR 00154,OUR
10000155,BENEFICIARIO 00155,001000000155,USD,123.65,CITIPEPLXXX,PAGO PROVEEDOR 00155,BEN
10000156,BENEFICIARIO 00156,001000000156,PEN,124.38,BCPLPEPLXXX,PAGO PROVEEDOR 00156,SHA
10000157,BENEFICIARIO 00157,001000000157,PEN,125.11,BINPPEPLXXX,PAGO PROVEEDOR 00157,OUR
10000158,BENEFICIARIO 00158,001000000158,PEN,125.84,SCBLPEPLXXX,PAGO PROVEEDOR 00158,BEN
10000159,BENEFICIARIO 00159,001000000159,PEN,126.57,CITIPEPLXXX,PAGO PROVEEDOR 00159,SHA
10000160,BENEFICIARIO 00160,001000000160,USD,127.30,BCPLPEPLXXX,PAGO PROVEEDOR 00160,OUR
10000161,BENEFICIARIO 00161,001000000161,PEN,128.03,BINPPEPLXXX,PAGO PROVEEDOR 00161,BEN
10000162,BENEFICIARIO 00162,001000000162,PEN,128.76,SCBLPEPLXXX,PAGO PROVEEDOR 00162,SHA
10000163,BENEFICIARIO 00163,001000000163,PEN,129.49,CITIPEPLXXX,PAGO PROVEEDOR 00163,OUR
10000164,BENEFICIARIO 00164,001000000164,PEN,130.22,BCPLPEPLXXX,PAGO PROVEEDOR 00164,BEN
10000165,BENEFICIARIO 00165,001000000165,USD,130.95,BINPPEPLXXX,PAGO PROVEEDOR 00165,SHA
10000166,BENEFICIARIO 00166,001000000166,PEN,131.68,SCBLPEPLXXX,PAGO PROVEEDOR 00166,OUR
10000167,BENEFICIARIO 00167,001000000167,PEN,132.41,CITIPEPLXXX,PAGO PROVEEDOR 00167,BEN
10000168,BENEFICIARIO 00168,001000000168,PEN,133.14,BCPLPEPLXXX,PAGO PROVEEDOR 00168,SHA
10000169,BENEFICIARIO 00169,001000000169,PEN,133.87,BINPPEPLXXX,PAGO PROVEEDOR 00169,OUR
10000170,BENEFICIARIO 00170,001000000170,USD,134.60,SCBLPEPLXXX,PAGO PROVEEDOR 00170,BEN
10000171,BENEFICIARIO 00171,001000000171,PEN,135.33,CITIPEPLXXX,PAGO PROVEEDOR 00171,SHA
10000172,BENEFICIARIO 00172,001000000172,PEN,136.06,BCPLPEPLXXX,PAGO PROVEEDOR 00172,OUR
10000173,BENEFICIARIO 00173,001000000173,PEN,136.79,BINPPEPLXXX,PAGO PROVEEDOR 00173,BEN
10000174,BENEFICIARIO 00174,001000000174,PEN,137.52,SCBLPEPLXXX,PAGO PROVEEDOR 00174,SHA
10000175,BENEFICIARIO 00175,001000000175,USD,138.25,CITIPEPLXXX,PAGO PROVEEDOR 00175,OUR
10000176,BENEFICIARIO 00176,001000000176,PEN,138.98,BCPLPEPLXXX,PAGO PROVEEDOR 00176,BEN
10000177,BENEFICIARIO 00177,001000000177,PEN,139.71,BINPPEPLXXX,PAGO PROVEEDOR 00177,SHA
10000178,BENEFICIARIO 00178,001000000178,PEN,140.44,SCBLPEPLXXX,PAGO PROVEEDOR 00178,OUR
10000179,BENEFICIARIO 00179,001000000179,PEN,141.17,CITIPEPLXXX,PAGO PROVEEDOR 00179,BEN
10000180,BENEFICIARIO 00180,001000000180,USD,141.90,BCPLPEPLXXX,PAGO PROVEEDOR 00180,SHA
10000181,BENEFICIARIO 00181,001000000181,PEN,142.63,BINPPEPLXXX,PAGO PROVEEDOR 00181,OUR
10000182,BENEFICIARIO 00182,001000000182,PEN,143.36,SCBLPEPLXXX,PAGO PROVEEDOR 00182,BEN
10000183,BENEFICIARIO 00183,001000000183,PEN,144.09,CITIPEPLXXX,PAGO PROVEEDOR 00183,SHA
10000184,BENEFICIARIO 00184,001000000184,PEN,144.82,BCPLPEPLXXX,PAGO PROVEEDOR 00184,OUR
10000185,BENEFICIARIO 00185,001000000185,USD,145.55,BINPPEPLXXX,PAGO PROVEEDOR 00185,BEN
10000186,BENEFICIARIO 00186,001000000186,PEN,146.28,SCBLPEPLXXX,PAGO PROVEEDOR 00186,SHA
10000187,BENEFICIARIO 00187,001000000187,PEN,147.01,CITIPEPLXXX,PAGO PROVEEDOR 00187,OUR
10000188,BENEFICIARIO 00188,001000000188,PEN,147.74,BCPLPEPLXXX,PAGO PROVEEDOR 00188,BEN
10000189,BENEFICIARIO 00189,001000000189,PEN,148.47,BINPPEPLXXX,PAGO PROVEEDOR 00189,SHA
10000190,BENEFICIARIO 00190,001000000190,USD,149.20,SCBLPEPLXXX,PAGO PROVEEDOR 00190,OUR
10000191,BENEFICIARIO 00191,001000000191,PEN,149.93,CITIPEPLXXX,PAGO PROVEEDOR 00191,BEN
10000192,BENEFICIARIO 00192,001000000192,PEN,150.66,BCPLPEPLXXX,PAGO PROVEEDOR 00192,SHA
10000193,BENEFICIARIO 00193,001000000193,PEN,151.39,BINPPEPLXXX,PAGO PROVEEDOR 00193,OUR
10000194,BENEFICIARIO 00194,001000000194,PEN,152.12,SCBLPEPLXXX,PAGO PROVEEDOR 00194,BEN
10000195,BENEFICIARIO 00195,001000000195,USD,152.85,CITIPEPLXXX,PAGO PROVEEDOR 00195,SHA
10000196,BENEFICIARIO 00196,001000000196,PEN,153.58,BCPLPEPLXXX,PAGO PROVEEDOR 00196,OUR
10000197,BENEFICIARIO 00197,001000000197,PEN,154.31,BINPPEPLXXX,PAGO PROVEEDOR 00197,BEN
10000198,BENEFICIARIO 00198,001000000198,PEN,155.04,SCBLPEPLXXX,PAGO PROVEEDOR 00198,SHA
10000199,BENEFICIARIO 00199,001000000199,PEN,155.77,CITIPEPLXXX,PAGO PROVEEDOR 00199,OUR
10000200,BENEFICIARIO 00200,001000000200,USD,156.50,BCPLPEPLXXX,PAGO PROVEEDOR 00200,BEN
10000201,BENEFICIARIO 00201,001000000201,PEN,157.23,BINPPEPLXXX,PAGO PROVEEDOR 00201,SHA
10000202,BENEFICIARIO 00202,001000000202,PEN,157.96,SCBLPEPLXXX,PAGO PROVEEDOR 00202,OUR
10000203,BENEFICIARIO 00203,001000000203,PEN,158.69,CITIPEPLXXX,PAGO PROVEEDOR 00203,BEN
10000204,BENEFICIARIO 00204,001000000204,PEN,159.42,BCPLPEPLXXX,PAGO PROVEEDOR 00204,SHA
10000205,BENEFICIARIO 00205,001000000205,USD,160.15,BINPPEPLXXX,PAGO PROVEEDOR 00205,OUR
10000206,BENEFICIARIO 00206,001000000206,PEN,160.88,SCBLPEPLXXX,PAGO PROVEEDOR 00206,BEN
10000207,BENEFICIARIO 00207,001000000207,PEN,161.61,CITIPEPLXXX,PAGO PROVEEDOR 00207,SHA
10000208,BENEFICIARIO 00208,001000000208,PEN,162.34,BCPLPEPLXXX,PAGO PROVEEDOR 00208,OUR
10000209,BENEFICIARIO 00209,001000000209,PEN,163.07,BINPPEPLXXX,PAGO PROVEEDOR 00209,BEN
10000210,BENEFICIARIO 00210,001000000210,USD,163.80,SCBLPEPLXXX,PAGO PROVEEDOR 00210,SHA
10000211,BENEFICIARIO 00211,001000000211,PEN,164.53,CITIPEPLXXX,PAGO PROVEEDOR 00211,OUR
10000212,BENEFICIARIO 00212,001000000212,PEN,165.26,BCPLPEPLXXX,PAGO PROVEEDOR 00212,BEN
10000213,BENEFICIARIO 00213,001000000213,PEN,165.99,BINPPEPLXXX,PAGO PROVEEDOR 00213,SHA
10000214,BENEFICIARIO 00214,001000000214,PEN,166.72,SCBLPEPLXXX,PAGO PROVEEDOR 00214,OUR
10000215,BENEFICIARIO 00215,001000000215,USD,167.45,CITIPEPLXXX,PAGO PROVEEDOR 00215,BEN
10000216,BENEFICIARIO 00216,001000000216,PEN,168.18,BCPLPEPLXXX,PAGO PROVEEDOR 00216,SHA
10000217,BENEFICIARIO 00217,001000000217,PEN,168.91,BINPPEPLXXX,PAGO PROVEEDOR 00217,OUR
10000218,BENEFICIARIO 00218,001000000218,PEN,169.64,SCBLPEPLXXX,PAGO PROVEEDOR 00218,BEN
10000219,BENEFICIARIO 00219,001000000219,PEN,170.37,CITIPEPLXXX,PAGO PROVEEDOR 00219,SHA
10000220,BENEFICIARIO 00220,001000000220,USD,171.10,BCPLPEPLXXX,PAGO PROVEEDOR 00220,OUR
10000221,BENEFICIARIO 00221,001000000221,PEN,171.83,BINPPEPLXXX,PAGO PROVEEDOR 00221,BEN
10000222,BENEFICIARIO 00222,001000000222,PEN,172.56,SCBLPEPLXXX,PAGO PROVEEDOR 00222,SHA
10000223,BENEFICIARIO 00223,001000000223,PEN,173.29,CITIPEPLXXX,PAGO PROVEEDOR 00223,OUR
10000224,BENEFICIARIO 00224,001000000224,PEN,174.02,BCPLPEPLXXX,PAGO PROVEEDOR 00224,BEN
10000225,BENEFICIARIO 00225,001000000225,USD,174.75,BINPPEPLXXX,PAGO PROVEEDOR 00225,SHA
10000226,BENEFICIARIO 00226,001000000226,PEN,175.48,SCBLPEPLXXX,PAGO PROVEEDOR 00226,OUR
10000227,BENEFICIARIO 00227,001000000227,PEN,176.21,CITIPEPLXXX,PAGO PROVEEDOR 00227,BEN
10000228,BENEFICIARIO 00228,001000000228,PEN,176.94,BCPLPEPLXXX,PAGO PROVEEDOR 00228,SHA
10000229,BENEFICIARIO 00229,001000000229,PEN,177.67,BINPPEPLXXX,PAGO PROVEEDOR 00229,OUR
10000230,BENEFICIARIO 00230,001000000230,USD,178.40,SCBLPEPLXXX,PAGO PROVEEDOR 00230,BEN
10000231,BENEFICIARIO 00231,001000000231,PEN,179.13,CITIPEPLXXX,PAGO PROVEEDOR 00231,SHA
10000232,BENEFICIARIO 00232,001000000232,PEN,179.86,BCPLPEPLXXX,PAGO PROVEEDOR 00232,OUR
10000233,BENEFICIARIO 00233,001000000233,PEN,180.59,BINPPEPLXXX,PAGO PROVEEDOR 00233,BEN
10000234,BENEFICIARIO 00234,001000000234,PEN,181.32,SCBLPEPLXXX,PAGO PROVEEDOR 00234,SHA
10000235,BENEFICIARIO 00235,001000000235,USD,182.05,CITIPEPLXXX,PAGO PROVEEDOR 00235,OUR
10000236,BENEFICIARIO 00236,001000000236,PEN,182.78,BCPLPEPLXXX,PAGO PROVEEDOR 00236,BEN
10000237,BENEFICIARIO 00237,001000000237,PEN,183.51,BINPPEPLXXX,PAGO PROVEEDOR 00237,SHA
10000238,BENEFICIARIO 00238,001000000238,PEN,184.24,SCBLPEPLXXX,PAGO PROVEEDOR 00238,OUR
10000239,BENEFICIARIO 00239,001000000239,PEN,184.97,CITIPEPLXXX,PAGO PROVEEDOR 00239,BEN
10000240,BENEFICIARIO 00240,001000000240,USD,185.70,BCPLPEPLXXX,PAGO PROVEEDOR 00240,SHA
10000241,BENEFICIARIO 00241,001000000241,PEN,186.43,BINPPEPLXXX,PAGO PROVEEDOR 00241,OUR
10000242,BENEFICIARIO 00242,001000000242,PEN,187.16,SCBLPEPLXXX,PAGO PROVEEDOR 00242,BEN
10000243,BENEFICIARIO 00243,001000000243,PEN,187.89,CITIPEPLXXX,PAGO PROVEEDOR 00243,SHA
10000244,BENEFICIARIO 00244,001000000244,PEN,188.62,BCPLPEPLXXX,PAGO PROVEEDOR 00244,OUR
10000245,BENEFICIARIO 00245,001000000245,USD,189.35,BINPPEPLXXX,PAGO PROVEEDOR 00245,BEN
10000246,BENEFICIARIO 00246,001000000246,PEN,190.08,SCBLPEPLXXX,PAGO PROVEEDOR 00246,SHA
10000247,BENEFICIARIO 00247,001000000247,PEN,190.81,CITIPEPLXXX,PAGO PROVEEDOR 00247,OUR
10000248,BENEFICIARIO 00248,001000000248,PEN,191.54,BCPLPEPLXXX,PAGO PROVEEDOR 00248,BEN
10000249,BENEFICIARIO 00249,001000000249,PEN,192.27,BINPPEPLXXX,PAGO PROVEEDOR 00249,SHA
10000250,BENEFICIARIO 00250,001000000250,USD,193.00,SCBLPEPLXXX,PAGO PROVEEDOR 00250,OUR
10000251,BENEFICIARIO 00251,001000000251,PEN,193.73,CITIPEPLXXX,PAGO PROVEEDOR 00251,BEN
10000252,BENEFICIARIO 00252,001000000252,PEN,194.46,BCPLPEPLXXX,PAGO PROVEEDOR 00252,SHA
10000253,BENEFICIARIO 00253,001000000253,PEN,195.19,BINPPEPLXXX,PAGO PROVEEDOR 00253,OUR
10000254,BENEFICIARIO 00254,001000000254,PEN,195.92,SCBLPEPLXXX,PAGO PROVEEDOR 00254,BEN
10000255,BENEFICIARIO 00255,001000000255,USD,196.65,CITIPEPLXXX,PAGO PROVEEDOR 00255,SHA
10000256,BENEFICIARIO 00256,001000000256,PEN,197.38,BCPLPEPLXXX,PAGO PROVEEDOR 00256,OUR
10000257,BENEFICIARIO 00257,001000000257,PEN,198.11,BINPPEPLXXX,PAGO PROVEEDOR 00257,BEN
10000258,BENEFICIARIO 00258,001000000258,PEN,198.84,SCBLPEPLXXX,PAGO PROVEEDOR 00258,SHA
10000259,BENEFICIARIO 00259,001000000259,PEN,199.57,CITIPEPLXXX,PAGO PROVEEDOR 00259,OUR
10000260,BENEFICIARIO 00260,001000000260,USD,200.30,BCPLPEPLXXX,PAGO PROVEEDOR 00260,BEN
10000261,BENEFICIARIO 00261,001000000261,PEN,201.03,BINPPEPLXXX,PAGO PROVEEDOR 00261,SHA
10000262,BENEFICIARIO 00262,001000000262,PEN,201.76,SCBLPEPLXXX,PAGO PROVEEDOR 00262,OUR
10000263,BENEFICIARIO 00263,001000000263,PEN,202.49,CITIPEPLXXX,PAGO PROVEEDOR 00263,BEN
10000264,BENEFICIARIO 00264,001000000264,PEN,203.22,BCPLPEPLXXX,PAGO PROVEEDOR 00264,SHA
10000265,BENEFICIARIO 00265,001000000265,USD,203.95,BINPPEPLXXX,PAGO PROVEEDOR 00265,OUR
10000266,BENEFICIARIO 00266,001000000266,PEN,204.68,SCBLPEPLXXX,PAGO PROVEEDOR 00266,BEN
10000267,BENEFICIARIO 00267,001000000267,PEN,205.41,CITIPEPLXXX,PAGO PROVEEDOR 00267,SHA
10000268,BENEFICIARIO 00268,001000000268,PEN,206.14,BCPLPEPLXXX,PAGO PROVEEDOR 00268,OUR
10000269,BENEFICIARIO 00269,001000000269,PEN,206.87,BINPPEPLXXX,PAGO PROVEEDOR 00269,BEN
10000270,BENEFICIARIO 00270,001000000270,USD,207.60,SCBLPEPLXXX,PAGO PROVEEDOR 00270,SHA
10000271,BENEFICIARIO 00271,001000000271,PEN,208.33,CITIPEPLXXX,PAGO PROVEEDOR 00271,OUR
10000272,BENEFICIARIO 00272,001000000272,PEN,209.06,BCPLPEPLXXX,PAGO PROVEEDOR 00272,BEN
10000273,BENEFICIARIO 00273,001000000273,PEN,209.79,BINPPEPLXXX,PAGO PROVEEDOR 00273,SHA
10000274,BENEFICIARIO 00274,001000000274,PEN,210.52,SCBLPEPLXXX,PAGO PROVEEDOR 00274,OUR
10000275,BENEFICIARIO 00275,001000000275,USD,211.25,CITIPEPLXXX,PAGO PROVEEDOR 00275,BEN
10000276,BENEFICIARIO 00276,001000000276,PEN,211.98,BCPLPEPLXXX,PAGO PROVEEDOR 00276,SHA
10000277,BENEFICIARIO 00277,001000000277,PEN,212.71,BINPPEPLXXX,PAGO PROVEEDOR 00277,OUR
10000278,BENEFICIARIO 00278,001000000278,PEN,213.44,SCBLPEPLXXX,PAGO PROVEEDOR 00278,BEN
10000279,BENEFICIARIO 00279,001000000279,PEN,214.17,CITIPEPLXXX,PAGO PROVEEDOR 00279,SHA
10000280,BENEFICIARIO 00280,001000000280,USD,214.90,BCPLPEPLXXX,PAGO PROVEEDOR 00280,OUR
10000281,BENEFICIARIO 00281,001000000281,PEN,215.63,BINPPEPLXXX,PAGO PROVEEDOR 00281,BEN
10000282,BENEFICIARIO 00282,001000000282,PEN,216.36,SCBLPEPLXXX,PAGO PROVEEDOR 00282,SHA
10000283,BENEFICIARIO 00283,001000000283,PEN,217.09,CITIPEPLXXX,PAGO PROVEEDOR 00283,OUR
10000284,BENEFICIARIO 00284,001000000284,PEN,217.82,BCPLPEPLXXX,PAGO PROVEEDOR 00284,BEN
10000285,BENEFICIARIO 00285,001000000285,USD,218.55,BINPPEPLXXX,PAGO PROVEEDOR 00285,SHA
10000286,BENEFICIARIO 00286,001000000286,PEN,219.28,SCBLPEPLXXX,PAGO PROVEEDOR 00286,OUR
10000287,BENEFICIARIO 00287,001000000287,PEN,220.01,CITIPEPLXXX,PAGO PROVEEDOR 00287,BEN
10000288,BENEFICIARIO 00288,001000000288,PEN,220.74,BCPLPEPLXXX,PAGO PROVEEDOR 00288,SHA
10000289,BENEFICIARIO 00289,001000000289,PEN,221.47,BINPPEPLXXX,PAGO PROVEEDOR 00289,OUR
10000290,BENEFICIARIO 00290,001000000290,USD,222.20,SCBLPEPLXXX,PAGO PROVEEDOR 00290,BEN
10000291,BENEFICIARIO 00291,001000000291,PEN,222.93,CITIPEPLXXX,PAGO PROVEEDOR 00291,SHA
10000292,BENEFICIARIO 00292,001000000292,PEN,223.66,BCPLPEPLXXX,PAGO PROVEEDOR 00292,OUR
10000293,BENEFICIARIO 00293,001000000293,PEN,224.39,BINPPEPLXXX,PAGO PROVEEDOR 00293,BEN
10000294,BENEFICIARIO 00294,001000000294,PEN,225.12,SCBLPEPLXXX,PAGO PROVEEDOR 00294,SHA
10000295,BENEFICIARIO 00295,001000000295,USD,225.85,CITIPEPLXXX,PAGO PROVEEDOR 00295,OUR
10000296,BENEFICIARIO 00296,001000000296,PEN,226.58,BCPLPEPLXXX,PAGO PROVEEDOR 00296,BEN
10000297,BENEFICIARIO 00297,001000000297,PEN,227.31,BINPPEPLXXX,PAGO PROVEEDOR 00297,SHA
10000298,BENEFICIARIO 00298,001000000298,PEN,228.04,SCBLPEPLXXX,PAGO PROVEEDOR 00298,OUR
10000299,BENEFICIARIO 00299,001000000299,PEN,228.77,CITIPEPLXXX,PAGO PROVEEDOR 00299,BEN
10000300,BENEFICIARIO 00300,001000000300,USD,229.50,BCPLPEPLXXX,PAGO PROVEEDOR 00300,SHA
10000301,BENEFICIARIO 00301,001000000301,PEN,230.23,BINPPEPLXXX,PAGO PROVEEDOR 00301,OUR
10000302,BENEFICIARIO 00302,001000000302,PEN,230.96,SCBLPEPLXXX,PAGO PROVEEDOR 00302,BEN
10000303,BENEFICIARIO 00303,001000000303,PEN,231.69,CITIPEPLXXX,PAGO PROVEEDOR 00303,SHA
10000304,BENEFICIARIO 00304,001000000304,PEN,232.42,BCPLPEPLXXX,PAGO PROVEEDOR 00304,OUR
10000305,BENEFICIARIO 00305,001000000305,USD,233.15,BINPPEPLXXX,PAGO PROVEEDOR 00305,BEN
10000306,BENEFICIARIO 00306,001000000306,PEN,233.88,SCBLPEPLXXX,PAGO PROVEEDOR 00306,SHA
10000307,BENEFICIARIO 00307,001000000307,PEN,234.61,CITIPEPLXXX,PAGO PROVEEDOR 00307,OUR
10000308,BENEFICIARIO 00308,001000000308,PEN,235.34,BCPLPEPLXXX,PAGO PROVEEDOR 00308,BEN
10000309,BENEFICIARIO 00309,001000000309,PEN,236.07,BINPPEPLXXX,PAGO PROVEEDOR 00309,SHA
10000310,BENEFICIARIO 00310,001000000310,USD,236.80,SCBLPEPLXXX,PAGO PROVEEDOR 00310,OUR
10000311,BENEFICIARIO 00311,001000000311,PEN,237.53,CITIPEPLXXX,PAGO PROVEEDOR 00311,BEN
10000312,BENEFICIARIO 00312,001000000312,PEN,238.26,BCPLPEPLXXX,PAGO PROVEEDOR 00312,SHA
10000313,BENEFICIARIO 00313,001000000313,PEN,238.99,BINPPEPLXXX,PAGO PROVEEDOR 00313,OUR
10000314,BENEFICIARIO 00314,001000000314,PEN,239.72,SCBLPEPLXXX,PAGO PROVEEDOR 00314,BEN
10000315,BENEFICIARIO 00315,001000000315,USD,240.45,CITIPEPLXXX,PAGO PROVEEDOR 00315,SHA
10000316,BENEFICIARIO 00316,001000000316,PEN,241.18,BCPLPEPLXXX,PAGO PROVEEDOR 00316,OUR
10000317,BENEFICIARIO 00317,001000000317,PEN,241.91,BINPPEPLXXX,PAGO PROVEEDOR 00317,BEN
10000318,BENEFICIARIO 00318,001000000318,PEN,242.64,SCBLPEPLXXX,PAGO PROVEEDOR 00318,SHA
10000319,BENEFICIARIO 00319,001000000319,PEN,243.37,CITIPEPLXXX,PAGO PROVEEDOR 00319,OUR
10000320,BENEFICIARIO 00320,001000000320,USD,244.10,BCPLPEPLXXX,PAGO PROVEEDOR 00320,BEN
10000321,BENEFICIARIO 00321,001000000321,PEN,244.83,BINPPEPLXXX,PAGO PROVEEDOR 00321,SHA
10000322,BENEFICIARIO 00322,001000000322,PEN,245.56,SCBLPEPLXXX,PAGO PROVEEDOR 00322,OUR
10000323,BENEFICIARIO 00323,001000000323,PEN,246.29,CITIPEPLXXX,PAGO PROVEEDOR 00323,BEN
10000324,BENEFICIARIO 00324,001000000324,PEN,247.02,BCPLPEPLXXX,PAGO PROVEEDOR 00324,SHA
10000325,BENEFICIARIO 00325,001000000325,USD,247.75,BINPPEPLXXX,PAGO PROVEEDOR 00325,OUR
10000326,BENEFICIARIO 00326,001000000326,PEN,248.48,SCBLPEPLXXX,PAGO PROVEEDOR 00326,BEN
10000327,BENEFICIARIO 00327,001000000327,PEN,249.21,CITIPEPLXXX,PAGO PROVEEDOR 00327,SHA
10000328,BENEFICIARIO 00328,001000000328,PEN,249.94,BCPLPEPLXXX,PAGO PROVEEDOR 00328,OUR
10000329,BENEFICIARIO 00329,001000000329,PEN,250.67,BINPPEPLXXX,PAGO PROVEEDOR 00329,BEN
10000330,BENEFICIARIO 00330,001000000330,USD,251.40,SCBLPEPLXXX,PAGO PROVEEDOR 00330,SHA
10000331,BENEFICIARIO 00331,001000000331,PEN,252.13,CITIPEPLXXX,PAGO PROVEEDOR 00331,OUR
10000332,BENEFICIARIO 00332,001000000332,PEN,252.86,BCPLPEPLXXX,PAGO PROVEEDOR 00332,BEN
10000333,BENEFICIARIO 00333,001000000333,PEN,253.59,BINPPEPLXXX,PAGO PROVEEDOR 00333,SHA
10000334,BENEFICIARIO 00334,001000000334,PEN,254.32,SCBLPEPLXXX,PAGO PROVEEDOR 00334,OUR
10000335,BENEFICIARIO 00335,001000000335,USD,255.05,CITIPEPLXXX,PAGO PROVEEDOR 00335,BEN
10000336,BENEFICIARIO 00336,001000000336,PEN,255.78,BCPLPEPLXXX,PAGO PROVEEDOR 00336,SHA
10000337,BENEFICIARIO 00337,001000000337,PEN,256.51,BINPPEPLXXX,PAGO PROVEEDOR 00337,OUR
10000338,BENEFICIARIO 00338,001000000338,PEN,257.24,SCBLPEPLXXX,PAGO PROVEEDOR 00338,BEN
10000339,BENEFICIARIO 00339,001000000339,PEN,257.97,CITIPEPLXXX,PAGO PROVEEDOR 00339,SHA
10000340,BENEFICIARIO 00340,001000000340,USD,258.70,BCPLPEPLXXX,PAGO PROVEEDOR 00340,OUR
10000341,BENEFICIARIO 00341,001000000341,PEN,259.43,BINPPEPLXXX,PAGO PROVEEDOR 00341,BEN
10000342,BENEFICIARIO 00342,001000000342,PEN,260.16,SCBLPEPLXXX,PAGO PROVEEDOR 00342,SHA
10000343,BENEFICIARIO 00343,001000000343,PEN,260.89,CITIPEPLXXX,PAGO PROVEEDOR 00343,OUR
10000344,BENEFICIARIO 00344,001000000344,PEN,261.62,BCPLPEPLXXX,PAGO PROVEEDOR 00344,BEN
10000345,BENEFICIARIO 00345,001000000345,USD,262.35,BINPPEPLXXX,PAGO PROVEEDOR 00345,SHA
10000346,BENEFICIARIO 00346,001000000346,PEN,263.08,SCBLPEPLXXX,PAGO PROVEEDOR 00346,OUR
10000347,BENEFICIARIO 00347,001000000347,PEN,263.81,CITIPEPLXXX,PAGO PROVEEDOR 00347,BEN
10000348,BENEFICIARIO 00348,001000000348,PEN,264.54,BCPLPEPLXXX,PAGO PROVEEDOR 00348,SHA
10000349,BENEFICIARIO 00349,001000000349,PEN,265.27,BINPPEPLXXX,PAGO PROVEEDOR 00349,OUR
10000350,BENEFICIARIO 00350,001000000350,USD,266.00,SCBLPEPLXXX,PAGO PROVEEDOR 00350,BEN
10000351,BENEFICIARIO 00351,001000000351,PEN,266.73,CITIPEPLXXX,PAGO PROVEEDOR 00351,SHA
10000352,BENEFICIARIO 00352,001000000352,PEN,267.46,BCPLPEPLXXX,PAGO PROVEEDOR 00352,OUR
10000353,BENEFICIARIO 00353,001000000353,PEN,268.19,BINPPEPLXXX,PAGO PROVEEDOR 00353,BEN
10000354,BENEFICIARIO 00354,001000000354,PEN,268.92,SCBLPEPLXXX,PAGO PROVEEDOR 00354,SHA
10000355,BENEFICIARIO 00355,001000000355,USD,269.65,CITIPEPLXXX,PAGO PROVEEDOR 00355,OUR
10000356,BENEFICIARIO 00356,001000000356,PEN,270.38,BCPLPEPLXXX,PAGO PROVEEDOR 00356,BEN
10000357,BENEFICIARIO 00357,001000000357,PEN,271.11,BINPPEPLXXX,PAGO PROVEEDOR 00357,SHA
10000358,BENEFICIARIO 00358,001000000358,PEN,271.84,SCBLPEPLXXX,PAGO PROVEEDOR 00358,OUR
10000359,BENEFICIARIO 00359,001000000359,PEN,272.57,CITIPEPLXXX,PAGO PROVEEDOR 00359,BEN
10000360,BENEFICIARIO 00360,001000000360,USD,273.30,BCPLPEPLXXX,PAGO PROVEEDOR 00360,SHA
10000361,BENEFICIARIO 00361,001000000361,PEN,274.03,BINPPEPLXXX,PAGO PROVEEDOR 00361,OUR
10000362,BENEFICIARIO 00362,001000000362,PEN,274.76,SCBLPEPLXXX,PAGO PROVEEDOR 00362,BEN
10000363,BENEFICIARIO 00363,001000000363,PEN,275.49,CITIPEPLXXX,PAGO PROVEEDOR 00363,SHA
10000364,BENEFICIARIO 00364,001000000364,PEN,276.22,BCPLPEPLXXX,PAGO PROVEEDOR 00364,OUR
10000365,BENEFICIARIO 00365,001000000365,USD,276.95,BINPPEPLXXX,PAGO PROVEEDOR 00365,BEN
10000366,BENEFICIARIO 00366,001000000366,PEN,277.68,SCBLPEPLXXX,PAGO PROVEEDOR 00366,SHA
10000367,BENEFICIARIO 00367,001000000367,PEN,278.41,CITIPEPLXXX,PAGO PROVEEDOR 00367,OUR
10000368,BENEFICIARIO 00368,001000000368,PEN,279.14,BCPLPEPLXXX,PAGO PROVEEDOR 00368,BEN
10000369,BENEFICIARIO 00369,001000000369,PEN,279.87,BINPPEPLXXX,PAGO PROVEEDOR 00369,SHA
10000370,BENEFICIARIO 00370,001000000370,USD,280.60,SCBLPEPLXXX,PAGO PROVEEDOR 00370,OUR
10000371,BENEFICIARIO 00371,001000000371,PEN,281.33,CITIPEPLXXX,PAGO PROVEEDOR 00371,BEN
10000372,BENEFICIARIO 00372,001000000372,PEN,282.06,BCPLPEPLXXX,PAGO PROVEEDOR 00372,SHA
10000373,BENEFICIARIO 00373,001000000373,PEN,282.79,BINPPEPLXXX,PAGO PROVEEDOR 00373,OUR
10000374,BENEFICIARIO 00374,001000000374,PEN,283.52,SCBLPEPLXXX,PAGO PROVEEDOR 00374,BEN
10000375,BENEFICIARIO 00375,001000000375,USD,284.25,CITIPEPLXXX,PAGO PROVEEDOR 00375,SHA
10000376,BENEFICIARIO 00376,001000000376,PEN,284.98,BCPLPEPLXXX,PAGO PROVEEDOR 00376,OUR
10000377,BENEFICIARIO 00377,001000000377,PEN,285.71,BINPPEPLXXX,PAGO PROVEEDOR 00377,BEN
10000378,BENEFICIARIO 00378,001000000378,PEN,286.44,SCBLPEPLXXX,PAGO PROVEEDOR 00378,SHA
10000379,BENEFICIARIO 00379,001000000379,PEN,287.17,CITIPEPLXXX,PAGO PROVEEDOR 00379,OUR
10000380,BENEFICIARIO 00380,001000000380,USD,287.90,BCPLPEPLXXX,PAGO PROVEEDOR 00380,BEN
10000381,BENEFICIARIO 00381,001000000381,PEN,288.63,BINPPEPLXXX,PAGO PROVEEDOR 00381,SHA
10000382,BENEFICIARIO 00382,001000000382,PEN,289.36,SCBLPEPLXXX,PAGO PROVEEDOR 00382,OUR
10000383,BENEFICIARIO 00383,001000000383,PEN,290.09,CITIPEPLXXX,PAGO PROVEEDOR 00383,BEN
10000384,BENEFICIARIO 00384,001000000384,PEN,290.82,BCPLPEPLXXX,PAGO PROVEEDOR 00384,SHA
10000385,BENEFICIARIO 00385,001000000385,USD,291.55,BINPPEPLXXX,PAGO PROVEEDOR 00385,OUR
10000386,BENEFICIARIO 00386,001000000386,PEN,292.28,SCBLPEPLXXX,PAGO PROVEEDOR 00386,BEN
10000387,BENEFICIARIO 00387,001000000387,PEN,293.01,CITIPEPLXXX,PAGO PROVEEDOR 00387,SHA
10000388,BENEFICIARIO 00388,001000000388,PEN,293.74,BCPLPEPLXXX,PAGO PROVEEDOR 00388,OUR
10000389,BENEFICIARIO 00389,001000000389,PEN,294.47,BINPPEPLXXX,PAGO PROVEEDOR 00389,BEN
10000390,BENEFICIARIO 00390,001000000390,USD,295.20,SCBLPEPLXXX,PAGO PROVEEDOR 00390,SHA
10000391,BENEFICIARIO 00391,001000000391,PEN,295.93,CITIPEPLXXX,PAGO PROVEEDOR 00391,OUR
10000392,BENEFICIARIO 00392,001000000392,PEN,296.66,BCPLPEPLXXX,PAGO PROVEEDOR 00392,BEN
10000393,BENEFICIARIO 00393,001000000393,PEN,297.39,BINPPEPLXXX,PAGO PROVEEDOR 00393,SHA
10000394,BENEFICIARIO 00394,001000000394,PEN,298.12,SCBLPEPLXXX,PAGO PROVEEDOR 00394,OUR
10000395,BENEFICIARIO 00395,001000000395,USD,298.85,CITIPEPLXXX,PAGO PROVEEDOR 00395,BEN
10000396,BENEFICIARIO 00396,001000000396,PEN,299.58,BCPLPEPLXXX,PAGO PROVEEDOR 00396,SHA
10000397,BENEFICIARIO 00397,001000000397,PEN,300.31,BINPPEPLXXX,PAGO PROVEEDOR 00397,OUR
10000398,BENEFICIARIO 00398,001000000398,PEN,301.04,SCBLPEPLXXX,PAGO PROVEEDOR 00398,BEN
10000399,BENEFICIARIO 00399,001000000399,PEN,301.77,CITIPEPLXXX,PAGO PROVEEDOR 00399,SHA
10000400,BENEFICIARIO 00400,001000000400,USD,302.50,BCPLPEPLXXX,PAGO PROVEEDOR 00400,OUR
10000401,BENEFICIARIO 00401,001000000401,PEN,303.23,BINPPEPLXXX,PAGO PROVEEDOR 00401,BEN
10000402,BENEFICIARIO 00402,001000000402,PEN,303.96,SCBLPEPLXXX,PAGO PROVEEDOR 00402,SHA
10000403,BENEFICIARIO 00403,001000000403,PEN,304.69,CITIPEPLXXX,PAGO PROVEEDOR 00403,OUR
10000404,BENEFICIARIO 00404,001000000404,PEN,305.42,BCPLPEPLXXX,PAGO PROVEEDOR 00404,BEN
10000405,BENEFICIARIO 00405,001000000405,USD,306.15,BINPPEPLXXX,PAGO PROVEEDOR 00405,SHA
10000406,BENEFICIARIO 00406,001000000406,PEN,306.88,SCBLPEPLXXX,PAGO PROVEEDOR 00406,OUR
10000407,BENEFICIARIO 00407,001000000407,PEN,307.61,CITIPEPLXXX,PAGO PROVEEDOR 00407,BEN
10000408,BENEFICIARIO 00408,001000000408,PEN,308.34,BCPLPEPLXXX,PAGO PROVEEDOR 00408,SHA
10000409,BENEFICIARIO 00409,001000000409,PEN,309.07,BINPPEPLXXX,PAGO PROVEEDOR 00409,OUR
10000410,BENEFICIARIO 00410,001000000410,USD,309.80,SCBLPEPLXXX,PAGO PROVEEDOR 00410,BEN
10000411,BENEFICIARIO 00411,001000000411,PEN,310.53,CITIPEPLXXX,PAGO PROVEEDOR 00411,SHA
10000412,BENEFICIARIO 00412,001000000412,PEN,311.26,BCPLPEPLXXX,PAGO PROVEEDOR 00412,OUR
10000413,BENEFICIARIO 00413,001000000413,PEN,311.99,BINPPEPLXXX,PAGO PROVEEDOR 00413,BEN
10000414,BENEFICIARIO 00414,001000000414,PEN,312.72,SCBLPEPLXXX,PAGO PROVEEDOR 00414,SHA
10000415,BENEFICIARIO 00415,001000000415,USD,313.45,CITIPEPLXXX,PAGO PROVEEDOR 00415,OUR
10000416,BENEFICIARIO 00416,001000000416,PEN,314.18,BCPLPEPLXXX,PAGO PROVEEDOR 00416,BEN
10000417,BENEFICIARIO 00417,001000000417,PEN,314.91,BINPPEPLXXX,PAGO PROVEEDOR 00417,SHA
10000418,BENEFICIARIO 00418,001000000418,PEN,315.64,SCBLPEPLXXX,PAGO PROVEEDOR 00418,OUR
10000419,BENEFICIARIO 00419,001000000419,PEN,316.37,CITIPEPLXXX,PAGO PROVEEDOR 00419,BEN
10000420,BENEFICIARIO 00420,001000000420,USD,317.10,BCPLPEPLXXX,PAGO PROVEEDOR 00420,SHA
10000421,BENEFICIARIO 00421,001000000421,PEN,317.83,BINPPEPLXXX,PAGO PROVEEDOR 00421,OUR
10000422,BENEFICIARIO 00422,001000000422,PEN,318.56,SCBLPEPLXXX,PAGO PROVEEDOR 00422,BEN
10000423,BENEFICIARIO 00423,001000000423,PEN,319.29,CITIPEPLXXX,PAGO PROVEEDOR 00423,SHA
10000424,BENEFICIARIO 00424,001000000424,PEN,320.02,BCPLPEPLXXX,PAGO PROVEEDOR 00424,OUR
10000425,BENEFICIARIO 00425,001000000425,USD,320.75,BINPPEPLXXX,PAGO PROVEEDOR 00425,BEN
10000426,BENEFICIARIO 00426,001000000426,PEN,321.48,SCBLPEPLXXX,PAGO PROVEEDOR 00426,SHA
10000427,BENEFICIARIO 00427,001000000427,PEN,322.21,CITIPEPLXXX,PAGO PROVEEDOR 00427,OUR
10000428,BENEFICIARIO 00428,001000000428,PEN,322.94,BCPLPEPLXXX,PAGO PROVEEDOR 00428,BEN
10000429,BENEFICIARIO 00429,001000000429,PEN,323.67,BINPPEPLXXX,PAGO PROVEEDOR 00429,SHA
10000430,BENEFICIARIO 00430,001000000430,USD,324.40,SCBLPEPLXXX,PAGO PROVEEDOR 00430,OUR
10000431,BENEFICIARIO 00431,001000000431,PEN,325.13,CITIPEPLXXX,PAGO PROVEEDOR 00431,BEN
10000432,BENEFICIARIO 00432,001000000432,PEN,325.86,BCPLPEPLXXX,PAGO PROVEEDOR 00432,SHA
10000433,BENEFICIARIO 00433,001000000433,PEN,326.59,BINPPEPLXXX,PAGO PROVEEDOR 00433,OUR
10000434,BENEFICIARIO 00434,001000000434,PEN,327.32,SCBLPEPLXXX,PAGO PROVEEDOR 00434,BEN
10000435,BENEFICIARIO 00435,001000000435,USD,328.05,CITIPEPLXXX,PAGO PROVEEDOR 00435,SHA
10000436,BENEFICIARIO 00436,001000000436,PEN,328.78,BCPLPEPLXXX,PAGO PROVEEDOR 00436,OUR
10000437,BENEFICIARIO 00437,001000000437,PEN,329.51,BINPPEPLXXX,PAGO PROVEEDOR 00437,BEN
10000438,BENEFICIARIO 00438,001000000438,PEN,330.24,SCBLPEPLXXX,PAGO PROVEEDOR 00438,SHA
10000439,BENEFICIARIO 00439,001000000439,PEN,330.97,CITIPEPLXXX,PAGO PROVEEDOR 00439,OUR
10000440,BENEFICIARIO 00440,001000000440,USD,331.70,BCPLPEPLXXX,PAGO PROVEEDOR 00440,BEN
10000441,BENEFICIARIO 00441,001000000441,PEN,332.43,BINPPEPLXXX,PAGO PROVEEDOR 00441,SHA
10000442,BENEFICIARIO 00442,001000000442,PEN,333.16,SCBLPEPLXXX,PAGO PROVEEDOR 00442,OUR
10000443,BENEFICIARIO 00443,001000000443,PEN,333.89,CITIPEPLXXX,PAGO PROVEEDOR 00443,BEN
10000444,BENEFICIARIO 00444,001000000444,PEN,334.62,BCPLPEPLXXX,PAGO PROVEEDOR 00444,SHA
10000445,BENEFICIARIO 00445,001000000445,USD,335.35,BINPPEPLXXX,PAGO PROVEEDOR 00445,OUR
10000446,BENEFICIARIO 00446,001000000446,PEN,336.08,SCBLPEPLXXX,PAGO PROVEEDOR 00446,BEN
10000447,BENEFICIARIO 00447,001000000447,PEN,336.81,CITIPEPLXXX,PAGO PROVEEDOR 00447,SHA
10000448,BENEFICIARIO 00448,001000000448,PEN,337.54,BCPLPEPLXXX,PAGO PROVEEDOR 00448,OUR
10000449,BENEFICIARIO 00449,001000000449,PEN,338.27,BINPPEPLXXX,PAGO PROVEEDOR 00449,BEN
10000450,BENEFICIARIO 00450,001000000450,USD,339.00,SCBLPEPLXXX,PAGO PROVEEDOR 00450,SHA
10000451,BENEFICIARIO 00451,001000000451,PEN,339.73,CITIPEPLXXX,PAGO PROVEEDOR 00451,OUR
10000452,BENEFICIARIO 00452,001000000452,PEN,340.46,BCPLPEPLXXX,PAGO PROVEEDOR 00452,BEN
10000453,BENEFICIARIO 00453,001000000453,PEN,341.19,BINPPEPLXXX,PAGO PROVEEDOR 00453,SHA
10000454,BENEFICIARIO 00454,001000000454,PEN,341.92,SCBLPEPLXXX,PAGO PROVEEDOR 00454,OUR
10000455,BENEFICIARIO 00455,001000000455,USD,342.65,CITIPEPLXXX,PAGO PROVEEDOR 00455,BEN
10000456,BENEFICIARIO 00456,001000000456,PEN,343.38,BCPLPEPLXXX,PAGO PROVEEDOR 00456,SHA
10000457,BENEFICIARIO 00457,001000000457,PEN,344.11,BINPPEPLXXX,PAGO PROVEEDOR 00457,OUR
10000458,BENEFICIARIO 00458,001000000458,PEN,344.84,SCBLPEPLXXX,PAGO PROVEEDOR 00458,BEN
10000459,BENEFICIARIO 00459,001000000459,PEN,345.57,CITIPEPLXXX,PAGO PROVEEDOR 00459,SHA
10000460,BENEFICIARIO 00460,001000000460,USD,346.30,BCPLPEPLXXX,PAGO PROVEEDOR 00460,OUR
10000461,BENEFICIARIO 00461,001000000461,PEN,347.03,BINPPEPLXXX,PAGO PROVEEDOR 00461,BEN
10000462,BENEFICIARIO 00462,001000000462,PEN,347.76,SCBLPEPLXXX,PAGO PROVEEDOR 00462,SHA
10000463,BENEFICIARIO 00463,001000000463,PEN,348.49,CITIPEPLXXX,PAGO PROVEEDOR 00463,OUR
10000464,BENEFICIARIO 00464,001000000464,PEN,349.22,BCPLPEPLXXX,PAGO PROVEEDOR 00464,BEN
10000465,BENEFICIARIO 00465,001000000465,USD,349.95,BINPPEPLXXX,PAGO PROVEEDOR 00465,SHA
10000466,BENEFICIARIO 00466,001000000466,PEN,350.68,SCBLPEPLXXX,PAGO PROVEEDOR 00466,OUR
10000467,BENEFICIARIO 00467,001000000467,PEN,351.41,CITIPEPLXXX,PAGO PROVEEDOR 00467,BEN
10000468,BENEFICIARIO 00468,001000000468,PEN,352.14,BCPLPEPLXXX,PAGO PROVEEDOR 00468,SHA
10000469,BENEFICIARIO 00469,001000000469,PEN,352.87,BINPPEPLXXX,PAGO PROVEEDOR 00469,OUR
10000470,BENEFICIARIO 00470,001000000470,USD,353.60,SCBLPEPLXXX,PAGO PROVEEDOR 00470,BEN
10000471,BENEFICIARIO 00471,001000000471,PEN,354.33,CITIPEPLXXX,PAGO PROVEEDOR 00471,SHA
10000472,BENEFICIARIO 00472,001000000472,PEN,355.06,BCPLPEPLXXX,PAGO PROVEEDOR 00472,OUR
10000473,BENEFICIARIO 00473,001000000473,PEN,355.79,BINPPEPLXXX,PAGO PROVEEDOR 00473,BEN
10000474,BENEFICIARIO 00474,001000000474,PEN,356.52,SCBLPEPLXXX,PAGO PROVEEDOR 00474,SHA
10000475,BENEFICIARIO 00475,001000000475,USD,357.25,CITIPEPLXXX,PAGO PROVEEDOR 00475,OUR
10000476,BENEFICIARIO 00476,001000000476,PEN,357.98,BCPLPEPLXXX,PAGO PROVEEDOR 00476,BEN
10000477,BENEFICIARIO 00477,001000000477,PEN,358.71,BINPPEPLXXX,PAGO PROVEEDOR 00477,SHA
10000478,BENEFICIARIO 00478,001000000478,PEN,359.44,SCBLPEPLXXX,PAGO PROVEEDOR 00478,OUR
10000479,BENEFICIARIO 00479,001000000479,PEN,360.17,CITIPEPLXXX,PAGO PROVEEDOR 00479,BEN
10000480,BENEFICIARIO 00480,001000000480,USD,360.90,BCPLPEPLXXX,PAGO PROVEEDOR 00480,SHA
10000481,BENEFICIARIO 00481,001000000481,PEN,361.63,BINPPEPLXXX,PAGO PROVEEDOR 00481,OUR
10000482,BENEFICIARIO 00482,001000000482,PEN,362.36,SCBLPEPLXXX,PAGO PROVEEDOR 00482,BEN
10000483,BENEFICIARIO 00483,001000000483,PEN,363.09,CITIPEPLXXX,PAGO PROVEEDOR 00483,SHA
10000484,BENEFICIARIO 00484,001000000484,PEN,363.82,BCPLPEPLXXX,PAGO PROVEEDOR 00484,OUR
10000485,BENEFICIARIO 00485,001000000485,USD,364.55,BINPPEPLXXX,PAGO PROVEEDOR 00485,BEN
10000486,BENEFICIARIO 00486,001000000486,PEN,365.28,SCBLPEPLXXX,PAGO PROVEEDOR 00486,SHA
10000487,BENEFICIARIO 00487,001000000487,PEN,366.01,CITIPEPLXXX,PAGO PROVEEDOR 00487,OUR
10000488,BENEFICIARIO 00488,001000000488,PEN,366.74,BCPLPEPLXXX,PAGO PROVEEDOR 00488,BEN
10000489,BENEFICIARIO 00489,001000000489,PEN,367.47,BINPPEPLXXX,PAGO PROVEEDOR 00489,SHA
10000490,BENEFICIARIO 00490,001000000490,USD,368.20,SCBLPEPLXXX,PAGO PROVEEDOR 00490,OUR
10000491,BENEFICIARIO 00491,001000000491,PEN,368.93,CITIPEPLXXX,PAGO PROVEEDOR 00491,BEN
10000492,BENEFICIARIO 00492,001000000492,PEN,369.66,BCPLPEPLXXX,PAGO PROVEEDOR 00492,SHA
10000493,BENEFICIARIO 00493,001000000493,PEN,370.39,BINPPEPLXXX,PAGO PROVEEDOR 00493,OUR
10000494,BENEFICIARIO 00494,001000000494,PEN,371.12,SCBLPEPLXXX,PAGO PROVEEDOR 00494,BEN
10000495,BENEFICIARIO 00495,001000000495,USD,371.85,CITIPEPLXXX,PAGO PROVEEDOR 00495,SHA
10000496,BENEFICIARIO 00496,001000000496,PEN,372.58,BCPLPEPLXXX,PAGO PROVEEDOR 00496,OUR
10000497,BENEFICIARIO 00497,001000000497,PEN,373.31,BINPPEPLXXX,PAGO PROVEEDOR 00497,BEN
10000498,BENEFICIARIO 00498,001000000498,PEN,374.04,SCBLPEPLXXX,PAGO PROVEEDOR 00498,SHA
10000499,BENEFICIARIO 00499,001000000499,PEN,374.77,CITIPEPLXXX,PAGO PROVEEDOR 00499,OUR
10000500,BENEFICIARIO 00500,001000000500,USD,375.50,BCPLPEPLXXX,PAGO PROVEEDOR 00500,BEN
10000501,BENEFICIARIO 00501,001000000501,PEN,376.23,BINPPEPLXXX,PAGO PROVEEDOR 00501,SHA
10000502,BENEFICIARIO 00502,001000000502,PEN,376.96,SCBLPEPLXXX,PAGO PROVEEDOR 00502,OUR
10000503,BENEFICIARIO 00503,001000000503,PEN,377.69,CITIPEPLXXX,PAGO PROVEEDOR 00503,BEN
10000504,BENEFICIARIO 00504,001000000504,PEN,378.42,BCPLPEPLXXX,PAGO PROVEEDOR 00504,SHA
10000505,BENEFICIARIO 00505,001000000505,USD,379.15,BINPPEPLXXX,PAGO PROVEEDOR 00505,OUR
10000506,BENEFICIARIO 00506,001000000506,PEN,379.88,SCBLPEPLXXX,PAGO PROVEEDOR 00506,BEN
10000507,BENEFICIARIO 00507,001000000507,PEN,380.61,CITIPEPLXXX,PAGO PROVEEDOR 00507,SHA
10000508,BENEFICIARIO 00508,001000000508,PEN,381.34,BCPLPEPLXXX,PAGO PROVEEDOR 00508,OUR
10000509,BENEFICIARIO 00509,001000000509,PEN,382.07,BINPPEPLXXX,PAGO PROVEEDOR 00509,BEN
10000510,BENEFICIARIO 00510,001000000510,USD,382.80,SCBLPEPLXXX,PAGO PROVEEDOR 00510,SHA
10000511,BENEFICIARIO 00511,001000000511,PEN,383.53,CITIPEPLXXX,PAGO PROVEEDOR 00511,OUR
10000512,BENEFICIARIO 00512,001000000512,PEN,384.26,BCPLPEPLXXX,PAGO PROVEEDOR 00512,BEN
10000513,BENEFICIARIO 00513,001000000513,PEN,384.99,BINPPEPLXXX,PAGO PROVEEDOR 00513,SHA
10000514,BENEFICIARIO 00514,001000000514,PEN,385.72,SCBLPEPLXXX,PAGO PROVEEDOR 00514,OUR
10000515,BENEFICIARIO 00515,001000000515,USD,386.45,CITIPEPLXXX,PAGO PROVEEDOR 00515,BEN
10000516,BENEFICIARIO 00516,001000000516,PEN,387.18,BCPLPEPLXXX,PAGO PROVEEDOR 00516,SHA
10000517,BENEFICIARIO 00517,001000000517,PEN,387.91,BINPPEPLXXX,PAGO PROVEEDOR 00517,OUR
10000518,BENEFICIARIO 00518,001000000518,PEN,388.64,SCBLPEPLXXX,PAGO PROVEEDOR 00518,BEN
10000519,BENEFICIARIO 00519,001000000519,PEN,389.37,CITIPEPLXXX,PAGO PROVEEDOR 00519,SHA
10000520,BENEFICIARIO 00520,001000000520,USD,390.10,BCPLPEPLXXX,PAGO PROVEEDOR 00520,OUR
10000521,BENEFICIARIO 00521,001000000521,PEN,390.83,BINPPEPLXXX,PAGO PROVEEDOR 00521,BEN
10000522,BENEFICIARIO 00522,001000000522,PEN,391.56,SCBLPEPLXXX,PAGO PROVEEDOR 00522,SHA
10000523,BENEFICIARIO 00523,001000000523,PEN,392.29,CITIPEPLXXX,PAGO PROVEEDOR 00523,OUR
10000524,BENEFICIARIO 00524,001000000524,PEN,393.02,BCPLPEPLXXX,PAGO PROVEEDOR 00524,BEN
10000525,BENEFICIARIO 00525,001000000525,USD,393.75,BINPPEPLXXX,PAGO PROVEEDOR 00525,SHA
10000526,BENEFICIARIO 00526,001000000526,PEN,394.48,SCBLPEPLXXX,PAGO PROVEEDOR 00526,OUR
10000527,BENEFICIARIO 00527,001000000527,PEN,395.21,CITIPEPLXXX,PAGO PROVEEDOR 00527,BEN
10000528,BENEFICIARIO 00528,001000000528,PEN,395.94,BCPLPEPLXXX,PAGO PROVEEDOR 00528,SHA
10000529,BENEFICIARIO 00529,001000000529,PEN,396.67,BINPPEPLXXX,PAGO PROVEEDOR 00529,OUR
10000530,BENEFICIARIO 00530,001000000530,USD,397.40,SCBLPEPLXXX,PAGO PROVEEDOR 00530,BEN
10000531,BENEFICIARIO 00531,001000000531,PEN,398.13,CITIPEPLXXX,PAGO PROVEEDOR 00531,SHA
10000532,BENEFICIARIO 00532,001000000532,PEN,398.86,BCPLPEPLXXX,PAGO PROVEEDOR 00532,OUR
10000533,BENEFICIARIO 00533,001000000533,PEN,399.59,BINPPEPLXXX,PAGO PROVEEDOR 00533,BEN
10000534,BENEFICIARIO 00534,001000000534,PEN,400.32,SCBLPEPLXXX,PAGO PROVEEDOR 00534,SHA
10000535,BENEFICIARIO 00535,001000000535,USD,401.05,CITIPEPLXXX,PAGO PROVEEDOR 00535,OUR
10000536,BENEFICIARIO 00536,001000000536,PEN,401.78,BCPLPEPLXXX,PAGO PROVEEDOR 00536,BEN
10000537,BENEFICIARIO 00537,001000000537,PEN,402.51,BINPPEPLXXX,PAGO PROVEEDOR 00537,SHA
10000538,BENEFICIARIO 00538,001000000538,PEN,403.24,SCBLPEPLXXX,PAGO PROVEEDOR 00538,OUR
10000539,BENEFICIARIO 00539,001000000539,PEN,403.97,CITIPEPLXXX,PAGO PROVEEDOR 00539,BEN
10000540,BENEFICIARIO 00540,001000000540,USD,404.70,BCPLPEPLXXX,PAGO PROVEEDOR 00540,SHA
10000541,BENEFICIARIO 00541,001000000541,PEN,405.43,BINPPEPLXXX,PAGO PROVEEDOR 00541,OUR
10000542,BENEFICIARIO 00542,001000000542,PEN,406.16,SCBLPEPLXXX,PAGO PROVEEDOR 00542,BEN
10000543,BENEFICIARIO 00543,001000000543,PEN,406.89,CITIPEPLXXX,PAGO PROVEEDOR 00543,SHA
10000544,BENEFICIARIO 00544,001000000544,PEN,407.62,BCPLPEPLXXX,PAGO PROVEEDOR 00544,OUR
10000545,BENEFICIARIO 00545,001000000545,USD,408.35,BINPPEPLXXX,PAGO PROVEEDOR 00545,BEN
10000546,BENEFICIARIO 00546,001000000546,PEN,409.08,SCBLPEPLXXX,PAGO PROVEEDOR 00546,SHA
10000547,BENEFICIARIO 00547,001000000547,PEN,409.81,CITIPEPLXXX,PAGO PROVEEDOR 00547,OUR
10000548,BENEFICIARIO 00548,001000000548,PEN,410.54,BCPLPEPLXXX,PAGO PROVEEDOR 00548,BEN
10000549,BENEFICIARIO 00549,001000000549,PEN,411.27,BINPPEPLXXX,PAGO PROVEEDOR 00549,SHA
10000550,BENEFICIARIO 00550,001000000550,USD,412.00,SCBLPEPLXXX,PAGO PROVEEDOR 00550,OUR
10000551,BENEFICIARIO 00551,001000000551,PEN,412.73,CITIPEPLXXX,PAGO PROVEEDOR 00551,BEN
10000552,BENEFICIARIO 00552,001000000552,PEN,413.46,BCPLPEPLXXX,PAGO PROVEEDOR 00552,SHA
10000553,BENEFICIARIO 00553,001000000553,PEN,414.19,BINPPEPLXXX,PAGO PROVEEDOR 00553,OUR
10000554,BENEFICIARIO 00554,001000000554,PEN,414.92,SCBLPEPLXXX,PAGO PROVEEDOR 00554,BEN
10000555,BENEFICIARIO 00555,001000000555,USD,415.65,CITIPEPLXXX,PAGO PROVEEDOR 00555,SHA
10000556,BENEFICIARIO 00556,001000000556,PEN,416.38,BCPLPEPLXXX,PAGO PROVEEDOR 00556,OUR
10000557,BENEFICIARIO 00557,001000000557,PEN,417.11,BINPPEPLXXX,PAGO PROVEEDOR 00557,BEN
10000558,BENEFICIARIO 00558,001000000558,PEN,417.84,SCBLPEPLXXX,PAGO PROVEEDOR 00558,SHA
10000559,BENEFICIARIO 00559,001000000559,PEN,418.57,CITIPEPLXXX,PAGO PROVEEDOR 00559,OUR
10000560,BENEFICIARIO 00560,001000000560,USD,419.30,BCPLPEPLXXX,PAGO PROVEEDOR 00560,BEN
10000561,BENEFICIARIO 00561,001000000561,PEN,420.03,BINPPEPLXXX,PAGO PROVEEDOR 00561,SHA
10000562,BENEFICIARIO 00562,001000000562,PEN,420.76,SCBLPEPLXXX,PAGO PROVEEDOR 00562,OUR
10000563,BENEFICIARIO 00563,001000000563,PEN,421.49,CITIPEPLXXX,PAGO PROVEEDOR 00563,BEN
10000564,BENEFICIARIO 00564,001000000564,PEN,422.22,BCPLPEPLXXX,PAGO PROVEEDOR 00564,SHA
10000565,BENEFICIARIO 00565,001000000565,USD,422.95,BINPPEPLXXX,PAGO PROVEEDOR 00565,OUR
10000566,BENEFICIARIO 00566,001000000566,PEN,423.68,SCBLPEPLXXX,PAGO PROVEEDOR 00566,BEN
10000567,BENEFICIARIO 00567,001000000567,PEN,424.41,CITIPEPLXXX,PAGO PROVEEDOR 00567,SHA
10000568,BENEFICIARIO 00568,001000000568,PEN,425.14,BCPLPEPLXXX,PAGO PROVEEDOR 00568,OUR
10000569,BENEFICIARIO 00569,001000000569,PEN,425.87,BINPPEPLXXX,PAGO PROVEEDOR 00569,BEN
10000570,BENEFICIARIO 00570,001000000570,USD,426.60,SCBLPEPLXXX,PAGO PROVEEDOR 00570,SHA
10000571,BENEFICIARIO 00571,001000000571,PEN,427.33,CITIPEPLXXX,PAGO PROVEEDOR 00571,OUR
10000572,BENEFICIARIO 00572,001000000572,PEN,428.06,BCPLPEPLXXX,PAGO PROVEEDOR 00572,BEN
10000573,BENEFICIARIO 00573,001000000573,PEN,428.79,BINPPEPLXXX,PAGO PROVEEDOR 00573,SHA
10000574,BENEFICIARIO 00574,001000000574,PEN,429.52,SCBLPEPLXXX,PAGO PROVEEDOR 00574,OUR
10000575,BENEFICIARIO 00575,001000000575,USD,430.25,CITIPEPLXXX,PAGO PROVEEDOR 00575,BEN
10000576,BENEFICIARIO 00576,001000000576,PEN,430.98,BCPLPEPLXXX,PAGO PROVEEDOR 00576,SHA
10000577,BENEFICIARIO 00577,001000000577,PEN,431.71,BINPPEPLXXX,PAGO PROVEEDOR 00577,OUR
10000578,BENEFICIARIO 00578,001000000578,PEN,432.44,SCBLPEPLXXX,PAGO PROVEEDOR 00578,BEN
10000579,BENEFICIARIO 00579,001000000579,PEN,433.17,CITIPEPLXXX,PAGO PROVEEDOR 00579,SHA
10000580,BENEFICIARIO 00580,001000000580,USD,433.90,BCPLPEPLXXX,PAGO PROVEEDOR 00580,OUR
10000581,BENEFICIARIO 00581,001000000581,PEN,434.63,BINPPEPLXXX,PAGO PROVEEDOR 00581,BEN
10000582,BENEFICIARIO 00582,001000000582,PEN,435.36,SCBLPEPLXXX,PAGO PROVEEDOR 00582,SHA
10000583,BENEFICIARIO 00583,001000000583,PEN,436.09,CITIPEPLXXX,PAGO PROVEEDOR 00583,OUR
10000584,BENEFICIARIO 00584,001000000584,PEN,436.82,BCPLPEPLXXX,PAGO PROVEEDOR 00584,BEN
10000585,BENEFICIARIO 00585,001000000585,USD,437.55,BINPPEPLXXX,PAGO PROVEEDOR 00585,SHA
10000586,BENEFICIARIO 00586,001000000586,PEN,438.28,SCBLPEPLXXX,PAGO PROVEEDOR 00586,OUR
10000587,BENEFICIARIO 00587,001000000587,PEN,439.01,CITIPEPLXXX,PAGO PROVEEDOR 00587,BEN
10000588,BENEFICIARIO 00588,001000000588,PEN,439.74,BCPLPEPLXXX,PAGO PROVEEDOR 00588,SHA
10000589,BENEFICIARIO 00589,001000000589,PEN,440.47,BINPPEPLXXX,PAGO PROVEEDOR 00589,OUR
10000590,BENEFICIARIO 00590,001000000590,USD,441.20,SCBLPEPLXXX,PAGO PROVEEDOR 00590,BEN
10000591,BENEFICIARIO 00591,001000000591,PEN,441.93,CITIPEPLXXX,PAGO PROVEEDOR 00591,SHA
10000592,BENEFICIARIO 00592,001000000592,PEN,442.66,BCPLPEPLXXX,PAGO PROVEEDOR 00592,OUR
10000593,BENEFICIARIO 00593,001000000593,PEN,443.39,BINPPEPLXXX,PAGO PROVEEDOR 00593,BEN
10000594,BENEFICIARIO 00594,001000000594,PEN,444.12,SCBLPEPLXXX,PAGO PROVEEDOR 00594,SHA
10000595,BENEFICIARIO 00595,001000000595,USD,444.85,CITIPEPLXXX,PAGO PROVEEDOR 00595,OUR
10000596,BENEFICIARIO 00596,001000000596,PEN,445.58,BCPLPEPLXXX,PAGO PROVEEDOR 00596,BEN
10000597,BENEFICIARIO 00597,001000000597,PEN,446.31,BINPPEPLXXX,PAGO PROVEEDOR 00597,SHA
10000598,BENEFICIARIO 00598,001000000598,PEN,447.04,SCBLPEPLXXX,PAGO PROVEEDOR 00598,OUR
10000599,BENEFICIARIO 00599,001000000599,PEN,447.77,CITIPEPLXXX,PAGO PROVEEDOR 00599,BEN
10000600,BENEFICIARIO 00600,001000000600,USD,448.50,BCPLPEPLXXX,PAGO PROVEEDOR 00600,SHA
10000601,BENEFICIARIO 00601,001000000601,PEN,449.23,BINPPEPLXXX,PAGO PROVEEDOR 00601,OUR
10000602,BENEFICIARIO 00602,001000000602,PEN,449.96,SCBLPEPLXXX,PAGO PROVEEDOR 00602,BEN
10000603,BENEFICIARIO 00603,001000000603,PEN,450.69,CITIPEPLXXX,PAGO PROVEEDOR 00603,SHA
10000604,BENEFICIARIO 00604,001000000604,PEN,451.42,BCPLPEPLXXX,PAGO PROVEEDOR 00604,OUR
10000605,BENEFICIARIO 00605,001000000605,USD,452.15,BINPPEPLXXX,PAGO PROVEEDOR 00605,BEN
10000606,BENEFICIARIO 00606,001000000606,PEN,452.88,SCBLPEPLXXX,PAGO PROVEEDOR 00606,SHA
10000607,BENEFICIARIO 00607,001000000607,PEN,453.61,CITIPEPLXXX,PAGO PROVEEDOR 00607,OUR
10000608,BENEFICIARIO 00608,001000000608,PEN,454.34,BCPLPEPLXXX,PAGO PROVEEDOR 00608,BEN
10000609,BENEFICIARIO 00609,001000000609,PEN,455.07,BINPPEPLXXX,PAGO PROVEEDOR 00609,SHA
10000610,BENEFICIARIO 00610,001000000610,USD,455.80,SCBLPEPLXXX,PAGO PROVEEDOR 00610,OUR
10000611,BENEFICIARIO 00611,001000000611,PEN,456.53,CITIPEPLXXX,PAGO PROVEEDOR 00611,BEN
10000612,BENEFICIARIO 00612,001000000612,PEN,457.26,BCPLPEPLXXX,PAGO PROVEEDOR 00612,SHA
10000613,BENEFICIARIO 00613,001000000613,PEN,457.99,BINPPEPLXXX,PAGO PROVEEDOR 00613,OUR
10000614,BENEFICIARIO 00614,001000000614,PEN,458.72,SCBLPEPLXXX,PAGO PROVEEDOR 00614,BEN
10000615,BENEFICIARIO 00615,001000000615,USD,459.45,CITIPEPLXXX,PAGO PROVEEDOR 00615,SHA
10000616,BENEFICIARIO 00616,001000000616,PEN,460.18,BCPLPEPLXXX,PAGO PROVEEDOR 00616,OUR
10000617,BENEFICIARIO 00617,001000000617,PEN,460.91,BINPPEPLXXX,PAGO PROVEEDOR 00617,BEN
10000618,BENEFICIARIO 00618,001000000618,PEN,461.64,SCBLPEPLXXX,PAGO PROVEEDOR 00618,SHA
10000619,BENEFICIARIO 00619,001000000619,PEN,462.37,CITIPEPLXXX,PAGO PROVEEDOR 00619,OUR
10000620,BENEFICIARIO 00620,001000000620,USD,463.10,BCPLPEPLXXX,PAGO PROVEEDOR 00620,BEN
10000621,BENEFICIARIO 00621,001000000621,PEN,463.83,BINPPEPLXXX,PAGO PROVEEDOR 00621,SHA
10000622,BENEFICIARIO 00622,001000000622,PEN,464.56,SCBLPEPLXXX,PAGO PROVEEDOR 00622,OUR
10000623,BENEFICIARIO 00623,001000000623,PEN,465.29,CITIPEPLXXX,PAGO PROVEEDOR 00623,BEN
10000624,BENEFICIARIO 00624,001000000624,PEN,466.02,BCPLPEPLXXX,PAGO PROVEEDOR 00624,SHA
10000625,BENEFICIARIO 00625,001000000625,USD,466.75,BINPPEPLXXX,PAGO PROVEEDOR 00625,OUR
10000626,BENEFICIARIO 00626,001000000626,PEN,467.48,SCBLPEPLXXX,PAGO PROVEEDOR 00626,BEN
10000627,BENEFICIARIO 00627,001000000627,PEN,468.21,CITIPEPLXXX,PAGO PROVEEDOR 00627,SHA
10000628,BENEFICIARIO 00628,001000000628,PEN,468.94,BCPLPEPLXXX,PAGO PROVEEDOR 00628,OUR
10000629,BENEFICIARIO 00629,001000000629,PEN,469.67,BINPPEPLXXX,PAGO PROVEEDOR 00629,BEN
10000630,BENEFICIARIO 00630,001000000630,USD,470.40,SCBLPEPLXXX,PAGO PROVEEDOR 00630,SHA
10000631,BENEFICIARIO 00631,001000000631,PEN,471.13,CITIPEPLXXX,PAGO PROVEEDOR 00631,OUR
10000632,BENEFICIARIO 00632,001000000632,PEN,471.86,BCPLPEPLXXX,PAGO PROVEEDOR 00632,BEN
10000633,BENEFICIARIO 00633,001000000633,PEN,472.59,BINPPEPLXXX,PAGO PROVEEDOR 00633,SHA
10000634,BENEFICIARIO 00634,001000000634,PEN,473.32,SCBLPEPLXXX,PAGO PROVEEDOR 00634,OUR
10000635,BENEFICIARIO 00635,001000000635,USD,474.05,CITIPEPLXXX,PAGO PROVEEDOR 00635,BEN
10000636,BENEFICIARIO 00636,001000000636,PEN,474.78,BCPLPEPLXXX,PAGO PROVEEDOR 00636,SHA
10000637,BENEFICIARIO 00637,001000000637,PEN,475.51,BINPPEPLXXX,PAGO PROVEEDOR 00637,OUR
10000638,BENEFICIARIO 00638,001000000638,PEN,476.24,SCBLPEPLXXX,PAGO PROVEEDOR 00638,BEN
10000639,BENEFICIARIO 00639,001000000639,PEN,476.97,CITIPEPLXXX,PAGO PROVEEDOR 00639,SHA
10000640,BENEFICIARIO 00640,001000000640,USD,477.70,BCPLPEPLXXX,PAGO PROVEEDOR 00640,OUR
10000641,BENEFICIARIO 00641,001000000641,PEN,478.43,BINPPEPLXXX,PAGO PROVEEDOR 00641,BEN
10000642,BENEFICIARIO 00642,001000000642,PEN,479.16,SCBLPEPLXXX,PAGO PROVEEDOR 00642,SHA
10000643,BENEFICIARIO 00643,001000000643,PEN,479.89,CITIPEPLXXX,PAGO PROVEEDOR 00643,OUR
10000644,BENEFICIARIO 00644,001000000644,PEN,480.62,BCPLPEPLXXX,PAGO PROVEEDOR 00644,BEN
10000645,BENEFICIARIO 00645,001000000645,USD,481.35,BINPPEPLXXX,PAGO PROVEEDOR 00645,SHA
10000646,BENEFICIARIO 00646,001000000646,PEN,482.08,SCBLPEPLXXX,PAGO PROVEEDOR 00646,OUR
10000647,BENEFICIARIO 00647,001000000647,PEN,482.81,CITIPEPLXXX,PAGO PROVEEDOR 00647,BEN
10000648,BENEFICIARIO 00648,001000000648,PEN,483.54,BCPLPEPLXXX,PAGO PROVEEDOR 00648,SHA
10000649,BENEFICIARIO 00649,001000000649,PEN,484.27,BINPPEPLXXX,PAGO PROVEEDOR 00649,OUR
10000650,BENEFICIARIO 00650,001000000650,USD,485.00,SCBLPEPLXXX,PAGO PROVEEDOR 00650,BEN
10000651,BENEFICIARIO 00651,001000000651,PEN,485.73,CITIPEPLXXX,PAGO PROVEEDOR 00651,SHA
10000652,BENEFICIARIO 00652,001000000652,PEN,486.46,BCPLPEPLXXX,PAGO PROVEEDOR 00652,OUR
10000653,BENEFICIARIO 00653,001000000653,PEN,487.19,BINPPEPLXXX,PAGO PROVEEDOR 00653,BEN
10000654,BENEFICIARIO 00654,001000000654,PEN,487.92,SCBLPEPLXXX,PAGO PROVEEDOR 00654,SHA
10000655,BENEFICIARIO 00655,001000000655,USD,488.65,CITIPEPLXXX,PAGO PROVEEDOR 00655,OUR
10000656,BENEFICIARIO 00656,001000000656,PEN,489.38,BCPLPEPLXXX,PAGO PROVEEDOR 00656,BEN
10000657,BENEFICIARIO 00657,001000000657,PEN,490.11,BINPPEPLXXX,PAGO PROVEEDOR 00657,SHA
10000658,BENEFICIARIO 00658,001000000658,PEN,490.84,SCBLPEPLXXX,PAGO PROVEEDOR 00658,OUR
10000659,BENEFICIARIO 00659,001000000659,PEN,491.57,CITIPEPLXXX,PAGO PROVEEDOR 00659,BEN
10000660,BENEFICIARIO 00660,001000000660,USD,492.30,BCPLPEPLXXX,PAGO PROVEEDOR 00660,SHA
10000661,BENEFICIARIO 00661,001000000661,PEN,493.03,BINPPEPLXXX,PAGO PROVEEDOR 00661,OUR
10000662,BENEFICIARIO 00662,001000000662,PEN,493.76,SCBLPEPLXXX,PAGO PROVEEDOR 00662,BEN
10000663,BENEFICIARIO 00663,001000000663,PEN,494.49,CITIPEPLXXX,PAGO PROVEEDOR 00663,SHA
10000664,BENEFICIARIO 00664,001000000664,PEN,495.22,BCPLPEPLXXX,PAGO PROVEEDOR 00664,OUR
10000665,BENEFICIARIO 00665,001000000665,USD,495.95,BINPPEPLXXX,PAGO PROVEEDOR 00665,BEN
10000666,BENEFICIARIO 00666,001000000666,PEN,496.68,SCBLPEPLXXX,PAGO PROVEEDOR 00666,SHA
10000667,BENEFICIARIO 00667,001000000667,PEN,497.41,CITIPEPLXXX,PAGO PROVEEDOR 00667,OUR
10000668,BENEFICIARIO 00668,001000000668,PEN,498.14,BCPLPEPLXXX,PAGO PROVEEDOR 00668,BEN
10000669,BENEFICIARIO 00669,001000000669,PEN,498.87,BINPPEPLXXX,PAGO PROVEEDOR 00669,SHA
10000670,BENEFICIARIO 00670,001000000670,USD,499.60,SCBLPEPLXXX,PAGO PROVEEDOR 00670,OUR
10000671,BENEFICIARIO 00671,001000000671,PEN,500.33,CITIPEPLXXX,PAGO PROVEEDOR 00671,BEN
10000672,BENEFICIARIO 00672,001000000672,PEN,501.06,BCPLPEPLXXX,PAGO PROVEEDOR 00672,SHA
10000673,BENEFICIARIO 00673,001000000673,PEN,501.79,BINPPEPLXXX,PAGO PROVEEDOR 00673,OUR
10000674,BENEFICIARIO 00674,001000000674,PEN,502.52,SCBLPEPLXXX,PAGO PROVEEDOR 00674,BEN
10000675,BENEFICIARIO 00675,001000000675,USD,503.25,CITIPEPLXXX,PAGO PROVEEDOR 00675,SHA
10000676,BENEFICIARIO 00676,001000000676,PEN,503.98,BCPLPEPLXXX,PAGO PROVEEDOR 00676,OUR
10000677,BENEFICIARIO 00677,001000000677,PEN,504.71,BINPPEPLXXX,PAGO PROVEEDOR 00677,BEN
10000678,BENEFICIARIO 00678,001000000678,PEN,505.44,SCBLPEPLXXX,PAGO PROVEEDOR 00678,SHA
10000679,BENEFICIARIO 00679,001000000679,PEN,506.17,CITIPEPLXXX,PAGO PROVEEDOR 00679,OUR
10000680,BENEFICIARIO 00680,001000000680,USD,506.90,BCPLPEPLXXX,PAGO PROVEEDOR 00680,BEN
10000681,BENEFICIARIO 00681,001000000681,PEN,507.63,BINPPEPLXXX,PAGO PROVEEDOR 00681,SHA
10000682,BENEFICIARIO 00682,001000000682,PEN,508.36,SCBLPEPLXXX,PAGO PROVEEDOR 00682,OUR
10000683,BENEFICIARIO 00683,001000000683,PEN,509.09,CITIPEPLXXX,PAGO PROVEEDOR 00683,BEN
10000684,BENEFICIARIO 00684,001000000684,PEN,509.82,BCPLPEPLXXX,PAGO PROVEEDOR 00684,SHA
10000685,BENEFICIARIO 00685,001000000685,USD,510.55,BINPPEPLXXX,PAGO PROVEEDOR 00685,OUR
10000686,BENEFICIARIO 00686,001000000686,PEN,511.28,SCBLPEPLXXX,PAGO PROVEEDOR 00686,BEN
10000687,BENEFICIARIO 00687,001000000687,PEN,512.01,CITIPEPLXXX,PAGO PROVEEDOR 00687,SHA
10000688,BENEFICIARIO 00688,001000000688,PEN,512.74,BCPLPEPLXXX,PAGO PROVEEDOR 00688,OUR
10000689,BENEFICIARIO 00689,001000000689,PEN,513.47,BINPPEPLXXX,PAGO PROVEEDOR 00689,BEN
10000690,BENEFICIARIO 00690,001000000690,USD,514.20,SCBLPEPLXXX,PAGO PROVEEDOR 00690,SHA
10000691,BENEFICIARIO 00691,001000000691,PEN,514.93,CITIPEPLXXX,PAGO PROVEEDOR 00691,OUR
10000692,BENEFICIARIO 00692,001000000692,PEN,515.66,BCPLPEPLXXX,PAGO PROVEEDOR 00692,BEN
10000693,BENEFICIARIO 00693,001000000693,PEN,516.39,BINPPEPLXXX,PAGO PROVEEDOR 00693,SHA
10000694,BENEFICIARIO 00694,001000000694,PEN,517.12,SCBLPEPLXXX,PAGO PROVEEDOR 00694,OUR
10000695,BENEFICIARIO 00695,001000000695,USD,517.85,CITIPEPLXXX,PAGO PROVEEDOR 00695,BEN
10000696,BENEFICIARIO 00696,001000000696,PEN,518.58,BCPLPEPLXXX,PAGO PROVEEDOR 00696,SHA
10000697,BENEFICIARIO 00697,001000000697,PEN,519.31,BINPPEPLXXX,PAGO PROVEEDOR 00697,OUR
10000698,BENEFICIARIO 00698,001000000698,PEN,520.04,SCBLPEPLXXX,PAGO PROVEEDOR 00698,BEN
10000699,BENEFICIARIO 00699,001000000699,PEN,520.77,CITIPEPLXXX,PAGO PROVEEDOR 00699,SHA
10000700,BENEFICIARIO 00700,001000000700,USD,521.50,BCPLPEPLXXX,PAGO PROVEEDOR 00700,OUR
10000701,BENEFICIARIO 00701,001000000701,PEN,522.23,BINPPEPLXXX,PAGO PROVEEDOR 00701,BEN
10000702,BENEFICIARIO 00702,001000000702,PEN,522.96,SCBLPEPLXXX,PAGO PROVEEDOR 00702,SHA
10000703,BENEFICIARIO 00703,001000000703,PEN,523.69,CITIPEPLXXX,PAGO PROVEEDOR 00703,OUR
10000704,BENEFICIARIO 00704,001000000704,PEN,524.42,BCPLPEPLXXX,PAGO PROVEEDOR 00704,BEN
10000705,BENEFICIARIO 00705,001000000705,USD,525.15,BINPPEPLXXX,PAGO PROVEEDOR 00705,SHA
10000706,BENEFICIARIO 00706,001000000706,PEN,525.88,SCBLPEPLXXX,PAGO PROVEEDOR 00706,OUR
10000707,BENEFICIARIO 00707,001000000707,PEN,526.61,CITIPEPLXXX,PAGO PROVEEDOR 00707,BEN
10000708,BENEFICIARIO 00708,001000000708,PEN,527.34,BCPLPEPLXXX,PAGO PROVEEDOR 00708,SHA
10000709,BENEFICIARIO 00709,001000000709,PEN,528.07,BINPPEPLXXX,PAGO PROVEEDOR 00709,OUR
10000710,BENEFICIARIO 00710,001000000710,USD,528.80,SCBLPEPLXXX,PAGO PROVEEDOR 00710,BEN
10000711,BENEFICIARIO 00711,001000000711,PEN,529.53,CITIPEPLXXX,PAGO PROVEEDOR 00711,SHA
10000712,BENEFICIARIO 00712,001000000712,PEN,530.26,BCPLPEPLXXX,PAGO PROVEEDOR 00712,OUR
10000713,BENEFICIARIO 00713,001000000713,PEN,530.99,BINPPEPLXXX,PAGO PROVEEDOR 00713,BEN
10000714,BENEFICIARIO 00714,001000000714,PEN,531.72,SCBLPEPLXXX,PAGO PROVEEDOR 00714,SHA
10000715,BENEFICIARIO 00715,001000000715,USD,532.45,CITIPEPLXXX,PAGO PROVEEDOR 00715,OUR
10000716,BENEFICIARIO 00716,001000000716,PEN,533.18,BCPLPEPLXXX,PAGO PROVEEDOR 00716,BEN
10000717,BENEFICIARIO 00717,001000000717,PEN,533.91,BINPPEPLXXX,PAGO PROVEEDOR 00717,SHA
10000718,BENEFICIARIO 00718,001000000718,PEN,534.64,SCBLPEPLXXX,PAGO PROVEEDOR 00718,OUR
10000719,BENEFICIARIO 00719,001000000719,PEN,535.37,CITIPEPLXXX,PAGO PROVEEDOR 00719,BEN
10000720,BENEFICIARIO 00720,001000000720,USD,536.10,BCPLPEPLXXX,PAGO PROVEEDOR 00720,SHA
10000721,BENEFICIARIO 00721,001000000721,PEN,536.83,BINPPEPLXXX,PAGO PROVEEDOR 00721,OUR
10000722,BENEFICIARIO 00722,001000000722,PEN,537.56,SCBLPEPLXXX,PAGO PROVEEDOR 00722,BEN
10000723,BENEFICIARIO 00723,001000000723,PEN,538.29,CITIPEPLXXX,PAGO PROVEEDOR 00723,SHA
10000724,BENEFICIARIO 00724,001000000724,PEN,539.02,BCPLPEPLXXX,PAGO PROVEEDOR 00724,OUR
10000725,BENEFICIARIO 00725,001000000725,USD,539.75,BINPPEPLXXX,PAGO PROVEEDOR 00725,BEN
10000726,BENEFICIARIO 00726,001000000726,PEN,540.48,SCBLPEPLXXX,PAGO PROVEEDOR 00726,SHA
10000727,BENEFICIARIO 00727,001000000727,PEN,541.21,CITIPEPLXXX,PAGO PROVEEDOR 00727,OUR
10000728,BENEFICIARIO 00728,001000000728,PEN,541.94,BCPLPEPLXXX,PAGO PROVEEDOR 00728,BEN
10000729,BENEFICIARIO 00729,001000000729,PEN,542.67,BINPPEPLXXX,PAGO PROVEEDOR 00729,SHA
10000730,BENEFICIARIO 00730,001000000730,USD,543.40,SCBLPEPLXXX,PAGO PROVEEDOR 00730,OUR
10000731,BENEFICIARIO 00731,001000000731,PEN,544.13,CITIPEPLXXX,PAGO PROVEEDOR 00731,BEN
10000732,BENEFICIARIO 00732,001000000732,PEN,544.86,BCPLPEPLXXX,PAGO PROVEEDOR 00732,SHA
10000733,BENEFICIARIO 00733,001000000733,PEN,545.59,BINPPEPLXXX,PAGO PROVEEDOR 00733,OUR
10000734,BENEFICIARIO 00734,001000000734,PEN,546.32,SCBLPEPLXXX,PAGO PROVEEDOR 00734,BEN
10000735,BENEFICIARIO 00735,001000000735,USD,547.05,CITIPEPLXXX,PAGO PROVEEDOR 00735,SHA
10000736,BENEFICIARIO 00736,001000000736,PEN,547.78,BCPLPEPLXXX,PAGO PROVEEDOR 00736,OUR
10000737,BENEFICIARIO 00737,001000000737,PEN,548.51,BINPPEPLXXX,PAGO PROVEEDOR 00737,BEN
10000738,BENEFICIARIO 00738,001000000738,PEN,549.24,SCBLPEPLXXX,PAGO PROVEEDOR 00738,SHA
10000739,BENEFICIARIO 00739,001000000739,PEN,549.97,CITIPEPLXXX,PAGO PROVEEDOR 00739,OUR
10000740,BENEFICIARIO 00740,001000000740,USD,550.70,BCPLPEPLXXX,PAGO PROVEEDOR 00740,BEN
10000741,BENEFICIARIO 00741,001000000741,PEN,551.43,BINPPEPLXXX,PAGO PROVEEDOR 00741,SHA
10000742,BENEFICIARIO 00742,001000000742,PEN,552.16,SCBLPEPLXXX,PAGO PROVEEDOR 00742,OUR
10000743,BENEFICIARIO 00743,001000000743,PEN,552.89,CITIPEPLXXX,PAGO PROVEEDOR 00743,BEN
10000744,BENEFICIARIO 00744,001000000744,PEN,553.62,BCPLPEPLXXX,PAGO PROVEEDOR 00744,SHA
10000745,BENEFICIARIO 00745,001000000745,USD,554.35,BINPPEPLXXX,PAGO PROVEEDOR 00745,OUR
10000746,BENEFICIARIO 00746,001000000746,PEN,555.08,SCBLPEPLXXX,PAGO PROVEEDOR 00746,BEN
10000747,BENEFICIARIO 00747,001000000747,PEN,555.81,CITIPEPLXXX,PAGO PROVEEDOR 00747,SHA
10000748,BENEFICIARIO 00748,001000000748,PEN,556.54,BCPLPEPLXXX,PAGO PROVEEDOR 00748,OUR
10000749,BENEFICIARIO 00749,001000000749,PEN,557.27,BINPPEPLXXX,PAGO PROVEEDOR 00749,BEN
10000750,BENEFICIARIO 00750,001000000750,USD,558.00,SCBLPEPLXXX,PAGO PROVEEDOR 00750,SHA
10000751,BENEFICIARIO 00751,001000000751,PEN,558.73,CITIPEPLXXX,PAGO PROVEEDOR 00751,OUR
10000752,BENEFICIARIO 00752,001000000752,PEN,559.46,BCPLPEPLXXX,PAGO PROVEEDOR 00752,BEN
10000753,BENEFICIARIO 00753,001000000753,PEN,560.19,BINPPEPLXXX,PAGO PROVEEDOR 00753,SHA
10000754,BENEFICIARIO 00754,001000000754,PEN,560.92,SCBLPEPLXXX,PAGO PROVEEDOR 00754,OUR
10000755,BENEFICIARIO 00755,001000000755,USD,561.65,CITIPEPLXXX,PAGO PROVEEDOR 00755,BEN
10000756,BENEFICIARIO 00756,001000000756,PEN,562.38,BCPLPEPLXXX,PAGO PROVEEDOR 00756,SHA
10000757,BENEFICIARIO 00757,001000000757,PEN,563.11,BINPPEPLXXX,PAGO PROVEEDOR 00757,OUR
10000758,BENEFICIARIO 00758,001000000758,PEN,563.84,SCBLPEPLXXX,PAGO PROVEEDOR 00758,BEN
10000759,BENEFICIARIO 00759,001000000759,PEN,564.57,CITIPEPLXXX,PAGO PROVEEDOR 00759,SHA
10000760,BENEFICIARIO 00760,001000000760,USD,565.30,BCPLPEPLXXX,PAGO PROVEEDOR 00760,OUR
10000761,BENEFICIARIO 00761,001000000761,PEN,566.03,BINPPEPLXXX,PAGO PROVEEDOR 00761,BEN
10000762,BENEFICIARIO 00762,001000000762,PEN,566.76,SCBLPEPLXXX,PAGO PROVEEDOR 00762,SHA
10000763,BENEFICIARIO 00763,001000000763,PEN,567.49,CITIPEPLXXX,PAGO PROVEEDOR 00763,OUR
10000764,BENEFICIARIO 00764,001000000764,PEN,568.22,BCPLPEPLXXX,PAGO PROVEEDOR 00764,BEN
10000765,BENEFICIARIO 00765,001000000765,USD,568.95,BINPPEPLXXX,PAGO PROVEEDOR 00765,SHA
10000766,BENEFICIARIO 00766,001000000766,PEN,569.68,SCBLPEPLXXX,PAGO PROVEEDOR 00766,OUR
10000767,BENEFICIARIO 00767,001000000767,PEN,570.41,CITIPEPLXXX,PAGO PROVEEDOR 00767,BEN
10000768,BENEFICIARIO 00768,001000000768,PEN,571.14,BCPLPEPLXXX,PAGO PROVEEDOR 00768,SHA
10000769,BENEFICIARIO 00769,001000000769,PEN,571.87,BINPPEPLXXX,PAGO PROVEEDOR 00769,OUR
10000770,BENEFICIARIO 00770,001000000770,USD,572.60,SCBLPEPLXXX,PAGO PROVEEDOR 00770,BEN
10000771,BENEFICIARIO 00771,001000000771,PEN,573.33,CITIPEPLXXX,PAGO PROVEEDOR 00771,SHA
10000772,BENEFICIARIO 00772,001000000772,PEN,574.06,BCPLPEPLXXX,PAGO PROVEEDOR 00772,OUR
10000773,BENEFICIARIO 00773,001000000773,PEN,574.79,BINPPEPLXXX,PAGO PROVEEDOR 00773,BEN
10000774,BENEFICIARIO 00774,001000000774,PEN,575.52,SCBLPEPLXXX,PAGO PROVEEDOR 00774,SHA
10000775,BENEFICIARIO 00775,001000000775,USD,576.25,CITIPEPLXXX,PAGO PROVEEDOR 00775,OUR
10000776,BENEFICIARIO 00776,001000000776,PEN,576.98,BCPLPEPLXXX,PAGO PROVEEDOR 00776,BEN
10000777,BENEFICIARIO 00777,001000000777,PEN,577.71,BINPPEPLXXX,PAGO PROVEEDOR 00777,SHA
10000778,BENEFICIARIO 00778,001000000778,PEN,578.44,SCBLPEPLXXX,PAGO PROVEEDOR 00778,OUR
10000779,BENEFICIARIO 00779,001000000779,PEN,579.17,CITIPEPLXXX,PAGO PROVEEDOR 00779,BEN
10000780,BENEFICIARIO 00780,001000000780,USD,579.90,BCPLPEPLXXX,PAGO PROVEEDOR 00780,SHA
10000781,BENEFICIARIO 00781,001000000781,PEN,580.63,BINPPEPLXXX,PAGO PROVEEDOR 00781,OUR
10000782,BENEFICIARIO 00782,001000000782,PEN,581.36,SCBLPEPLXXX,PAGO PROVEEDOR 00782,BEN
10000783,BENEFICIARIO 00783,001000000783,PEN,582.09,CITIPEPLXXX,PAGO PROVEEDOR 00783,SHA
10000784,BENEFICIARIO 00784,001000000784,PEN,582.82,BCPLPEPLXXX,PAGO PROVEEDOR 00784,OUR
10000785,BENEFICIARIO 00785,001000000785,USD,583.55,BINPPEPLXXX,PAGO PROVEEDOR 00785,BEN
10000786,BENEFICIARIO 00786,001000000786,PEN,584.28,SCBLPEPLXXX,PAGO PROVEEDOR 00786,SHA
10000787,BENEFICIARIO 00787,001000000787,PEN,585.01,CITIPEPLXXX,PAGO PROVEEDOR 00787,OUR
10000788,BENEFICIARIO 00788,001000000788,PEN,585.74,BCPLPEPLXXX,PAGO PROVEEDOR 00788,BEN
10000789,BENEFICIARIO 00789,001000000789,PEN,586.47,BINPPEPLXXX,PAGO PROVEEDOR 00789,SHA
10000790,BENEFICIARIO 00790,001000000790,USD,587.20,SCBLPEPLXXX,PAGO PROVEEDOR 00790,OUR
10000791,BENEFICIARIO 00791,001000000791,PEN,587.93,CITIPEPLXXX,PAGO PROVEEDOR 00791,BEN
10000792,BENEFICIARIO 00792,001000000792,PEN,588.66,BCPLPEPLXXX,PAGO PROVEEDOR 00792,SHA
10000793,BENEFICIARIO 00793,001000000793,PEN,589.39,BINPPEPLXXX,PAGO PROVEEDOR 00793,OUR
10000794,BENEFICIARIO 00794,001000000794,PEN,590.12,SCBLPEPLXXX,PAGO PROVEEDOR 00794,BEN
10000795,BENEFICIARIO 00795,001000000795,USD,590.85,CITIPEPLXXX,PAGO PROVEEDOR 00795,SHA
10000796,BENEFICIARIO 00796,001000000796,PEN,591.58,BCPLPEPLXXX,PAGO PROVEEDOR 00796,OUR
10000797,BENEFICIARIO 00797,001000000797,PEN,592.31,BINPPEPLXXX,PAGO PROVEEDOR 00797,BEN
10000798,BENEFICIARIO 00798,001000000798,PEN,593.04,SCBLPEPLXXX,PAGO PROVEEDOR 00798,SHA
10000799,BENEFICIARIO 00799,001000000799,PEN,593.77,CITIPEPLXXX,PAGO PROVEEDOR 00799,OUR
10000800,BENEFICIARIO 00800,001000000800,USD,594.50,BCPLPEPLXXX,PAGO PROVEEDOR 00800,BEN
10000801,BENEFICIARIO 00801,001000000801,PEN,595.23,BINPPEPLXXX,PAGO PROVEEDOR 00801,SHA
10000802,BENEFICIARIO 00802,001000000802,PEN,595.96,SCBLPEPLXXX,PAGO PROVEEDOR 00802,OUR
10000803,BENEFICIARIO 00803,001000000803,PEN,596.69,CITIPEPLXXX,PAGO PROVEEDOR 00803,BEN
10000804,BENEFICIARIO 00804,001000000804,PEN,597.42,BCPLPEPLXXX,PAGO PROVEEDOR 00804,SHA
10000805,BENEFICIARIO 00805,001000000805,USD,598.15,BINPPEPLXXX,PAGO PROVEEDOR 00805,OUR
10000806,BENEFICIARIO 00806,001000000806,PEN,598.88,SCBLPEPLXXX,PAGO PROVEEDOR 00806,BEN
10000807,BENEFICIARIO 00807,001000000807,PEN,599.61,CITIPEPLXXX,PAGO PROVEEDOR 00807,SHA
10000808,BENEFICIARIO 00808,001000000808,PEN,600.34,BCPLPEPLXXX,PAGO PROVEEDOR 00808,OUR
10000809,BENEFICIARIO 00809,001000000809,PEN,601.07,BINPPEPLXXX,PAGO PROVEEDOR 00809,BEN
10000810,BENEFICIARIO 00810,001000000810,USD,601.80,SCBLPEPLXXX,PAGO PROVEEDOR 00810,SHA
10000811,BENEFICIARIO 00811,001000000811,PEN,602.53,CITIPEPLXXX,PAGO PROVEEDOR 00811,OUR
10000812,BENEFICIARIO 00812,001000000812,PEN,603.26,BCPLPEPLXXX,PAGO PROVEEDOR 00812,BEN
10000813,BENEFICIARIO 00813,001000000813,PEN,603.99,BINPPEPLXXX,PAGO PROVEEDOR 00813,SHA
10000814,BENEFICIARIO 00814,001000000814,PEN,604.72,SCBLPEPLXXX,PAGO PROVEEDOR 00814,OUR
10000815,BENEFICIARIO 00815,001000000815,USD,605.45,CITIPEPLXXX,PAGO PROVEEDOR 00815,BEN
10000816,BENEFICIARIO 00816,001000000816,PEN,606.18,BCPLPEPLXXX,PAGO PROVEEDOR 00816,SHA
10000817,BENEFICIARIO 00817,001000000817,PEN,606.91,BINPPEPLXXX,PAGO PROVEEDOR 00817,OUR
10000818,BENEFICIARIO 00818,001000000818,PEN,607.64,SCBLPEPLXXX,PAGO PROVEEDOR 00818,BEN
10000819,BENEFICIARIO 00819,001000000819,PEN,608.37,CITIPEPLXXX,PAGO PROVEEDOR 00819,SHA
10000820,BENEFICIARIO 00820,001000000820,USD,609.10,BCPLPEPLXXX,PAGO PROVEEDOR 00820,OUR
10000821,BENEFICIARIO 00821,001000000821,PEN,609.83,BINPPEPLXXX,PAGO PROVEEDOR 00821,BEN
10000822,BENEFICIARIO 00822,001000000822,PEN,610.56,SCBLPEPLXXX,PAGO PROVEEDOR 00822,SHA
10000823,BENEFICIARIO 00823,001000000823,PEN,611.29,CITIPEPLXXX,PAGO PROVEEDOR 00823,OUR
10000824,BENEFICIARIO 00824,001000000824,PEN,612.02,BCPLPEPLXXX,PAGO PROVEEDOR 00824,BEN
10000825,BENEFICIARIO 00825,001000000825,USD,612.75,BINPPEPLXXX,PAGO PROVEEDOR 00825,SHA
10000826,BENEFICIARIO 00826,001000000826,PEN,613.48,SCBLPEPLXXX,PAGO PROVEEDOR 00826,OUR
10000827,BENEFICIARIO 00827,001000000827,PEN,614.21,CITIPEPLXXX,PAGO PROVEEDOR 00827,BEN
10000828,BENEFICIARIO 00828,001000000828,PEN,614.94,BCPLPEPLXXX,PAGO PROVEEDOR 00828,SHA
10000829,BENEFICIARIO 00829,001000000829,PEN,615.67,BINPPEPLXXX,PAGO PROVEEDOR 00829,OUR
10000830,BENEFICIARIO 00830,001000000830,USD,616.40,SCBLPEPLXXX,PAGO PROVEEDOR 00830,BEN
10000831,BENEFICIARIO 00831,001000000831,PEN,617.13,CITIPEPLXXX,PAGO PROVEEDOR 00831,SHA
10000832,BENEFICIARIO 00832,001000000832,PEN,617.86,BCPLPEPLXXX,PAGO PROVEEDOR 00832,OUR
10000833,BENEFICIARIO 00833,001000000833,PEN,618.59,BINPPEPLXXX,PAGO PROVEEDOR 00833,BEN
10000834,BENEFICIARIO 00834,001000000834,PEN,619.32,SCBLPEPLXXX,PAGO PROVEEDOR 00834,SHA
10000835,BENEFICIARIO 00835,001000000835,USD,620.05,CITIPEPLXXX,PAGO PROVEEDOR 00835,OUR
10000836,BENEFICIARIO 00836,001000000836,PEN,620.78,BCPLPEPLXXX,PAGO PROVEEDOR 00836,BEN
10000837,BENEFICIARIO 00837,001000000837,PEN,621.51,BINPPEPLXXX,PAGO PROVEEDOR 00837,SHA
10000838,BENEFICIARIO 00838,001000000838,PEN,622.24,SCBLPEPLXXX,PAGO PROVEEDOR 00838,OUR
10000839,BENEFICIARIO 00839,001000000839,PEN,622.97,CITIPEPLXXX,PAGO PROVEEDOR 00839,BEN
10000840,BENEFICIARIO 00840,001000000840,USD,623.70,BCPLPEPLXXX,PAGO PROVEEDOR 00840,SHA
10000841,BENEFICIARIO 00841,001000000841,PEN,624.43,BINPPEPLXXX,PAGO PROVEEDOR 00841,OUR
10000842,BENEFICIARIO 00842,001000000842,PEN,625.16,SCBLPEPLXXX,PAGO PROVEEDOR 00842,BEN
10000843,BENEFICIARIO 00843,001000000843,PEN,625.89,CITIPEPLXXX,PAGO PROVEEDOR 00843,SHA
10000844,BENEFICIARIO 00844,001000000844,PEN,626.62,BCPLPEPLXXX,PAGO PROVEEDOR 00844,OUR
10000845,BENEFICIARIO 00845,001000000845,USD,627.35,BINPPEPLXXX,PAGO PROVEEDOR 00845,BEN
10000846,BENEFICIARIO 00846,001000000846,PEN,628.08,SCBLPEPLXXX,PAGO PROVEEDOR 00846,SHA
10000847,BENEFICIARIO 00847,001000000847,PEN,628.81,CITIPEPLXXX,PAGO PROVEEDOR 00847,OUR
10000848,BENEFICIARIO 00848,001000000848,PEN,629.54,BCPLPEPLXXX,PAGO PROVEEDOR 00848,BEN
10000849,BENEFICIARIO 00849,001000000849,PEN,630.27,BINPPEPLXXX,PAGO PROVEEDOR 00849,SHA
10000850,BENEFICIARIO 00850,001000000850,USD,631.00,SCBLPEPLXXX,PAGO PROVEEDOR 00850,OUR
10000851,BENEFICIARIO 00851,001000000851,PEN,631.73,CITIPEPLXXX,PAGO PROVEEDOR 00851,BEN
10000852,BENEFICIARIO 00852,001000000852,PEN,632.46,BCPLPEPLXXX,PAGO PROVEEDOR 00852,SHA
10000853,BENEFICIARIO 00853,001000000853,PEN,633.19,BINPPEPLXXX,PAGO PROVEEDOR 00853,OUR
10000854,BENEFICIARIO 00854,001000000854,PEN,633.92,SCBLPEPLXXX,PAGO PROVEEDOR 00854,BEN
10000855,BENEFICIARIO 00855,001000000855,USD,634.65,CITIPEPLXXX,PAGO PROVEEDOR 00855,SHA
10000856,BENEFICIARIO 00856,001000000856,PEN,635.38,BCPLPEPLXXX,PAGO PROVEEDOR 00856,OUR
10000857,BENEFICIARIO 00857,001000000857,PEN,636.11,BINPPEPLXXX,PAGO PROVEEDOR 00857,BEN
10000858,BENEFICIARIO 00858,001000000858,PEN,636.84,SCBLPEPLXXX,PAGO PROVEEDOR 00858,SHA
10000859,BENEFICIARIO 00859,001000000859,PEN,637.57,CITIPEPLXXX,PAGO PROVEEDOR 00859,OUR
10000860,BENEFICIARIO 00860,001000000860,USD,638.30,BCPLPEPLXXX,PAGO PROVEEDOR 00860,BEN
10000861,BENEFICIARIO 00861,001000000861,PEN,639.03,BINPPEPLXXX,PAGO PROVEEDOR 00861,SHA
10000862,BENEFICIARIO 00862,001000000862,PEN,639.76,SCBLPEPLXXX,PAGO PROVEEDOR 00862,OUR
10000863,BENEFICIARIO 00863,001000000863,PEN,640.49,CITIPEPLXXX,PAGO PROVEEDOR 00863,BEN
10000864,BENEFICIARIO 00864,001000000864,PEN,641.22,BCPLPEPLXXX,PAGO PROVEEDOR 00864,SHA
10000865,BENEFICIARIO 00865,001000000865,USD,641.95,BINPPEPLXXX,PAGO PROVEEDOR 00865,OUR
10000866,BENEFICIARIO 00866,001000000866,PEN,642.68,SCBLPEPLXXX,PAGO PROVEEDOR 00866,BEN
10000867,BENEFICIARIO 00867,001000000867,PEN,643.41,CITIPEPLXXX,PAGO PROVEEDOR 00867,SHA
10000868,BENEFICIARIO 00868,001000000868,PEN,644.14,BCPLPEPLXXX,PAGO PROVEEDOR 00868,OUR
10000869,BENEFICIARIO 00869,001000000869,PEN,644.87,BINPPEPLXXX,PAGO PROVEEDOR 00869,BEN
10000870,BENEFICIARIO 00870,001000000870,USD,645.60,SCBLPEPLXXX,PAGO PROVEEDOR 00870,SHA
10000871,BENEFICIARIO 00871,001000000871,PEN,646.33,CITIPEPLXXX,PAGO PROVEEDOR 00871,OUR
10000872,BENEFICIARIO 00872,001000000872,PEN,647.06,BCPLPEPLXXX,PAGO PROVEEDOR 00872,BEN
10000873,BENEFICIARIO 00873,001000000873,PEN,647.79,BINPPEPLXXX,PAGO PROVEEDOR 00873,SHA
10000874,BENEFICIARIO 00874,001000000874,PEN,648.52,SCBLPEPLXXX,PAGO PROVEEDOR 00874,OUR
10000875,BENEFICIARIO 00875,001000000875,USD,649.25,CITIPEPLXXX,PAGO PROVEEDOR 00875,BEN
10000876,BENEFICIARIO 00876,001000000876,PEN,649.98,BCPLPEPLXXX,PAGO PROVEEDOR 00876,SHA
10000877,BENEFICIARIO 00877,001000000877,PEN,650.71,BINPPEPLXXX,PAGO PROVEEDOR 00877,OUR
10000878,BENEFICIARIO 00878,001000000878,PEN,651.44,SCBLPEPLXXX,PAGO PROVEEDOR 00878,BEN
10000879,BENEFICIARIO 00879,001000000879,PEN,652.17,CITIPEPLXXX,PAGO PROVEEDOR 00879,SHA
10000880,BENEFICIARIO 00880,001000000880,USD,652.90,BCPLPEPLXXX,PAGO PROVEEDOR 00880,OUR
10000881,BENEFICIARIO 00881,001000000881,PEN,653.63,BINPPEPLXXX,PAGO PROVEEDOR 00881,BEN
10000882,BENEFICIARIO 00882,001000000882,PEN,654.36,SCBLPEPLXXX,PAGO PROVEEDOR 00882,SHA
10000883,BENEFICIARIO 00883,001000000883,PEN,655.09,CITIPEPLXXX,PAGO PROVEEDOR 00883,OUR
10000884,BENEFICIARIO 00884,001000000884,PEN,655.82,BCPLPEPLXXX,PAGO PROVEEDOR 00884,BEN
10000885,BENEFICIARIO 00885,001000000885,USD,656.55,BINPPEPLXXX,PAGO PROVEEDOR 00885,SHA
10000886,BENEFICIARIO 00886,001000000886,PEN,657.28,SCBLPEPLXXX,PAGO PROVEEDOR 00886,OUR
10000887,BENEFICIARIO 00887,001000000887,PEN,658.01,CITIPEPLXXX,PAGO PROVEEDOR 00887,BEN
10000888,BENEFICIARIO 00888,001000000888,PEN,658.74,BCPLPEPLXXX,PAGO PROVEEDOR 00888,SHA
10000889,BENEFICIARIO 00889,001000000889,PEN,659.47,BINPPEPLXXX,PAGO PROVEEDOR 00889,OUR
10000890,BENEFICIARIO 00890,001000000890,USD,660.20,SCBLPEPLXXX,PAGO PROVEEDOR 00890,BEN
10000891,BENEFICIARIO 00891,001000000891,PEN,660.93,CITIPEPLXXX,PAGO PROVEEDOR 00891,SHA
10000892,BENEFICIARIO 00892,001000000892,PEN,661.66,BCPLPEPLXXX,PAGO PROVEEDOR 00892,OUR
10000893,BENEFICIARIO 00893,001000000893,PEN,662.39,BINPPEPLXXX,PAGO PROVEEDOR 00893,BEN
10000894,BENEFICIARIO 00894,001000000894,PEN,663.12,SCBLPEPLXXX,PAGO PROVEEDOR 00894,SHA
10000895,BENEFICIARIO 00895,001000000895,USD,663.85,CITIPEPLXXX,PAGO PROVEEDOR 00895,OUR
10000896,BENEFICIARIO 00896,001000000896,PEN,664.58,BCPLPEPLXXX,PAGO PROVEEDOR 00896,BEN
10000897,BENEFICIARIO 00897,001000000897,PEN,665.31,BINPPEPLXXX,PAGO PROVEEDOR 00897,SHA
10000898,BENEFICIARIO 00898,001000000898,PEN,666.04,SCBLPEPLXXX,PAGO PROVEEDOR 00898,OUR
10000899,BENEFICIARIO 00899,001000000899,PEN,666.77,CITIPEPLXXX,PAGO PROVEEDOR 00899,BEN
10000900,BENEFICIARIO 00900,001000000900,USD,667.50,BCPLPEPLXXX,PAGO PROVEEDOR 00900,SHA
10000901,BENEFICIARIO 00901,001000000901,PEN,668.23,BINPPEPLXXX,PAGO PROVEEDOR 00901,OUR
10000902,BENEFICIARIO 00902,001000000902,PEN,668.96,SCBLPEPLXXX,PAGO PROVEEDOR 00902,BEN
10000903,BENEFICIARIO 00903,001000000903,PEN,669.69,CITIPEPLXXX,PAGO PROVEEDOR 00903,SHA
10000904,BENEFICIARIO 00904,001000000904,PEN,670.42,BCPLPEPLXXX,PAGO PROVEEDOR 00904,OUR
10000905,BENEFICIARIO 00905,001000000905,USD,671.15,BINPPEPLXXX,PAGO PROVEEDOR 00905,BEN
10000906,BENEFICIARIO 00906,001000000906,PEN,671.88,SCBLPEPLXXX,PAGO PROVEEDOR 00906,SHA
10000907,BENEFICIARIO 00907,001000000907,PEN,672.61,CITIPEPLXXX,PAGO PROVEEDOR 00907,OUR
10000908,BENEFICIARIO 00908,001000000908,PEN,673.34,BCPLPEPLXXX,PAGO PROVEEDOR 00908,BEN
10000909,BENEFICIARIO 00909,001000000909,PEN,674.07,BINPPEPLXXX,PAGO PROVEEDOR 00909,SHA
10000910,BENEFICIARIO 00910,001000000910,USD,674.80,SCBLPEPLXXX,PAGO PROVEEDOR 00910,OUR
10000911,BENEFICIARIO 00911,001000000911,PEN,675.53,CITIPEPLXXX,PAGO PROVEEDOR 00911,BEN
10000912,BENEFICIARIO 00912,001000000912,PEN,676.26,BCPLPEPLXXX,PAGO PROVEEDOR 00912,SHA
10000913,BENEFICIARIO 00913,001000000913,PEN,676.99,BINPPEPLXXX,PAGO PROVEEDOR 00913,OUR
10000914,BENEFICIARIO 00914,001000000914,PEN,677.72,SCBLPEPLXXX,PAGO PROVEEDOR 00914,BEN
10000915,BENEFICIARIO 00915,001000000915,USD,678.45,CITIPEPLXXX,PAGO PROVEEDOR 00915,SHA
10000916,BENEFICIARIO 00916,001000000916,PEN,679.18,BCPLPEPLXXX,PAGO PROVEEDOR 00916,OUR
10000917,BENEFICIARIO 00917,001000000917,PEN,679.91,BINPPEPLXXX,PAGO PROVEEDOR 00917,BEN
10000918,BENEFICIARIO 00918,001000000918,PEN,680.64,SCBLPEPLXXX,PAGO PROVEEDOR 00918,SHA
10000919,BENEFICIARIO 00919,001000000919,PEN,681.37,CITIPEPLXXX,PAGO PROVEEDOR 00919,OUR
10000920,BENEFICIARIO 00920,001000000920,USD,682.10,BCPLPEPLXXX,PAGO PROVEEDOR 00920,BEN
10000921,BENEFICIARIO 00921,001000000921,PEN,682.83,BINPPEPLXXX,PAGO PROVEEDOR 00921,SHA
10000922,BENEFICIARIO 00922,001000000922,PEN,683.56,SCBLPEPLXXX,PAGO PROVEEDOR 00922,OUR
10000923,BENEFICIARIO 00923,001000000923,PEN,684.29,CITIPEPLXXX,PAGO PROVEEDOR 00923,BEN
10000924,BENEFICIARIO 00924,001000000924,PEN,685.02,BCPLPEPLXXX,PAGO PROVEEDOR 00924,SHA
10000925,BENEFICIARIO 00925,001000000925,USD,685.75,BINPPEPLXXX,PAGO PROVEEDOR 00925,OUR
10000926,BENEFICIARIO 00926,001000000926,PEN,686.48,SCBLPEPLXXX,PAGO PROVEEDOR 00926,BEN
10000927,BENEFICIARIO 00927,001000000927,PEN,687.21,CITIPEPLXXX,PAGO PROVEEDOR 00927,SHA
10000928,BENEFICIARIO 00928,001000000928,PEN,687.94,BCPLPEPLXXX,PAGO PROVEEDOR 00928,OUR
10000929,BENEFICIARIO 00929,001000000929,PEN,688.67,BINPPEPLXXX,PAGO PROVEEDOR 00929,BEN
10000930,BENEFICIARIO 00930,001000000930,USD,689.40,SCBLPEPLXXX,PAGO PROVEEDOR 00930,SHA
10000931,BENEFICIARIO 00931,001000000931,PEN,690.13,CITIPEPLXXX,PAGO PROVEEDOR 00931,OUR
10000932,BENEFICIARIO 00932,001000000932,PEN,690.86,BCPLPEPLXXX,PAGO PROVEEDOR 00932,BEN
10000933,BENEFICIARIO 00933,001000000933,PEN,691.59,BINPPEPLXXX,PAGO PROVEEDOR 00933,SHA
10000934,BENEFICIARIO 00934,001000000934,PEN,692.32,SCBLPEPLXXX,PAGO PROVEEDOR 00934,OUR
10000935,BENEFICIARIO 00935,001000000935,USD,693.05,CITIPEPLXXX,PAGO PROVEEDOR 00935,BEN
10000936,BENEFICIARIO 00936,001000000936,PEN,693.78,BCPLPEPLXXX,PAGO PROVEEDOR 00936,SHA
10000937,BENEFICIARIO 00937,001000000937,PEN,694.51,BINPPEPLXXX,PAGO PROVEEDOR 00937,OUR
10000938,BENEFICIARIO 00938,001000000938,PEN,695.24,SCBLPEPLXXX,PAGO PROVEEDOR 00938,BEN
10000939,BENEFICIARIO 00939,001000000939,PEN,695.97,CITIPEPLXXX,PAGO PROVEEDOR 00939,SHA
10000940,BENEFICIARIO 00940,001000000940,USD,696.70,BCPLPEPLXXX,PAGO PROVEEDOR 00940,OUR
10000941,BENEFICIARIO 00941,001000000941,PEN,697.43,BINPPEPLXXX,PAGO PROVEEDOR 00941,BEN
10000942,BENEFICIARIO 00942,001000000942,PEN,698.16,SCBLPEPLXXX,PAGO PROVEEDOR 00942,SHA
10000943,BENEFICIARIO 00943,001000000943,PEN,698.89,CITIPEPLXXX,PAGO PROVEEDOR 00943,OUR
10000944,BENEFICIARIO 00944,001000000944,PEN,699.62,BCPLPEPLXXX,PAGO PROVEEDOR 00944,BEN
10000945,BENEFICIARIO 00945,001000000945,USD,700.35,BINPPEPLXXX,PAGO PROVEEDOR 00945,SHA
10000946,BENEFICIARIO 00946,001000000946,PEN,701.08,SCBLPEPLXXX,PAGO PROVEEDOR 00946,OUR
10000947,BENEFICIARIO 00947,001000000947,PEN,701.81,CITIPEPLXXX,PAGO PROVEEDOR 00947,BEN
10000948,BENEFICIARIO 00948,001000000948,PEN,702.54,BCPLPEPLXXX,PAGO PROVEEDOR 00948,SHA
10000949,BENEFICIARIO 00949,001000000949,PEN,703.27,BINPPEPLXXX,PAGO PROVEEDOR 00949,OUR
10000950,BENEFICIARIO 00950,001000000950,USD,704.00,SCBLPEPLXXX,PAGO PROVEEDOR 00950,BEN
10000951,BENEFICIARIO 00951,001000000951,PEN,704.73,CITIPEPLXXX,PAGO PROVEEDOR 00951,SHA
10000952,BENEFICIARIO 00952,001000000952,PEN,705.46,BCPLPEPLXXX,PAGO PROVEEDOR 00952,OUR
10000953,BENEFICIARIO 00953,001000000953,PEN,706.19,BINPPEPLXXX,PAGO PROVEEDOR 00953,BEN
10000954,BENEFICIARIO 00954,001000000954,PEN,706.92,SCBLPEPLXXX,PAGO PROVEEDOR 00954,SHA
10000955,BENEFICIARIO 00955,001000000955,USD,707.65,CITIPEPLXXX,PAGO PROVEEDOR 00955,OUR
10000956,BENEFICIARIO 00956,001000000956,PEN,708.38,BCPLPEPLXXX,PAGO PROVEEDOR 00956,BEN
10000957,BENEFICIARIO 00957,001000000957,PEN,709.11,BINPPEPLXXX,PAGO PROVEEDOR 00957,SHA
10000958,BENEFICIARIO 00958,001000000958,PEN,709.84,SCBLPEPLXXX,PAGO PROVEEDOR 00958,OUR
10000959,BENEFICIARIO 00959,001000000959,PEN,710.57,CITIPEPLXXX,PAGO PROVEEDOR 00959,BEN
10000960,BENEFICIARIO 00960,001000000960,USD,711.30,BCPLPEPLXXX,PAGO PROVEEDOR 00960,SHA
10000961,BENEFICIARIO 00961,001000000961,PEN,712.03,BINPPEPLXXX,PAGO PROVEEDOR 00961,OUR
10000962,BENEFICIARIO 00962,001000000962,PEN,712.76,SCBLPEPLXXX,PAGO PROVEEDOR 00962,BEN
10000963,BENEFICIARIO 00963,001000000963,PEN,713.49,CITIPEPLXXX,PAGO PROVEEDOR 00963,SHA
10000964,BENEFICIARIO 00964,001000000964,PEN,714.22,BCPLPEPLXXX,PAGO PROVEEDOR 00964,OUR
10000965,BENEFICIARIO 00965,001000000965,USD,714.95,BINPPEPLXXX,PAGO PROVEEDOR 00965,BEN
10000966,BENEFICIARIO 00966,001000000966,PEN,715.68,SCBLPEPLXXX,PAGO PROVEEDOR 00966,SHA
10000967,BENEFICIARIO 00967,001000000967,PEN,716.41,CITIPEPLXXX,PAGO PROVEEDOR 00967,OUR
10000968,BENEFICIARIO 00968,001000000968,PEN,717.14,BCPLPEPLXXX,PAGO PROVEEDOR 00968,BEN
10000969,BENEFICIARIO 00969,001000000969,PEN,717.87,BINPPEPLXXX,PAGO PROVEEDOR 00969,SHA
10000970,BENEFICIARIO 00970,001000000970,USD,718.60,SCBLPEPLXXX,PAGO PROVEEDOR 00970,OUR
10000971,BENEFICIARIO 00971,001000000971,PEN,719.33,CITIPEPLXXX,PAGO PROVEEDOR 00971,BEN
10000972,BENEFICIARIO 00972,001000000972,PEN,720.06,BCPLPEPLXXX,PAGO PROVEEDOR 00972,SHA
10000973,BENEFICIARIO 00973,001000000973,PEN,720.79,BINPPEPLXXX,PAGO PROVEEDOR 00973,OUR
10000974,BENEFICIARIO 00974,001000000974,PEN,721.52,SCBLPEPLXXX,PAGO PROVEEDOR 00974,BEN
10000975,BENEFICIARIO 00975,001000000975,USD,722.25,CITIPEPLXXX,PAGO PROVEEDOR 00975,SHA
10000976,BENEFICIARIO 00976,001000000976,PEN,722.98,BCPLPEPLXXX,PAGO PROVEEDOR 00976,OUR
10000977,BENEFICIARIO 00977,001000000977,PEN,723.71,BINPPEPLXXX,PAGO PROVEEDOR 00977,BEN
10000978,BENEFICIARIO 00978,001000000978,PEN,724.44,SCBLPEPLXXX,PAGO PROVEEDOR 00978,SHA
10000979,BENEFICIARIO 00979,001000000979,PEN,725.17,CITIPEPLXXX,PAGO PROVEEDOR 00979,OUR
10000980,BENEFICIARIO 00980,001000000980,USD,725.90,BCPLPEPLXXX,PAGO PROVEEDOR 00980,BEN
10000981,BENEFICIARIO 00981,001000000981,PEN,726.63,BINPPEPLXXX,PAGO PROVEEDOR 00981,SHA
10000982,BENEFICIARIO 00982,001000000982,PEN,727.36,SCBLPEPLXXX,PAGO PROVEEDOR 00982,OUR
10000983,BENEFICIARIO 00983,001000000983,PEN,728.09,CITIPEPLXXX,PAGO PROVEEDOR 00983,BEN
10000984,BENEFICIARIO 00984,001000000984,PEN,728.82,BCPLPEPLXXX,PAGO PROVEEDOR 00984,SHA
10000985,BENEFICIARIO 00985,001000000985,USD,729.55,BINPPEPLXXX,PAGO PROVEEDOR 00985,OUR
10000986,BENEFICIARIO 00986,001000000986,PEN,730.28,SCBLPEPLXXX,PAGO PROVEEDOR 00986,BEN
10000987,BENEFICIARIO 00987,001000000987,PEN,731.01,CITIPEPLXXX,PAGO PROVEEDOR 00987,SHA
10000988,BENEFICIARIO 00988,001000000988,PEN,731.74,BCPLPEPLXXX,PAGO PROVEEDOR 00988,OUR
10000989,BENEFICIARIO 00989,001000000989,PEN,732.47,BINPPEPLXXX,PAGO PROVEEDOR 00989,BEN
10000990,BENEFICIARIO 00990,001000000990,USD,733.20,SCBLPEPLXXX,PAGO PROVEEDOR 00990,SHA
10000991,BENEFICIARIO 00991,001000000991,PEN,733.93,CITIPEPLXXX,PAGO PROVEEDOR 00991,OUR
10000992,BENEFICIARIO 00992,001000000992,PEN,734.66,BCPLPEPLXXX,PAGO PROVEEDOR 00992,BEN
10000993,BENEFICIARIO 00993,001000000993,PEN,735.39,BINPPEPLXXX,PAGO PROVEEDOR 00993,SHA
10000994,BENEFICIARIO 00994,001000000994,PEN,736.12,SCBLPEPLXXX,PAGO PROVEEDOR 00994,OUR
10000995,BENEFICIARIO 00995,001000000995,USD,736.85,CITIPEPLXXX,PAGO PROVEEDOR 00995,BEN
10000996,BENEFICIARIO 00996,001000000996,PEN,737.58,BCPLPEPLXXX,PAGO PROVEEDOR 00996,SHA
10000997,BENEFICIARIO 00997,001000000997,PEN,738.31,BINPPEPLXXX,PAGO PROVEEDOR 00997,OUR
10000998,BENEFICIARIO 00998,001000000998,PEN,739.04,SCBLPEPLXXX,PAGO PROVEEDOR 00998,BEN
10000999,BENEFICIARIO 00999,001000000999,PEN,739.77,CITIPEPLXXX,PAGO PROVEEDOR 00999,SHA
10001000,BENEFICIARIO 01000,001000001000,USD,740.50,BCPLPEPLXXX,PAGO PROVEEDOR 01000,OUR
10001001,BENEFICIARIO 01001,001000001001,PEN,741.23,BINPPEPLXXX,PAGO PROVEEDOR 01001,BEN
10001002,BENEFICIARIO 01002,001000001002,PEN,741.96,SCBLPEPLXXX,PAGO PROVEEDOR 01002,SHA
10001003,BENEFICIARIO 01003,001000001003,PEN,742.69,CITIPEPLXXX,PAGO PROVEEDOR 01003,OUR
10001004,BENEFICIARIO 01004,001000001004,PEN,743.42,BCPLPEPLXXX,PAGO PROVEEDOR 01004,BEN
10001005,BENEFICIARIO 01005,001000001005,USD,744.15,BINPPEPLXXX,PAGO PROVEEDOR 01005,SHA
10001006,BENEFICIARIO 01006,001000001006,PEN,744.88,SCBLPEPLXXX,PAGO PROVEEDOR 01006,OUR
10001007,BENEFICIARIO 01007,001000001007,PEN,745.61,CITIPEPLXXX,PAGO PROVEEDOR 01007,BEN
10001008,BENEFICIARIO 01008,001000001008,PEN,746.34,BCPLPEPLXXX,PAGO PROVEEDOR 01008,SHA
10001009,BENEFICIARIO 01009,001000001009,PEN,747.07,BINPPEPLXXX,PAGO PROVEEDOR 01009,OUR
10001010,BENEFICIARIO 01010,001000001010,USD,747.80,SCBLPEPLXXX,PAGO PROVEEDOR 01010,BEN
10001011,BENEFICIARIO 01011,001000001011,PEN,748.53,CITIPEPLXXX,PAGO PROVEEDOR 01011,SHA
10001012,BENEFICIARIO 01012,001000001012,PEN,749.26,BCPLPEPLXXX,PAGO PROVEEDOR 01012,OUR
10001013,BENEFICIARIO 01013,001000001013,PEN,749.99,BINPPEPLXXX,PAGO PROVEEDOR 01013,BEN
10001014,BENEFICIARIO 01014,001000001014,PEN,750.72,SCBLPEPLXXX,PAGO PROVEEDOR 01014,SHA
10001015,BENEFICIARIO 01015,001000001015,USD,751.45,CITIPEPLXXX,PAGO PROVEEDOR 01015,OUR
10001016,BENEFICIARIO 01016,001000001016,PEN,752.18,BCPLPEPLXXX,PAGO PROVEEDOR 01016,BEN
10001017,BENEFICIARIO 01017,001000001017,PEN,752.91,BINPPEPLXXX,PAGO PROVEEDOR 01017,SHA
10001018,BENEFICIARIO 01018,001000001018,PEN,753.64,SCBLPEPLXXX,PAGO PROVEEDOR 01018,OUR
10001019,BENEFICIARIO 01019,001000001019,PEN,754.37,CITIPEPLXXX,PAGO PROVEEDOR 01019,BEN
10001020,BENEFICIARIO 01020,001000001020,USD,755.10,BCPLPEPLXXX,PAGO PROVEEDOR 01020,SHA
10001021,BENEFICIARIO 01021,001000001021,PEN,755.83,BINPPEPLXXX,PAGO PROVEEDOR 01021,OUR
10001022,BENEFICIARIO 01022,001000001022,PEN,756.56,SCBLPEPLXXX,PAGO PROVEEDOR 01022,BEN
10001023,BENEFICIARIO 01023,001000001023,PEN,757.29,CITIPEPLXXX,PAGO PROVEEDOR 01023,SHA
10001024,BENEFICIARIO 01024,001000001024,PEN,758.02,BCPLPEPLXXX,PAGO PROVEEDOR 01024,OUR
10001025,BENEFICIARIO 01025,001000001025,USD,758.75,BINPPEPLXXX,PAGO PROVEEDOR 01025,BEN
10001026,BENEFICIARIO 01026,001000001026,PEN,759.48,SCBLPEPLXXX,PAGO PROVEEDOR 01026,SHA
10001027,BENEFICIARIO 01027,001000001027,PEN,760.21,CITIPEPLXXX,PAGO PROVEEDOR 01027,OUR
10001028,BENEFICIARIO 01028,001000001028,PEN,760.94,BCPLPEPLXXX,PAGO PROVEEDOR 01028,BEN
10001029,BENEFICIARIO 01029,001000001029,PEN,761.67,BINPPEPLXXX,PAGO PROVEEDOR 01029,SHA
10001030,BENEFICIARIO 01030,001000001030,USD,762.40,SCBLPEPLXXX,PAGO PROVEEDOR 01030,OUR
10001031,BENEFICIARIO 01031,001000001031,PEN,763.13,CITIPEPLXXX,PAGO PROVEEDOR 01031,BEN
10001032,BENEFICIARIO 01032,001000001032,PEN,763.86,BCPLPEPLXXX,PAGO PROVEEDOR 01032,SHA
10001033,BENEFICIARIO 01033,001000001033,PEN,764.59,BINPPEPLXXX,PAGO PROVEEDOR 01033,OUR
10001034,BENEFICIARIO 01034,001000001034,PEN,765.32,SCBLPEPLXXX,PAGO PROVEEDOR 01034,BEN
10001035,BENEFICIARIO 01035,001000001035,USD,766.05,CITIPEPLXXX,PAGO PROVEEDOR 01035,SHA
10001036,BENEFICIARIO 01036,001000001036,PEN,766.78,BCPLPEPLXXX,PAGO PROVEEDOR 01036,OUR
10001037,BENEFICIARIO 01037,001000001037,PEN,767.51,BINPPEPLXXX,PAGO PROVEEDOR 01037,BEN
10001038,BENEFICIARIO 01038,001000001038,PEN,768.24,SCBLPEPLXXX,PAGO PROVEEDOR 01038,SHA
10001039,BENEFICIARIO 01039,001000001039,PEN,768.97,CITIPEPLXXX,PAGO PROVEEDOR 01039,OUR
10001040,BENEFICIARIO 01040,001000001040,USD,769.70,BCPLPEPLXXX,PAGO PROVEEDOR 01040,BEN
10001041,BENEFICIARIO 01041,001000001041,PEN,770.43,BINPPEPLXXX,PAGO PROVEEDOR 01041,SHA
10001042,BENEFICIARIO 01042,001000001042,PEN,771.16,SCBLPEPLXXX,PAGO PROVEEDOR 01042,OUR
10001043,BENEFICIARIO 01043,001000001043,PEN,771.89,CITIPEPLXXX,PAGO PROVEEDOR 01043,BEN
10001044,BENEFICIARIO 01044,001000001044,PEN,772.62,BCPLPEPLXXX,PAGO PROVEEDOR 01044,SHA
10001045,BENEFICIARIO 01045,001000001045,USD,773.35,BINPPEPLXXX,PAGO PROVEEDOR 01045,OUR
10001046,BENEFICIARIO 01046,001000001046,PEN,774.08,SCBLPEPLXXX,PAGO PROVEEDOR 01046,BEN
10001047,BENEFICIARIO 01047,001000001047,PEN,774.81,CITIPEPLXXX,PAGO PROVEEDOR 01047,SHA
10001048,BENEFICIARIO 01048,001000001048,PEN,775.54,BCPLPEPLXXX,PAGO PROVEEDOR 01048,OUR
10001049,BENEFICIARIO 01049,001000001049,PEN,776.27,BINPPEPLXXX,PAGO PROVEEDOR 01049,BEN
10001050,BENEFICIARIO 01050,001000001050,USD,777.00,SCBLPEPLXXX,PAGO PROVEEDOR 01050,SHA
10001051,BENEFICIARIO 01051,001000001051,PEN,777.73,CITIPEPLXXX,PAGO PROVEEDOR 01051,OUR
10001052,BENEFICIARIO 01052,001000001052,PEN,778.46,BCPLPEPLXXX,PAGO PROVEEDOR 01052,BEN
10001053,BENEFICIARIO 01053,001000001053,PEN,779.19,BINPPEPLXXX,PAGO PROVEEDOR 01053,SHA
10001054,BENEFICIARIO 01054,001000001054,PEN,779.92,SCBLPEPLXXX,PAGO PROVEEDOR 01054,OUR
10001055,BENEFICIARIO 01055,001000001055,USD,780.65,CITIPEPLXXX,PAGO PROVEEDOR 01055,BEN
10001056,BENEFICIARIO 01056,001000001056,PEN,781.38,BCPLPEPLXXX,PAGO PROVEEDOR 01056,SHA
10001057,BENEFICIARIO 01057,001000001057,PEN,782.11,BINPPEPLXXX,PAGO PROVEEDOR 01057,OUR
10001058,BENEFICIARIO 01058,001000001058,PEN,782.84,SCBLPEPLXXX,PAGO PROVEEDOR 01058,BEN
10001059,BENEFICIARIO 01059,001000001059,PEN,783.57,CITIPEPLXXX,PAGO PROVEEDOR 01059,SHA
10001060,BENEFICIARIO 01060,001000001060,USD,784.30,BCPLPEPLXXX,PAGO PROVEEDOR 01060,OUR
10001061,BENEFICIARIO 01061,001000001061,PEN,785.03,BINPPEPLXXX,PAGO PROVEEDOR 01061,BEN
10001062,BENEFICIARIO 01062,001000001062,PEN,785.76,SCBLPEPLXXX,PAGO PROVEEDOR 01062,SHA
10001063,BENEFICIARIO 01063,001000001063,PEN,786.49,CITIPEPLXXX,PAGO PROVEEDOR 01063,OUR
10001064,BENEFICIARIO 01064,001000001064,PEN,787.22,BCPLPEPLXXX,PAGO PROVEEDOR 01064,BEN
10001065,BENEFICIARIO 01065,001000001065,USD,787.95,BINPPEPLXXX,PAGO PROVEEDOR 01065,SHA
10001066,BENEFICIARIO 01066,001000001066,PEN,788.68,SCBLPEPLXXX,PAGO PROVEEDOR 01066,OUR
10001067,BENEFICIARIO 01067,001000001067,PEN,789.41,CITIPEPLXXX,PAGO PROVEEDOR 01067,BEN
10001068,BENEFICIARIO 01068,001000001068,PEN,790.14,BCPLPEPLXXX,PAGO PROVEEDOR 01068,SHA
10001069,BENEFICIARIO 01069,001000001069,PEN,790.87,BINPPEPLXXX,PAGO PROVEEDOR 01069,OUR
10001070,BENEFICIARIO 01070,001000001070,USD,791.60,SCBLPEPLXXX,PAGO PROVEEDOR 01070,BEN
10001071,BENEFICIARIO 01071,001000001071,PEN,792.33,CITIPEPLXXX,PAGO PROVEEDOR 01071,SHA
10001072,BENEFICIARIO 01072,001000001072,PEN,793.06,BCPLPEPLXXX,PAGO PROVEEDOR 01072,OUR
10001073,BENEFICIARIO 01073,001000001073,PEN,793.79,BINPPEPLXXX,PAGO PROVEEDOR 01073,BEN
10001074,BENEFICIARIO 01074,001000001074,PEN,794.52,SCBLPEPLXXX,PAGO PROVEEDOR 01074,SHA
10001075,BENEFICIARIO 01075,001000001075,USD,795.25,CITIPEPLXXX,PAGO PROVEEDOR 01075,OUR
10001076,BENEFICIARIO 01076,001000001076,PEN,795.98,BCPLPEPLXXX,PAGO PROVEEDOR 01076,BEN
10001077,BENEFICIARIO 01077,001000001077,PEN,796.71,BINPPEPLXXX,PAGO PROVEEDOR 01077,SHA
10001078,BENEFICIARIO 01078,001000001078,PEN,797.44,SCBLPEPLXXX,PAGO PROVEEDOR 01078,OUR
10001079,BENEFICIARIO 01079,001000001079,PEN,798.17,CITIPEPLXXX,PAGO PROVEEDOR 01079,BEN
10001080,BENEFICIARIO 01080,001000001080,USD,798.90,BCPLPEPLXXX,PAGO PROVEEDOR 01080,SHA
10001081,BENEFICIARIO 01081,001000001081,PEN,799.63,BINPPEPLXXX,PAGO PROVEEDOR 01081,OUR
10001082,BENEFICIARIO 01082,001000001082,PEN,800.36,SCBLPEPLXXX,PAGO PROVEEDOR 01082,BEN
10001083,BENEFICIARIO 01083,001000001083,PEN,801.09,CITIPEPLXXX,PAGO PROVEEDOR 01083,SHA
10001084,BENEFICIARIO 01084,001000001084,PEN,801.82,BCPLPEPLXXX,PAGO PROVEEDOR 01084,OUR
10001085,BENEFICIARIO 01085,001000001085,USD,802.55,BINPPEPLXXX,PAGO PROVEEDOR 01085,BEN
10001086,BENEFICIARIO 01086,001000001086,PEN,803.28,SCBLPEPLXXX,PAGO PROVEEDOR 01086,SHA
10001087,BENEFICIARIO 01087,001000001087,PEN,804.01,CITIPEPLXXX,PAGO PROVEEDOR 01087,OUR
10001088,BENEFICIARIO 01088,001000001088,PEN,804.74,BCPLPEPLXXX,PAGO PROVEEDOR 01088,BEN
10001089,BENEFICIARIO 01089,001000001089,PEN,805.47,BINPPEPLXXX,PAGO PROVEEDOR 01089,SHA
10001090,BENEFICIARIO 01090,001000001090,USD,806.20,SCBLPEPLXXX,PAGO PROVEEDOR 01090,OUR
10001091,BENEFICIARIO 01091,001000001091,PEN,806.93,CITIPEPLXXX,PAGO PROVEEDOR 01091,BEN
10001092,BENEFICIARIO 01092,001000001092,PEN,807.66,BCPLPEPLXXX,PAGO PROVEEDOR 01092,SHA
10001093,BENEFICIARIO 01093,001000001093,PEN,808.39,BINPPEPLXXX,PAGO PROVEEDOR 01093,OUR
10001094,BENEFICIARIO 01094,001000001094,PEN,809.12,SCBLPEPLXXX,PAGO PROVEEDOR 01094,BEN
10001095,BENEFICIARIO 01095,001000001095,USD,809.85,CITIPEPLXXX,PAGO PROVEEDOR 01095,SHA
10001096,BENEFICIARIO 01096,001000001096,PEN,810.58,BCPLPEPLXXX,PAGO PROVEEDOR 01096,OUR
10001097,BENEFICIARIO 01097,001000001097,PEN,811.31,BINPPEPLXXX,PAGO PROVEEDOR 01097,BEN
10001098,BENEFICIARIO 01098,001000001098,PEN,812.04,SCBLPEPLXXX,PAGO PROVEEDOR 01098,SHA
10001099,BENEFICIARIO 01099,001000001099,PEN,812.77,CITIPEPLXXX,PAGO PROVEEDOR 01099,OUR
10001100,BENEFICIARIO 01100,001000001100,USD,813.50,BCPLPEPLXXX,PAGO PROVEEDOR 01100,BEN
10001101,BENEFICIARIO 01101,001000001101,PEN,814.23,BINPPEPLXXX,PAGO PROVEEDOR 01101,SHA
10001102,BENEFICIARIO 01102,001000001102,PEN,814.96,SCBLPEPLXXX,PAGO PROVEEDOR 01102,OUR
10001103,BENEFICIARIO 01103,001000001103,PEN,815.69,CITIPEPLXXX,PAGO PROVEEDOR 01103,BEN
10001104,BENEFICIARIO 01104,001000001104,PEN,816.42,BCPLPEPLXXX,PAGO PROVEEDOR 01104,SHA
10001105,BENEFICIARIO 01105,001000001105,USD,817.15,BINPPEPLXXX,PAGO PROVEEDOR 01105,OUR
10001106,BENEFICIARIO 01106,001000001106,PEN,817.88,SCBLPEPLXXX,PAGO PROVEEDOR 01106,BEN
10001107,BENEFICIARIO 01107,001000001107,PEN,818.61,CITIPEPLXXX,PAGO PROVEEDOR 01107,SHA
10001108,BENEFICIARIO 01108,001000001108,PEN,819.34,BCPLPEPLXXX,PAGO PROVEEDOR 01108,OUR
10001109,BENEFICIARIO 01109,001000001109,PEN,820.07,BINPPEPLXXX,PAGO PROVEEDOR 01109,BEN
10001110,BENEFICIARIO 01110,001000001110,USD,820.80,SCBLPEPLXXX,PAGO PROVEEDOR 01110,SHA
10001111,BENEFICIARIO 01111,001000001111,PEN,821.53,CITIPEPLXXX,PAGO PROVEEDOR 01111,OUR
10001112,BENEFICIARIO 01112,001000001112,PEN,822.26,BCPLPEPLXXX,PAGO PROVEEDOR 01112,BEN
10001113,BENEFICIARIO 01113,001000001113,PEN,822.99,BINPPEPLXXX,PAGO PROVEEDOR 01113,SHA
10001114,BENEFICIARIO 01114,001000001114,PEN,823.72,SCBLPEPLXXX,PAGO PROVEEDOR 01114,OUR
10001115,BENEFICIARIO 01115,001000001115,USD,824.45,CITIPEPLXXX,PAGO PROVEEDOR 01115,BEN
10001116,BENEFICIARIO 01116,001000001116,PEN,825.18,BCPLPEPLXXX,PAGO PROVEEDOR 01116,SHA
10001117,BENEFICIARIO 01117,001000001117,PEN,825.91,BINPPEPLXXX,PAGO PROVEEDOR 01117,OUR
10001118,BENEFICIARIO 01118,001000001118,PEN,826.64,SCBLPEPLXXX,PAGO PROVEEDOR 01118,BEN
10001119,BENEFICIARIO 01119,001000001119,PEN,827.37,CITIPEPLXXX,PAGO PROVEEDOR 01119,SHA
10001120,BENEFICIARIO 01120,001000001120,USD,828.10,BCPLPEPLXXX,PAGO PROVEEDOR 01120,OUR
10001121,BENEFICIARIO 01121,001000001121,PEN,828.83,BINPPEPLXXX,PAGO PROVEEDOR 01121,BEN
10001122,BENEFICIARIO 01122,001000001122,PEN,829.56,SCBLPEPLXXX,PAGO PROVEEDOR 01122,SHA
10001123,BENEFICIARIO 01123,001000001123,PEN,830.29,CITIPEPLXXX,PAGO PROVEEDOR 01123,OUR
10001124,BENEFICIARIO 01124,001000001124,PEN,831.02,BCPLPEPLXXX,PAGO PROVEEDOR 01124,BEN
10001125,BENEFICIARIO 01125,001000001125,USD,831.75,BINPPEPLXXX,PAGO PROVEEDOR 01125,SHA
10001126,BENEFICIARIO 01126,001000001126,PEN,832.48,SCBLPEPLXXX,PAGO PROVEEDOR 01126,OUR
10001127,BENEFICIARIO 01127,001000001127,PEN,833.21,CITIPEPLXXX,PAGO PROVEEDOR 01127,BEN
10001128,BENEFICIARIO 01128,001000001128,PEN,833.94,BCPLPEPLXXX,PAGO PROVEEDOR 01128,SHA
10001129,BENEFICIARIO 01129,001000001129,PEN,834.67,BINPPEPLXXX,PAGO PROVEEDOR 01129,OUR
10001130,BENEFICIARIO 01130,001000001130,USD,835.40,SCBLPEPLXXX,PAGO PROVEEDOR 01130,BEN
10001131,BENEFICIARIO 01131,001000001131,PEN,836.13,CITIPEPLXXX,PAGO PROVEEDOR 01131,SHA
10001132,BENEFICIARIO 01132,001000001132,PEN,836.86,BCPLPEPLXXX,PAGO PROVEEDOR 01132,OUR
10001133,BENEFICIARIO 01133,001000001133,PEN,837.59,BINPPEPLXXX,PAGO PROVEEDOR 01133,BEN
10001134,BENEFICIARIO 01134,001000001134,PEN,838.32,SCBLPEPLXXX,PAGO PROVEEDOR 01134,SHA
10001135,BENEFICIARIO 01135,001000001135,USD,839.05,CITIPEPLXXX,PAGO PROVEEDOR 01135,OUR
10001136,BENEFICIARIO 01136,001000001136,PEN,839.78,BCPLPEPLXXX,PAGO PROVEEDOR 01136,BEN
10001137,BENEFICIARIO 01137,001000001137,PEN,840.51,BINPPEPLXXX,PAGO PROVEEDOR 01137,SHA
10001138,BENEFICIARIO 01138,001000001138,PEN,841.24,SCBLPEPLXXX,PAGO PROVEEDOR 01138,OUR
10001139,BENEFICIARIO 01139,001000001139,PEN,841.97,CITIPEPLXXX,PAGO PROVEEDOR 01139,BEN
10001140,BENEFICIARIO 01140,001000001140,USD,842.70,BCPLPEPLXXX,PAGO PROVEEDOR 01140,SHA
10001141,BENEFICIARIO 01141,001000001141,PEN,843.43,BINPPEPLXXX,PAGO PROVEEDOR 01141,OUR
10001142,BENEFICIARIO 01142,001000001142,PEN,844.16,SCBLPEPLXXX,PAGO PROVEEDOR 01142,BEN
10001143,BENEFICIARIO 01143,001000001143,PEN,844.89,CITIPEPLXXX,PAGO PROVEEDOR 01143,SHA
10001144,BENEFICIARIO 01144,001000001144,PEN,845.62,BCPLPEPLXXX,PAGO PROVEEDOR 01144,OUR
10001145,BENEFICIARIO 01145,001000001145,USD,846.35,BINPPEPLXXX,PAGO PROVEEDOR 01145,BEN
10001146,BENEFICIARIO 01146,001000001146,PEN,847.08,SCBLPEPLXXX,PAGO PROVEEDOR 01146,SHA
10001147,BENEFICIARIO 01147,001000001147,PEN,847.81,CITIPEPLXXX,PAGO PROVEEDOR 01147,OUR
10001148,BENEFICIARIO 01148,001000001148,PEN,848.54,BCPLPEPLXXX,PAGO PROVEEDOR 01148,BEN
10001149,BENEFICIARIO 01149,001000001149,PEN,849.27,BINPPEPLXXX,PAGO PROVEEDOR 01149,SHA
10001150,BENEFICIARIO 01150,001000001150,USD,850.00,SCBLPEPLXXX,PAGO PROVEEDOR 01150,OUR
10001151,BENEFICIARIO 01151,001000001151,PEN,850.73,CITIPEPLXXX,PAGO PROVEEDOR 01151,BEN
10001152,BENEFICIARIO 01152,001000001152,PEN,851.46,BCPLPEPLXXX,PAGO PROVEEDOR 01152,SHA
10001153,BENEFICIARIO 01153,001000001153,PEN,852.19,BINPPEPLXXX,PAGO PROVEEDOR 01153,OUR
10001154,BENEFICIARIO 01154,001000001154,PEN,852.92,SCBLPEPLXXX,PAGO PROVEEDOR 01154,BEN
10001155,BENEFICIARIO 01155,001000001155,USD,853.65,CITIPEPLXXX,PAGO PROVEEDOR 01155,SHA
10001156,BENEFICIARIO 01156,001000001156,PEN,854.38,BCPLPEPLXXX,PAGO PROVEEDOR 01156,OUR
10001157,BENEFICIARIO 01157,001000001157,PEN,855.11,BINPPEPLXXX,PAGO PROVEEDOR 01157,BEN
10001158,BENEFICIARIO 01158,001000001158,PEN,855.84,SCBLPEPLXXX,PAGO PROVEEDOR 01158,SHA
10001159,BENEFICIARIO 01159,001000001159,PEN,856.57,CITIPEPLXXX,PAGO PROVEEDOR 01159,OUR
10001160,BENEFICIARIO 01160,001000001160,USD,857.30,BCPLPEPLXXX,PAGO PROVEEDOR 01160,BEN
10001161,BENEFICIARIO 01161,001000001161,PEN,858.03,BINPPEPLXXX,PAGO PROVEEDOR 01161,SHA
10001162,BENEFICIARIO 01162,001000001162,PEN,858.76,SCBLPEPLXXX,PAGO PROVEEDOR 01162,OUR
10001163,BENEFICIARIO 01163,001000001163,PEN,859.49,CITIPEPLXXX,PAGO PROVEEDOR 01163,BEN
10001164,BENEFICIARIO 01164,001000001164,PEN,860.22,BCPLPEPLXXX,PAGO PROVEEDOR 01164,SHA
10001165,BENEFICIARIO 01165,001000001165,USD,860.95,BINPPEPLXXX,PAGO PROVEEDOR 01165,OUR
10001166,BENEFICIARIO 01166,001000001166,PEN,861.68,SCBLPEPLXXX,PAGO PROVEEDOR 01166,BEN
10001167,BENEFICIARIO 01167,001000001167,PEN,862.41,CITIPEPLXXX,PAGO PROVEEDOR 01167,SHA
10001168,BENEFICIARIO 01168,001000001168,PEN,863.14,BCPLPEPLXXX,PAGO PROVEEDOR 01168,OUR
10001169,BENEFICIARIO 01169,001000001169,PEN,863.87,BINPPEPLXXX,PAGO PROVEEDOR 01169,BEN
10001170,BENEFICIARIO 01170,001000001170,USD,864.60,SCBLPEPLXXX,PAGO PROVEEDOR 01170,SHA
10001171,BENEFICIARIO 01171,001000001171,PEN,865.33,CITIPEPLXXX,PAGO PROVEEDOR 01171,OUR
10001172,BENEFICIARIO 01172,001000001172,PEN,866.06,BCPLPEPLXXX,PAGO PROVEEDOR 01172,BEN
10001173,BENEFICIARIO 01173,001000001173,PEN,866.79,BINPPEPLXXX,PAGO PROVEEDOR 01173,SHA
10001174,BENEFICIARIO 01174,001000001174,PEN,867.52,SCBLPEPLXXX,PAGO PROVEEDOR 01174,OUR
10001175,BENEFICIARIO 01175,001000001175,USD,868.25,CITIPEPLXXX,PAGO PROVEEDOR 01175,BEN
10001176,BENEFICIARIO 01176,001000001176,PEN,868.98,BCPLPEPLXXX,PAGO PROVEEDOR 01176,SHA
10001177,BENEFICIARIO 01177,001000001177,PEN,869.71,BINPPEPLXXX,PAGO PROVEEDOR 01177,OUR
10001178,BENEFICIARIO 01178,001000001178,PEN,870.44,SCBLPEPLXXX,PAGO PROVEEDOR 01178,BEN
10001179,BENEFICIARIO 01179,001000001179,PEN,871.17,CITIPEPLXXX,PAGO PROVEEDOR 01179,SHA
10001180,BENEFICIARIO 01180,001000001180,USD,871.90,BCPLPEPLXXX,PAGO PROVEEDOR 01180,OUR
10001181,BENEFICIARIO 01181,001000001181,PEN,872.63,BINPPEPLXXX,PAGO PROVEEDOR 01181,BEN
10001182,BENEFICIARIO 01182,001000001182,PEN,873.36,SCBLPEPLXXX,PAGO PROVEEDOR 01182,SHA
10001183,BENEFICIARIO 01183,001000001183,PEN,874.09,CITIPEPLXXX,PAGO PROVEEDOR 01183,OUR
10001184,BENEFICIARIO 01184,001000001184,PEN,874.82,BCPLPEPLXXX,PAGO PROVEEDOR 01184,BEN
10001185,BENEFICIARIO 01185,001000001185,USD,875.55,BINPPEPLXXX,PAGO PROVEEDOR 01185,SHA
10001186,BENEFICIARIO 01186,001000001186,PEN,876.28,SCBLPEPLXXX,PAGO PROVEEDOR 01186,OUR
10001187,BENEFICIARIO 01187,001000001187,PEN,877.01,CITIPEPLXXX,PAGO PROVEEDOR 01187,BEN
10001188,BENEFICIARIO 01188,001000001188,PEN,877.74,BCPLPEPLXXX,PAGO PROVEEDOR 01188,SHA
10001189,BENEFICIARIO 01189,001000001189,PEN,878.47,BINPPEPLXXX,PAGO PROVEEDOR 01189,OUR
10001190,BENEFICIARIO 01190,001000001190,USD,879.20,SCBLPEPLXXX,PAGO PROVEEDOR 01190,BEN
10001191,BENEFICIARIO 01191,001000001191,PEN,879.93,CITIPEPLXXX,PAGO PROVEEDOR 01191,SHA
10001192,BENEFICIARIO 01192,001000001192,PEN,880.66,BCPLPEPLXXX,PAGO PROVEEDOR 01192,OUR
10001193,BENEFICIARIO 01193,001000001193,PEN,881.39,BINPPEPLXXX,PAGO PROVEEDOR 01193,BEN
10001194,BENEFICIARIO 01194,001000001194,PEN,882.12,SCBLPEPLXXX,PAGO PROVEEDOR 01194,SHA
10001195,BENEFICIARIO 01195,001000001195,USD,882.85,CITIPEPLXXX,PAGO PROVEEDOR 01195,OUR
10001196,BENEFICIARIO 01196,001000001196,PEN,883.58,BCPLPEPLXXX,PAGO PROVEEDOR 01196,BEN
10001197,BENEFICIARIO 01197,001000001197,PEN,884.31,BINPPEPLXXX,PAGO PROVEEDOR 01197,SHA
10001198,BENEFICIARIO 01198,001000001198,PEN,885.04,SCBLPEPLXXX,PAGO PROVEEDOR 01198,OUR
10001199,BENEFICIARIO 01199,001000001199,PEN,885.77,CITIPEPLXXX,PAGO PROVEEDOR 01199,BEN
10001200,BENEFICIARIO 01200,001000001200,USD,886.50,BCPLPEPLXXX,PAGO PROVEEDOR 01200,SHA
10001201,BENEFICIARIO 01201,001000001201,PEN,887.23,BINPPEPLXXX,PAGO PROVEEDOR 01201,OUR
10001202,BENEFICIARIO 01202,001000001202,PEN,887.96,SCBLPEPLXXX,PAGO PROVEEDOR 01202,BEN
10001203,BENEFICIARIO 01203,001000001203,PEN,888.69,CITIPEPLXXX,PAGO PROVEEDOR 01203,SHA
10001204,BENEFICIARIO 01204,001000001204,PEN,889.42,BCPLPEPLXXX,PAGO PROVEEDOR 01204,OUR
10001205,BENEFICIARIO 01205,001000001205,USD,890.15,BINPPEPLXXX,PAGO PROVEEDOR 01205,BEN
10001206,BENEFICIARIO 01206,001000001206,PEN,890.88,SCBLPEPLXXX,PAGO PROVEEDOR 01206,SHA
10001207,BENEFICIARIO 01207,001000001207,PEN,891.61,CITIPEPLXXX,PAGO PROVEEDOR 01207,OUR
10001208,BENEFICIARIO 01208,001000001208,PEN,892.34,BCPLPEPLXXX,PAGO PROVEEDOR 01208,BEN
10001209,BENEFICIARIO 01209,001000001209,PEN,893.07,BINPPEPLXXX,PAGO PROVEEDOR 01209,SHA
10001210,BENEFICIARIO 01210,001000001210,USD,893.80,SCBLPEPLXXX,PAGO PROVEEDOR 01210,OUR
10001211,BENEFICIARIO 01211,001000001211,PEN,894.53,CITIPEPLXXX,PAGO PROVEEDOR 01211,BEN
10001212,BENEFICIARIO 01212,001000001212,PEN,895.26,BCPLPEPLXXX,PAGO PROVEEDOR 01212,SHA
10001213,BENEFICIARIO 01213,001000001213,PEN,895.99,BINPPEPLXXX,PAGO PROVEEDOR 01213,OUR
10001214,BENEFICIARIO 01214,001000001214,PEN,896.72,SCBLPEPLXXX,PAGO PROVEEDOR 01214,BEN
10001215,BENEFICIARIO 01215,001000001215,USD,897.45,CITIPEPLXXX,PAGO PROVEEDOR 01215,SHA
10001216,BENEFICIARIO 01216,001000001216,PEN,898.18,BCPLPEPLXXX,PAGO PROVEEDOR 01216,OUR
10001217,BENEFICIARIO 01217,001000001217,PEN,898.91,BINPPEPLXXX,PAGO PROVEEDOR 01217,BEN
10001218,BENEFICIARIO 01218,001000001218,PEN,899.64,SCBLPEPLXXX,PAGO PROVEEDOR 01218,SHA
10001219,BENEFICIARIO 01219,001000001219,PEN,900.37,CITIPEPLXXX,PAGO PROVEEDOR 01219,OUR
10001220,BENEFICIARIO 01220,001000001220,USD,901.10,BCPLPEPLXXX,PAGO PROVEEDOR 01220,BEN
10001221,BENEFICIARIO 01221,001000001221,PEN,901.83,BINPPEPLXXX,PAGO PROVEEDOR 01221,SHA
10001222,BENEFICIARIO 01222,001000001222,PEN,902.56,SCBLPEPLXXX,PAGO PROVEEDOR 01222,OUR
10001223,BENEFICIARIO 01223,001000001223,PEN,903.29,CITIPEPLXXX,PAGO PROVEEDOR 01223,BEN
10001224,BENEFICIARIO 01224,001000001224,PEN,904.02,BCPLPEPLXXX,PAGO PROVEEDOR 01224,SHA
10001225,BENEFICIARIO 01225,001000001225,USD,904.75,BINPPEPLXXX,PAGO PROVEEDOR 01225,OUR
10001226,BENEFICIARIO 01226,001000001226,PEN,905.48,SCBLPEPLXXX,PAGO PROVEEDOR 01226,BEN
10001227,BENEFICIARIO 01227,001000001227,PEN,906.21,CITIPEPLXXX,PAGO PROVEEDOR 01227,SHA
10001228,BENEFICIARIO 01228,001000001228,PEN,906.94,BCPLPEPLXXX,PAGO PROVEEDOR 01228,OUR
10001229,BENEFICIARIO 01229,001000001229,PEN,907.67,BINPPEPLXXX,PAGO PROVEEDOR 01229,BEN
10001230,BENEFICIARIO 01230,001000001230,USD,908.40,SCBLPEPLXXX,PAGO PROVEEDOR 01230,SHA
10001231,BENEFICIARIO 01231,001000001231,PEN,909.13,CITIPEPLXXX,PAGO PROVEEDOR 01231,OUR
10001232,BENEFICIARIO 01232,001000001232,PEN,909.86,BCPLPEPLXXX,PAGO PROVEEDOR 01232,BEN
10001233,BENEFICIARIO 01233,001000001233,PEN,910.59,BINPPEPLXXX,PAGO PROVEEDOR 01233,SHA
10001234,BENEFICIARIO 01234,001000001234,PEN,911.32,SCBLPEPLXXX,PAGO PROVEEDOR 01234,OUR
10001235,BENEFICIARIO 01235,001000001235,USD,912.05,CITIPEPLXXX,PAGO PROVEEDOR 01235,BEN
10001236,BENEFICIARIO 01236,001000001236,PEN,912.78,BCPLPEPLXXX,PAGO PROVEEDOR 01236,SHA
10001237,BENEFICIARIO 01237,001000001237,PEN,913.51,BINPPEPLXXX,PAGO PROVEEDOR 01237,OUR
10001238,BENEFICIARIO 01238,001000001238,PEN,914.24,SCBLPEPLXXX,PAGO PROVEEDOR 01238,BEN
10001239,BENEFICIARIO 01239,001000001239,PEN,914.97,CITIPEPLXXX,PAGO PROVEEDOR 01239,SHA
10001240,BENEFICIARIO 01240,001000001240,USD,915.70,BCPLPEPLXXX,PAGO PROVEEDOR 01240,OUR
10001241,BENEFICIARIO 01241,001000001241,PEN,916.43,BINPPEPLXXX,PAGO PROVEEDOR 01241,BEN
10001242,BENEFICIARIO 01242,001000001242,PEN,917.16,SCBLPEPLXXX,PAGO PROVEEDOR 01242,SHA
10001243,BENEFICIARIO 01243,001000001243,PEN,917.89,CITIPEPLXXX,PAGO PROVEEDOR 01243,OUR
10001244,BENEFICIARIO 01244,001000001244,PEN,918.62,BCPLPEPLXXX,PAGO PROVEEDOR 01244,BEN
10001245,BENEFICIARIO 01245,001000001245,USD,919.35,BINPPEPLXXX,PAGO PROVEEDOR 01245,SHA
10001246,BENEFICIARIO 01246,001000001246,PEN,920.08,SCBLPEPLXXX,PAGO PROVEEDOR 01246,OUR
10001247,BENEFICIARIO 01247,001000001247,PEN,920.81,CITIPEPLXXX,PAGO PROVEEDOR 01247,BEN
10001248,BENEFICIARIO 01248,001000001248,PEN,921.54,BCPLPEPLXXX,PAGO PROVEEDOR 01248,SHA
10001249,BENEFICIARIO 01249,001000001249,PEN,922.27,BINPPEPLXXX,PAGO PROVEEDOR 01249,OUR
10001250,BENEFICIARIO 01250,001000001250,USD,923.00,SCBLPEPLXXX,PAGO PROVEEDOR 01250,BEN
10001251,BENEFICIARIO 01251,001000001251,PEN,923.73,CITIPEPLXXX,PAGO PROVEEDOR 01251,SHA
10001252,BENEFICIARIO 01252,001000001252,PEN,924.46,BCPLPEPLXXX,PAGO PROVEEDOR 01252,OUR
10001253,BENEFICIARIO 01253,001000001253,PEN,925.19,BINPPEPLXXX,PAGO PROVEEDOR 01253,BEN
10001254,BENEFICIARIO 01254,001000001254,PEN,925.92,SCBLPEPLXXX,PAGO PROVEEDOR 01254,SHA
10001255,BENEFICIARIO 01255,001000001255,USD,926.65,CITIPEPLXXX,PAGO PROVEEDOR 01255,OUR
10001256,BENEFICIARIO 01256,001000001256,PEN,927.38,BCPLPEPLXXX,PAGO PROVEEDOR 01256,BEN
10001257,BENEFICIARIO 01257,001000001257,PEN,928.11,BINPPEPLXXX,PAGO PROVEEDOR 01257,SHA
10001258,BENEFICIARIO 01258,001000001258,PEN,928.84,SCBLPEPLXXX,PAGO PROVEEDOR 01258,OUR
10001259,BENEFICIARIO 01259,001000001259,PEN,929.57,CITIPEPLXXX,PAGO PROVEEDOR 01259,BEN
10001260,BENEFICIARIO 01260,001000001260,USD,930.30,BCPLPEPLXXX,PAGO PROVEEDOR 01260,SHA
10001261,BENEFICIARIO 01261,001000001261,PEN,931.03,BINPPEPLXXX,PAGO PROVEEDOR 01261,OUR
10001262,BENEFICIARIO 01262,001000001262,PEN,931.76,SCBLPEPLXXX,PAGO PROVEEDOR 01262,BEN
10001263,BENEFICIARIO 01263,001000001263,PEN,932.49,CITIPEPLXXX,PAGO PROVEEDOR 01263,SHA
10001264,BENEFICIARIO 01264,001000001264,PEN,933.22,BCPLPEPLXXX,PAGO PROVEEDOR 01264,OUR
10001265,BENEFICIARIO 01265,001000001265,USD,933.95,BINPPEPLXXX,PAGO PROVEEDOR 01265,BEN
10001266,BENEFICIARIO 01266,001000001266,PEN,934.68,SCBLPEPLXXX,PAGO PROVEEDOR 01266,SHA
10001267,BENEFICIARIO 01267,001000001267,PEN,935.41,CITIPEPLXXX,PAGO PROVEEDOR 01267,OUR
10001268,BENEFICIARIO 01268,001000001268,PEN,936.14,BCPLPEPLXXX,PAGO PROVEEDOR 01268,BEN
10001269,BENEFICIARIO 01269,001000001269,PEN,936.87,BINPPEPLXXX,PAGO PROVEEDOR 01269,SHA
10001270,BENEFICIARIO 01270,001000001270,USD,937.60,SCBLPEPLXXX,PAGO PROVEEDOR 01270,OUR
10001271,BENEFICIARIO 01271,001000001271,PEN,938.33,CITIPEPLXXX,PAGO PROVEEDOR 01271,BEN
10001272,BENEFICIARIO 01272,001000001272,PEN,939.06,BCPLPEPLXXX,PAGO PROVEEDOR 01272,SHA
10001273,BENEFICIARIO 01273,001000001273,PEN,939.79,BINPPEPLXXX,PAGO PROVEEDOR 01273,OUR
10001274,BENEFICIARIO 01274,001000001274,PEN,940.52,SCBLPEPLXXX,PAGO PROVEEDOR 01274,BEN
10001275,BENEFICIARIO 01275,001000001275,USD,941.25,CITIPEPLXXX,PAGO PROVEEDOR 01275,SHA
10001276,BENEFICIARIO 01276,001000001276,PEN,941.98,BCPLPEPLXXX,PAGO PROVEEDOR 01276,OUR
10001277,BENEFICIARIO 01277,001000001277,PEN,942.71,BINPPEPLXXX,PAGO PROVEEDOR 01277,BEN
10001278,BENEFICIARIO 01278,001000001278,PEN,943.44,SCBLPEPLXXX,PAGO PROVEEDOR 01278,SHA
10001279,BENEFICIARIO 01279,001000001279,PEN,944.17,CITIPEPLXXX,PAGO PROVEEDOR 01279,OUR
10001280,BENEFICIARIO 01280,001000001280,USD,944.90,BCPLPEPLXXX,PAGO PROVEEDOR 01280,BEN
10001281,BENEFICIARIO 01281,001000001281,PEN,945.63,BINPPEPLXXX,PAGO PROVEEDOR 01281,SHA
10001282,BENEFICIARIO 01282,001000001282,PEN,946.36,SCBLPEPLXXX,PAGO PROVEEDOR 01282,OUR
10001283,BENEFICIARIO 01283,001000001283,PEN,947.09,CITIPEPLXXX,PAGO PROVEEDOR 01283,BEN
10001284,BENEFICIARIO 01284,001000001284,PEN,947.82,BCPLPEPLXXX,PAGO PROVEEDOR 01284,SHA
10001285,BENEFICIARIO 01285,001000001285,USD,948.55,BINPPEPLXXX,PAGO PROVEEDOR 01285,OUR
10001286,BENEFICIARIO 01286,001000001286,PEN,949.28,SCBLPEPLXXX,PAGO PROVEEDOR 01286,BEN
10001287,BENEFICIARIO 01287,001000001287,PEN,950.01,CITIPEPLXXX,PAGO PROVEEDOR 01287,SHA
10001288,BENEFICIARIO 01288,001000001288,PEN,950.74,BCPLPEPLXXX,PAGO PROVEEDOR 01288,OUR
10001289,BENEFICIARIO 01289,001000001289,PEN,951.47,BINPPEPLXXX,PAGO PROVEEDOR 01289,BEN
10001290,BENEFICIARIO 01290,001000001290,USD,952.20,SCBLPEPLXXX,PAGO PROVEEDOR 01290,SHA
10001291,BENEFICIARIO 01291,001000001291,PEN,952.93,CITIPEPLXXX,PAGO PROVEEDOR 01291,OUR
10001292,BENEFICIARIO 01292,001000001292,PEN,953.66,BCPLPEPLXXX,PAGO PROVEEDOR 01292,BEN
10001293,BENEFICIARIO 01293,001000001293,PEN,954.39,BINPPEPLXXX,PAGO PROVEEDOR 01293,SHA
10001294,BENEFICIARIO 01294,001000001294,PEN,955.12,SCBLPEPLXXX,PAGO PROVEEDOR 01294,OUR
10001295,BENEFICIARIO 01295,001000001295,USD,955.85,CITIPEPLXXX,PAGO PROVEEDOR 01295,BEN
10001296,BENEFICIARIO 01296,001000001296,PEN,956.58,BCPLPEPLXXX,PAGO PROVEEDOR 01296,SHA
10001297,BENEFICIARIO 01297,001000001297,PEN,957.31,BINPPEPLXXX,PAGO PROVEEDOR 01297,OUR
10001298,BENEFICIARIO 01298,001000001298,PEN,958.04,SCBLPEPLXXX,PAGO PROVEEDOR 01298,BEN
10001299,BENEFICIARIO 01299,001000001299,PEN,958.77,CITIPEPLXXX,PAGO PROVEEDOR 01299,SHA
10001300,BENEFICIARIO 01300,001000001300,USD,959.50,BCPLPEPLXXX,PAGO PROVEEDOR 01300,OUR
10001301,BENEFICIARIO 01301,001000001301,PEN,960.23,BINPPEPLXXX,PAGO PROVEEDOR 01301,BEN
10001302,BENEFICIARIO 01302,001000001302,PEN,960.96,SCBLPEPLXXX,PAGO PROVEEDOR 01302,SHA
10001303,BENEFICIARIO 01303,001000001303,PEN,961.69,CITIPEPLXXX,PAGO PROVEEDOR 01303,OUR
10001304,BENEFICIARIO 01304,001000001304,PEN,962.42,BCPLPEPLXXX,PAGO PROVEEDOR 01304,BEN
10001305,BENEFICIARIO 01305,001000001305,USD,963.15,BINPPEPLXXX,PAGO PROVEEDOR 01305,SHA
10001306,BENEFICIARIO 01306,001000001306,PEN,963.88,SCBLPEPLXXX,PAGO PROVEEDOR 01306,OUR
10001307,BENEFICIARIO 01307,001000001307,PEN,964.61,CITIPEPLXXX,PAGO PROVEEDOR 01307,BEN
10001308,BENEFICIARIO 01308,001000001308,PEN,965.34,BCPLPEPLXXX,PAGO PROVEEDOR 01308,SHA
10001309,BENEFICIARIO 01309,001000001309,PEN,966.07,BINPPEPLXXX,PAGO PROVEEDOR 01309,OUR
10001310,BENEFICIARIO 01310,001000001310,USD,966.80,SCBLPEPLXXX,PAGO PROVEEDOR 01310,BEN
10001311,BENEFICIARIO 01311,001000001311,PEN,967.53,CITIPEPLXXX,PAGO PROVEEDOR 01311,SHA
10001312,BENEFICIARIO 01312,001000001312,PEN,968.26,BCPLPEPLXXX,PAGO PROVEEDOR 01312,OUR
10001313,BENEFICIARIO 01313,001000001313,PEN,968.99,BINPPEPLXXX,PAGO PROVEEDOR 01313,BEN
10001314,BENEFICIARIO 01314,001000001314,PEN,969.72,SCBLPEPLXXX,PAGO PROVEEDOR 01314,SHA
10001315,BENEFICIARIO 01315,001000001315,USD,970.45,CITIPEPLXXX,PAGO PROVEEDOR 01315,OUR
10001316,BENEFICIARIO 01316,001000001316,PEN,971.18,BCPLPEPLXXX,PAGO PROVEEDOR 01316,BEN
10001317,BENEFICIARIO 01317,001000001317,PEN,971.91,BINPPEPLXXX,PAGO PROVEEDOR 01317,SHA
10001318,BENEFICIARIO 01318,001000001318,PEN,972.64,SCBLPEPLXXX,PAGO PROVEEDOR 01318,OUR
10001319,BENEFICIARIO 01319,001000001319,PEN,973.37,CITIPEPLXXX,PAGO PROVEEDOR 01319,BEN
10001320,BENEFICIARIO 01320,001000001320,USD,974.10,BCPLPEPLXXX,PAGO PROVEEDOR 01320,SHA
10001321,BENEFICIARIO 01321,001000001321,PEN,974.83,BINPPEPLXXX,PAGO PROVEEDOR 01321,OUR
10001322,BENEFICIARIO 01322,001000001322,PEN,975.56,SCBLPEPLXXX,PAGO PROVEEDOR 01322,BEN
10001323,BENEFICIARIO 01323,001000001323,PEN,976.29,CITIPEPLXXX,PAGO PROVEEDOR 01323,SHA
10001324,BENEFICIARIO 01324,001000001324,PEN,977.02,BCPLPEPLXXX,PAGO PROVEEDOR 01324,OUR
10001325,BENEFICIARIO 01325,001000001325,USD,977.75,BINPPEPLXXX,PAGO PROVEEDOR 01325,BEN
10001326,BENEFICIARIO 01326,001000001326,PEN,978.48,SCBLPEPLXXX,PAGO PROVEEDOR 01326,SHA
10001327,BENEFICIARIO 01327,001000001327,PEN,979.21,CITIPEPLXXX,PAGO PROVEEDOR 01327,OUR
10001328,BENEFICIARIO 01328,001000001328,PEN,979.94,BCPLPEPLXXX,PAGO PROVEEDOR 01328,BEN
10001329,BENEFICIARIO 01329,001000001329,PEN,980.67,BINPPEPLXXX,PAGO PROVEEDOR 01329,SHA
10001330,BENEFICIARIO 01330,001000001330,USD,981.40,SCBLPEPLXXX,PAGO PROVEEDOR 01330,OUR
10001331,BENEFICIARIO 01331,001000001331,PEN,982.13,CITIPEPLXXX,PAGO PROVEEDOR 01331,BEN
10001332,BENEFICIARIO 01332,001000001332,PEN,982.86,BCPLPEPLXXX,PAGO PROVEEDOR 01332,SHA
10001333,BENEFICIARIO 01333,001000001333,PEN,983.59,BINPPEPLXXX,PAGO PROVEEDOR 01333,OUR
10001334,BENEFICIARIO 01334,001000001334,PEN,984.32,SCBLPEPLXXX,PAGO PROVEEDOR 01334,BEN
10001335,BENEFICIARIO 01335,001000001335,USD,985.05,CITIPEPLXXX,PAGO PROVEEDOR 01335,SHA
10001336,BENEFICIARIO 01336,001000001336,PEN,985.78,BCPLPEPLXXX,PAGO PROVEEDOR 01336,OUR
10001337,BENEFICIARIO 01337,001000001337,PEN,986.51,BINPPEPLXXX,PAGO PROVEEDOR 01337,BEN
10001338,BENEFICIARIO 01338,001000001338,PEN,987.24,SCBLPEPLXXX,PAGO PROVEEDOR 01338,SHA
10001339,BENEFICIARIO 01339,001000001339,PEN,987.97,CITIPEPLXXX,PAGO PROVEEDOR 01339,OUR
10001340,BENEFICIARIO 01340,001000001340,USD,988.70,BCPLPEPLXXX,PAGO PROVEEDOR 01340,BEN
10001341,BENEFICIARIO 01341,001000001341,PEN,989.43,BINPPEPLXXX,PAGO PROVEEDOR 01341,SHA
10001342,BENEFICIARIO 01342,001000001342,PEN,990.16,SCBLPEPLXXX,PAGO PROVEEDOR 01342,OUR
10001343,BENEFICIARIO 01343,001000001343,PEN,990.89,CITIPEPLXXX,PAGO PROVEEDOR 01343,BEN
10001344,BENEFICIARIO 01344,001000001344,PEN,991.62,BCPLPEPLXXX,PAGO PROVEEDOR 01344,SHA
10001345,BENEFICIARIO 01345,001000001345,USD,992.35,BINPPEPLXXX,PAGO PROVEEDOR 01345,OUR
10001346,BENEFICIARIO 01346,001000001346,PEN,993.08,SCBLPEPLXXX,PAGO PROVEEDOR 01346,BEN
10001347,BENEFICIARIO 01347,001000001347,PEN,993.81,CITIPEPLXXX,PAGO PROVEEDOR 01347,SHA
10001348,BENEFICIARIO 01348,001000001348,PEN,994.54,BCPLPEPLXXX,PAGO PROVEEDOR 01348,OUR
10001349,BENEFICIARIO 01349,001000001349,PEN,995.27,BINPPEPLXXX,PAGO PROVEEDOR 01349,BEN
10001350,BENEFICIARIO 01350,001000001350,USD,996.00,SCBLPEPLXXX,PAGO PROVEEDOR 01350,SHA
10001351,BENEFICIARIO 01351,001000001351,PEN,996.73,CITIPEPLXXX,PAGO PROVEEDOR 01351,OUR
10001352,BENEFICIARIO 01352,001000001352,PEN,997.46,BCPLPEPLXXX,PAGO PROVEEDOR 01352,BEN
10001353,BENEFICIARIO 01353,001000001353,PEN,998.19,BINPPEPLXXX,PAGO PROVEEDOR 01353,SHA
10001354,BENEFICIARIO 01354,001000001354,PEN,998.92,SCBLPEPLXXX,PAGO PROVEEDOR 01354,OUR
10001355,BENEFICIARIO 01355,001000001355,USD,999.65,CITIPEPLXXX,PAGO PROVEEDOR 01355,BEN
10001356,BENEFICIARIO 01356,001000001356,PEN,1000.38,BCPLPEPLXXX,PAGO PROVEEDOR 01356,SHA
10001357,BENEFICIARIO 01357,001000001357,PEN,1001.11,BINPPEPLXXX,PAGO PROVEEDOR 01357,OUR
10001358,BENEFICIARIO 01358,001000001358,PEN,1001.84,SCBLPEPLXXX,PAGO PROVEEDOR 01358,BEN
10001359,BENEFICIARIO 01359,001000001359,PEN,1002.57,CITIPEPLXXX,PAGO PROVEEDOR 01359,SHA
10001360,BENEFICIARIO 01360,001000001360,USD,1003.30,BCPLPEPLXXX,PAGO PROVEEDOR 01360,OUR
10001361,BENEFICIARIO 01361,001000001361,PEN,1004.03,BINPPEPLXXX,PAGO PROVEEDOR 01361,BEN
10001362,BENEFICIARIO 01362,001000001362,PEN,1004.76,SCBLPEPLXXX,PAGO PROVEEDOR 01362,SHA
10001363,BENEFICIARIO 01363,001000001363,PEN,1005.49,CITIPEPLXXX,PAGO PROVEEDOR 01363,OUR
10001364,BENEFICIARIO 01364,001000001364,PEN,1006.22,BCPLPEPLXXX,PAGO PROVEEDOR 01364,BEN
10001365,BENEFICIARIO 01365,001000001365,USD,1006.95,BINPPEPLXXX,PAGO PROVEEDOR 01365,SHA
10001366,BENEFICIARIO 01366,001000001366,PEN,1007.68,SCBLPEPLXXX,PAGO PROVEEDOR 01366,OUR
10001367,BENEFICIARIO 01367,001000001367,PEN,1008.41,CITIPEPLXXX,PAGO PROVEEDOR 01367,BEN
10001368,BENEFICIARIO 01368,001000001368,PEN,1009.14,BCPLPEPLXXX,PAGO PROVEEDOR 01368,SHA
10001369,BENEFICIARIO 01369,001000001369,PEN,1009.87,BINPPEPLXXX,PAGO PROVEEDOR 01369,OUR
10001370,BENEFICIARIO 01370,001000001370,USD,1010.60,SCBLPEPLXXX,PAGO PROVEEDOR 01370,BEN
10001371,BENEFICIARIO 01371,001000001371,PEN,1011.33,CITIPEPLXXX,PAGO PROVEEDOR 01371,SHA
10001372,BENEFICIARIO 01372,001000001372,PEN,1012.06,BCPLPEPLXXX,PAGO PROVEEDOR 01372,OUR
10001373,BENEFICIARIO 01373,001000001373,PEN,1012.79,BINPPEPLXXX,PAGO PROVEEDOR 01373,BEN
10001374,BENEFICIARIO 01374,001000001374,PEN,1013.52,SCBLPEPLXXX,PAGO PROVEEDOR 01374,SHA
10001375,BENEFICIARIO 01375,001000001375,USD,1014.25,CITIPEPLXXX,PAGO PROVEEDOR 01375,OUR
10001376,BENEFICIARIO 01376,001000001376,PEN,1014.98,BCPLPEPLXXX,PAGO PROVEEDOR 01376,BEN
10001377,BENEFICIARIO 01377,001000001377,PEN,1015.71,BINPPEPLXXX,PAGO PROVEEDOR 01377,SHA
10001378,BENEFICIARIO 01378,001000001378,PEN,1016.44,SCBLPEPLXXX,PAGO PROVEEDOR 01378,OUR
10001379,BENEFICIARIO 01379,001000001379,PEN,1017.17,CITIPEPLXXX,PAGO PROVEEDOR 01379,BEN
10001380,BENEFICIARIO 01380,001000001380,USD,1017.90,BCPLPEPLXXX,PAGO PROVEEDOR 01380,SHA
10001381,BENEFICIARIO 01381,001000001381,PEN,1018.63,BINPPEPLXXX,PAGO PROVEEDOR 01381,OUR
10001382,BENEFICIARIO 01382,001000001382,PEN,1019.36,SCBLPEPLXXX,PAGO PROVEEDOR 01382,BEN
10001383,BENEFICIARIO 01383,001000001383,PEN,1020.09,CITIPEPLXXX,PAGO PROVEEDOR 01383,SHA
10001384,BENEFICIARIO 01384,001000001384,PEN,1020.82,BCPLPEPLXXX,PAGO PROVEEDOR 01384,OUR
10001385,BENEFICIARIO 01385,001000001385,USD,1021.55,BINPPEPLXXX,PAGO PROVEEDOR 01385,BEN
10001386,BENEFICIARIO 01386,001000001386,PEN,1022.28,SCBLPEPLXXX,PAGO PROVEEDOR 01386,SHA
10001387,BENEFICIARIO 01387,001000001387,PEN,1023.01,CITIPEPLXXX,PAGO PROVEEDOR 01387,OUR
10001388,BENEFICIARIO 01388,001000001388,PEN,1023.74,BCPLPEPLXXX,PAGO PROVEEDOR 01388,BEN
10001389,BENEFICIARIO 01389,001000001389,PEN,1024.47,BINPPEPLXXX,PAGO PROVEEDOR 01389,SHA
10001390,BENEFICIARIO 01390,001000001390,USD,1025.20,SCBLPEPLXXX,PAGO PROVEEDOR 01390,OUR
10001391,BENEFICIARIO 01391,001000001391,PEN,1025.93,CITIPEPLXXX,PAGO PROVEEDOR 01391,BEN
10001392,BENEFICIARIO 01392,001000001392,PEN,1026.66,BCPLPEPLXXX,PAGO PROVEEDOR 01392,SHA
10001393,BENEFICIARIO 01393,001000001393,PEN,1027.39,BINPPEPLXXX,PAGO PROVEEDOR 01393,OUR
10001394,BENEFICIARIO 01394,001000001394,PEN,1028.12,SCBLPEPLXXX,PAGO PROVEEDOR 01394,BEN
10001395,BENEFICIARIO 01395,001000001395,USD,1028.85,CITIPEPLXXX,PAGO PROVEEDOR 01395,SHA
10001396,BENEFICIARIO 01396,001000001396,PEN,1029.58,BCPLPEPLXXX,PAGO PROVEEDOR 01396,OUR
10001397,BENEFICIARIO 01397,001000001397,PEN,1030.31,BINPPEPLXXX,PAGO PROVEEDOR 01397,BEN
10001398,BENEFICIARIO 01398,001000001398,PEN,1031.04,SCBLPEPLXXX,PAGO PROVEEDOR 01398,SHA
10001399,BENEFICIARIO 01399,001000001399,PEN,1031.77,CITIPEPLXXX,PAGO PROVEEDOR 01399,OUR
10001400,BENEFICIARIO 01400,001000001400,USD,1032.50,BCPLPEPLXXX,PAGO PROVEEDOR 01400,BEN
10001401,BENEFICIARIO 01401,001000001401,PEN,1033.23,BINPPEPLXXX,PAGO PROVEEDOR 01401,SHA
10001402,BENEFICIARIO 01402,001000001402,PEN,1033.96,SCBLPEPLXXX,PAGO PROVEEDOR 01402,OUR
10001403,BENEFICIARIO 01403,001000001403,PEN,1034.69,CITIPEPLXXX,PAGO PROVEEDOR 01403,BEN
10001404,BENEFICIARIO 01404,001000001404,PEN,1035.42,BCPLPEPLXXX,PAGO PROVEEDOR 01404,SHA
10001405,BENEFICIARIO 01405,001000001405,USD,1036.15,BINPPEPLXXX,PAGO PROVEEDOR 01405,OUR
10001406,BENEFICIARIO 01406,001000001406,PEN,1036.88,SCBLPEPLXXX,PAGO PROVEEDOR 01406,BEN
10001407,BENEFICIARIO 01407,001000001407,PEN,1037.61,CITIPEPLXXX,PAGO PROVEEDOR 01407,SHA
10001408,BENEFICIARIO 01408,001000001408,PEN,1038.34,BCPLPEPLXXX,PAGO PROVEEDOR 01408,OUR
10001409,BENEFICIARIO 01409,001000001409,PEN,1039.07,BINPPEPLXXX,PAGO PROVEEDOR 01409,BEN
10001410,BENEFICIARIO 01410,001000001410,USD,1039.80,SCBLPEPLXXX,PAGO PROVEEDOR 01410,SHA
10001411,BENEFICIARIO 01411,001000001411,PEN,1040.53,CITIPEPLXXX,PAGO PROVEEDOR 01411,OUR
10001412,BENEFICIARIO 01412,001000001412,PEN,1041.26,BCPLPEPLXXX,PAGO PROVEEDOR 01412,BEN
10001413,BENEFICIARIO 01413,001000001413,PEN,1041.99,BINPPEPLXXX,PAGO PROVEEDOR 01413,SHA
10001414,BENEFICIARIO 01414,001000001414,PEN,1042.72,SCBLPEPLXXX,PAGO PROVEEDOR 01414,OUR
10001415,BENEFICIARIO 01415,001000001415,USD,1043.45,CITIPEPLXXX,PAGO PROVEEDOR 01415,BEN
10001416,BENEFICIARIO 01416,001000001416,PEN,1044.18,BCPLPEPLXXX,PAGO PROVEEDOR 01416,SHA
10001417,BENEFICIARIO 01417,001000001417,PEN,1044.91,BINPPEPLXXX,PAGO PROVEEDOR 01417,OUR
10001418,BENEFICIARIO 01418,001000001418,PEN,1045.64,SCBLPEPLXXX,PAGO PROVEEDOR 01418,BEN
10001419,BENEFICIARIO 01419,001000001419,PEN,1046.37,CITIPEPLXXX,PAGO PROVEEDOR 01419,SHA
10001420,BENEFICIARIO 01420,001000001420,USD,1047.10,BCPLPEPLXXX,PAGO PROVEEDOR 01420,OUR
10001421,BENEFICIARIO 01421,001000001421,PEN,1047.83,BINPPEPLXXX,PAGO PROVEEDOR 01421,BEN
10001422,BENEFICIARIO 01422,001000001422,PEN,1048.56,SCBLPEPLXXX,PAGO PROVEEDOR 01422,SHA
10001423,BENEFICIARIO 01423,001000001423,PEN,1049.29,CITIPEPLXXX,PAGO PROVEEDOR 01423,OUR
10001424,BENEFICIARIO 01424,001000001424,PEN,1050.02,BCPLPEPLXXX,PAGO PROVEEDOR 01424,BEN
10001425,BENEFICIARIO 01425,001000001425,USD,1050.75,BINPPEPLXXX,PAGO PROVEEDOR 01425,SHA
10001426,BENEFICIARIO 01426,001000001426,PEN,1051.48,SCBLPEPLXXX,PAGO PROVEEDOR 01426,OUR
10001427,BENEFICIARIO 01427,001000001427,PEN,1052.21,CITIPEPLXXX,PAGO PROVEEDOR 01427,BEN
10001428,BENEFICIARIO 01428,001000001428,PEN,1052.94,BCPLPEPLXXX,PAGO PROVEEDOR 01428,SHA
10001429,BENEFICIARIO 01429,001000001429,PEN,1053.67,BINPPEPLXXX,PAGO PROVEEDOR 01429,OUR
10001430,BENEFICIARIO 01430,001000001430,USD,1054.40,SCBLPEPLXXX,PAGO PROVEEDOR 01430,BEN
10001431,BENEFICIARIO 01431,001000001431,PEN,1055.13,CITIPEPLXXX,PAGO PROVEEDOR 01431,SHA
10001432,BENEFICIARIO 01432,001000001432,PEN,1055.86,BCPLPEPLXXX,PAGO PROVEEDOR 01432,OUR
10001433,BENEFICIARIO 01433,001000001433,PEN,1056.59,BINPPEPLXXX,PAGO PROVEEDOR 01433,BEN
10001434,BENEFICIARIO 01434,001000001434,PEN,1057.32,SCBLPEPLXXX,PAGO PROVEEDOR 01434,SHA
10001435,BENEFICIARIO 01435,001000001435,USD,1058.05,CITIPEPLXXX,PAGO PROVEEDOR 01435,OUR
10001436,BENEFICIARIO 01436,001000001436,PEN,1058.78,BCPLPEPLXXX,PAGO PROVEEDOR 01436,BEN
10001437,BENEFICIARIO 01437,001000001437,PEN,1059.51,BINPPEPLXXX,PAGO PROVEEDOR 01437,SHA
10001438,BENEFICIARIO 01438,001000001438,PEN,1060.24,SCBLPEPLXXX,PAGO PROVEEDOR 01438,OUR
10001439,BENEFICIARIO 01439,001000001439,PEN,1060.97,CITIPEPLXXX,PAGO PROVEEDOR 01439,BEN
10001440,BENEFICIARIO 01440,001000001440,USD,1061.70,BCPLPEPLXXX,PAGO PROVEEDOR 01440,SHA
10001441,BENEFICIARIO 01441,001000001441,PEN,1062.43,BINPPEPLXXX,PAGO PROVEEDOR 01441,OUR
10001442,BENEFICIARIO 01442,001000001442,PEN,1063.16,SCBLPEPLXXX,PAGO PROVEEDOR 01442,BEN
10001443,BENEFICIARIO 01443,001000001443,PEN,1063.89,CITIPEPLXXX,PAGO PROVEEDOR 01443,SHA
10001444,BENEFICIARIO 01444,001000001444,PEN,1064.62,BCPLPEPLXXX,PAGO PROVEEDOR 01444,OUR
10001445,BENEFICIARIO 01445,001000001445,USD,1065.35,BINPPEPLXXX,PAGO PROVEEDOR 01445,BEN
10001446,BENEFICIARIO 01446,001000001446,PEN,1066.08,SCBLPEPLXXX,PAGO PROVEEDOR 01446,SHA
10001447,BENEFICIARIO 01447,001000001447,PEN,1066.81,CITIPEPLXXX,PAGO PROVEEDOR 01447,OUR
10001448,BENEFICIARIO 01448,001000001448,PEN,1067.54,BCPLPEPLXXX,PAGO PROVEEDOR 01448,BEN
10001449,BENEFICIARIO 01449,001000001449,PEN,1068.27,BINPPEPLXXX,PAGO PROVEEDOR 01449,SHA
10001450,BENEFICIARIO 01450,001000001450,USD,1069.00,SCBLPEPLXXX,PAGO PROVEEDOR 01450,OUR
10001451,BENEFICIARIO 01451,001000001451,PEN,1069.73,CITIPEPLXXX,PAGO PROVEEDOR 01451,BEN
10001452,BENEFICIARIO 01452,001000001452,PEN,1070.46,BCPLPEPLXXX,PAGO PROVEEDOR 01452,SHA
10001453,BENEFICIARIO 01453,001000001453,PEN,1071.19,BINPPEPLXXX,PAGO PROVEEDOR 01453,OUR
10001454,BENEFICIARIO 01454,001000001454,PEN,1071.92,SCBLPEPLXXX,PAGO PROVEEDOR 01454,BEN
10001455,BENEFICIARIO 01455,001000001455,USD,1072.65,CITIPEPLXXX,PAGO PROVEEDOR 01455,SHA
10001456,BENEFICIARIO 01456,001000001456,PEN,1073.38,BCPLPEPLXXX,PAGO PROVEEDOR 01456,OUR
10001457,BENEFICIARIO 01457,001000001457,PEN,1074.11,BINPPEPLXXX,PAGO PROVEEDOR 01457,BEN
10001458,BENEFICIARIO 01458,001000001458,PEN,1074.84,SCBLPEPLXXX,PAGO PROVEEDOR 01458,SHA
10001459,BENEFICIARIO 01459,001000001459,PEN,1075.57,CITIPEPLXXX,PAGO PROVEEDOR 01459,OUR
10001460,BENEFICIARIO 01460,001000001460,USD,1076.30,BCPLPEPLXXX,PAGO PROVEEDOR 01460,BEN
10001461,BENEFICIARIO 01461,001000001461,PEN,1077.03,BINPPEPLXXX,PAGO PROVEEDOR 01461,SHA
10001462,BENEFICIARIO 01462,001000001462,PEN,1077.76,SCBLPEPLXXX,PAGO PROVEEDOR 01462,OUR
10001463,BENEFICIARIO 01463,001000001463,PEN,1078.49,CITIPEPLXXX,PAGO PROVEEDOR 01463,BEN
10001464,BENEFICIARIO 01464,001000001464,PEN,1079.22,BCPLPEPLXXX,PAGO PROVEEDOR 01464,SHA
10001465,BENEFICIARIO 01465,001000001465,USD,1079.95,BINPPEPLXXX,PAGO PROVEEDOR 01465,OUR
10001466,BENEFICIARIO 01466,001000001466,PEN,1080.68,SCBLPEPLXXX,PAGO PROVEEDOR 01466,BEN
10001467,BENEFICIARIO 01467,001000001467,PEN,1081.41,CITIPEPLXXX,PAGO PROVEEDOR 01467,SHA
10001468,BENEFICIARIO 01468,001000001468,PEN,1082.14,BCPLPEPLXXX,PAGO PROVEEDOR 01468,OUR
10001469,BENEFICIARIO 01469,001000001469,PEN,1082.87,BINPPEPLXXX,PAGO PROVEEDOR 01469,BEN
10001470,BENEFICIARIO 01470,001000001470,USD,1083.60,SCBLPEPLXXX,PAGO PROVEEDOR 01470,SHA
10001471,BENEFICIARIO 01471,001000001471,PEN,1084.33,CITIPEPLXXX,PAGO PROVEEDOR 01471,OUR
10001472,BENEFICIARIO 01472,001000001472,PEN,1085.06,BCPLPEPLXXX,PAGO PROVEEDOR 01472,BEN
10001473,BENEFICIARIO 01473,001000001473,PEN,1085.79,BINPPEPLXXX,PAGO PROVEEDOR 01473,SHA
10001474,BENEFICIARIO 01474,001000001474,PEN,1086.52,SCBLPEPLXXX,PAGO PROVEEDOR 01474,OUR
10001475,BENEFICIARIO 01475,001000001475,USD,1087.25,CITIPEPLXXX,PAGO PROVEEDOR 01475,BEN
10001476,BENEFICIARIO 01476,001000001476,PEN,1087.98,BCPLPEPLXXX,PAGO PROVEEDOR 01476,SHA
10001477,BENEFICIARIO 01477,001000001477,PEN,1088.71,BINPPEPLXXX,PAGO PROVEEDOR 01477,OUR
10001478,BENEFICIARIO 01478,001000001478,PEN,1089.44,SCBLPEPLXXX,PAGO PROVEEDOR 01478,BEN
10001479,BENEFICIARIO 01479,001000001479,PEN,1090.17,CITIPEPLXXX,PAGO PROVEEDOR 01479,SHA
10001480,BENEFICIARIO 01480,001000001480,USD,1090.90,BCPLPEPLXXX,PAGO PROVEEDOR 01480,OUR
10001481,BENEFICIARIO 01481,001000001481,PEN,1091.63,BINPPEPLXXX,PAGO PROVEEDOR 01481,BEN
10001482,BENEFICIARIO 01482,001000001482,PEN,1092.36,SCBLPEPLXXX,PAGO PROVEEDOR 01482,SHA
10001483,BENEFICIARIO 01483,001000001483,PEN,1093.09,CITIPEPLXXX,PAGO PROVEEDOR 01483,OUR
10001484,BENEFICIARIO 01484,001000001484,PEN,1093.82,BCPLPEPLXXX,PAGO PROVEEDOR 01484,BEN
10001485,BENEFICIARIO 01485,001000001485,USD,1094.55,BINPPEPLXXX,PAGO PROVEEDOR 01485,SHA
10001486,BENEFICIARIO 01486,001000001486,PEN,1095.28,SCBLPEPLXXX,PAGO PROVEEDOR 01486,OUR
10001487,BENEFICIARIO 01487,001000001487,PEN,1096.01,CITIPEPLXXX,PAGO PROVEEDOR 01487,BEN
10001488,BENEFICIARIO 01488,001000001488,PEN,1096.74,BCPLPEPLXXX,PAGO PROVEEDOR 01488,SHA
10001489,BENEFICIARIO 01489,001000001489,PEN,1097.47,BINPPEPLXXX,PAGO PROVEEDOR 01489,OUR
10001490,BENEFICIARIO 01490,001000001490,USD,1098.20,SCBLPEPLXXX,PAGO PROVEEDOR 01490,BEN
10001491,BENEFICIARIO 01491,001000001491,PEN,1098.93,CITIPEPLXXX,PAGO PROVEEDOR 01491,SHA
10001492,BENEFICIARIO 01492,001000001492,PEN,1099.66,BCPLPEPLXXX,PAGO PROVEEDOR 01492,OUR
10001493,BENEFICIARIO 01493,001000001493,PEN,1100.39,BINPPEPLXXX,PAGO PROVEEDOR 01493,BEN
10001494,BENEFICIARIO 01494,001000001494,PEN,1101.12,SCBLPEPLXXX,PAGO PROVEEDOR 01494,SHA
10001495,BENEFICIARIO 01495,001000001495,USD,1101.85,CITIPEPLXXX,PAGO PROVEEDOR 01495,OUR
10001496,BENEFICIARIO 01496,001000001496,PEN,1102.58,BCPLPEPLXXX,PAGO PROVEEDOR 01496,BEN
10001497,BENEFICIARIO 01497,001000001497,PEN,1103.31,BINPPEPLXXX,PAGO PROVEEDOR 01497,SHA
10001498,BENEFICIARIO 01498,001000001498,PEN,1104.04,SCBLPEPLXXX,PAGO PROVEEDOR 01498,OUR
10001499,BENEFICIARIO 01499,001000001499,PEN,1104.77,CITIPEPLXXX,PAGO PROVEEDOR 01499,BEN
10001500,BENEFICIARIO 01500,001000001500,USD,1105.50,BCPLPEPLXXX,PAGO PROVEEDOR 01500,SHA
10001501,BENEFICIARIO 01501,001000001501,PEN,1106.23,BINPPEPLXXX,PAGO PROVEEDOR 01501,OUR
10001502,BENEFICIARIO 01502,001000001502,PEN,1106.96,SCBLPEPLXXX,PAGO PROVEEDOR 01502,BEN
10001503,BENEFICIARIO 01503,001000001503,PEN,1107.69,CITIPEPLXXX,PAGO PROVEEDOR 01503,SHA
10001504,BENEFICIARIO 01504,001000001504,PEN,1108.42,BCPLPEPLXXX,PAGO PROVEEDOR 01504,OUR
10001505,BENEFICIARIO 01505,001000001505,USD,1109.15,BINPPEPLXXX,PAGO PROVEEDOR 01505,BEN
10001506,BENEFICIARIO 01506,001000001506,PEN,1109.88,SCBLPEPLXXX,PAGO PROVEEDOR 01506,SHA
10001507,BENEFICIARIO 01507,001000001507,PEN,1110.61,CITIPEPLXXX,PAGO PROVEEDOR 01507,OUR
10001508,BENEFICIARIO 01508,001000001508,PEN,1111.34,BCPLPEPLXXX,PAGO PROVEEDOR 01508,BEN
10001509,BENEFICIARIO 01509,001000001509,PEN,1112.07,BINPPEPLXXX,PAGO PROVEEDOR 01509,SHA
10001510,BENEFICIARIO 01510,001000001510,USD,1112.80,SCBLPEPLXXX,PAGO PROVEEDOR 01510,OUR
10001511,BENEFICIARIO 01511,001000001511,PEN,1113.53,CITIPEPLXXX,PAGO PROVEEDOR 01511,BEN
10001512,BENEFICIARIO 01512,001000001512,PEN,1114.26,BCPLPEPLXXX,PAGO PROVEEDOR 01512,SHA
10001513,BENEFICIARIO 01513,001000001513,PEN,1114.99,BINPPEPLXXX,PAGO PROVEEDOR 01513,OUR
10001514,BENEFICIARIO 01514,001000001514,PEN,1115.72,SCBLPEPLXXX,PAGO PROVEEDOR 01514,BEN
10001515,BENEFICIARIO 01515,001000001515,USD,1116.45,CITIPEPLXXX,PAGO PROVEEDOR 01515,SHA
10001516,BENEFICIARIO 01516,001000001516,PEN,1117.18,BCPLPEPLXXX,PAGO PROVEEDOR 01516,OUR
10001517,BENEFICIARIO 01517,001000001517,PEN,1117.91,BINPPEPLXXX,PAGO PROVEEDOR 01517,BEN
10001518,BENEFICIARIO 01518,001000001518,PEN,1118.64,SCBLPEPLXXX,PAGO PROVEEDOR 01518,SHA
10001519,BENEFICIARIO 01519,001000001519,PEN,1119.37,CITIPEPLXXX,PAGO PROVEEDOR 01519,OUR
10001520,BENEFICIARIO 01520,001000001520,USD,1120.10,BCPLPEPLXXX,PAGO PROVEEDOR 01520,BEN
10001521,BENEFICIARIO 01521,001000001521,PEN,1120.83,BINPPEPLXXX,PAGO PROVEEDOR 01521,SHA
10001522,BENEFICIARIO 01522,001000001522,PEN,1121.56,SCBLPEPLXXX,PAGO PROVEEDOR 01522,OUR
10001523,BENEFICIARIO 01523,001000001523,PEN,1122.29,CITIPEPLXXX,PAGO PROVEEDOR 01523,BEN
10001524,BENEFICIARIO 01524,001000001524,PEN,1123.02,BCPLPEPLXXX,PAGO PROVEEDOR 01524,SHA
10001525,BENEFICIARIO 01525,001000001525,USD,1123.75,BINPPEPLXXX,PAGO PROVEEDOR 01525,OUR
10001526,BENEFICIARIO 01526,001000001526,PEN,1124.48,SCBLPEPLXXX,PAGO PROVEEDOR 01526,BEN
10001527,BENEFICIARIO 01527,001000001527,PEN,1125.21,CITIPEPLXXX,PAGO PROVEEDOR 01527,SHA
10001528,BENEFICIARIO 01528,001000001528,PEN,1125.94,BCPLPEPLXXX,PAGO PROVEEDOR 01528,OUR
10001529,BENEFICIARIO 01529,001000001529,PEN,1126.67,BINPPEPLXXX,PAGO PROVEEDOR 01529,BEN
10001530,BENEFICIARIO 01530,001000001530,USD,1127.40,SCBLPEPLXXX,PAGO PROVEEDOR 01530,SHA
10001531,BENEFICIARIO 01531,001000001531,PEN,1128.13,CITIPEPLXXX,PAGO PROVEEDOR 01531,OUR
10001532,BENEFICIARIO 01532,001000001532,PEN,1128.86,BCPLPEPLXXX,PAGO PROVEEDOR 01532,BEN
10001533,BENEFICIARIO 01533,001000001533,PEN,1129.59,BINPPEPLXXX,PAGO PROVEEDOR 01533,SHA
10001534,BENEFICIARIO 01534,001000001534,PEN,1130.32,SCBLPEPLXXX,PAGO PROVEEDOR 01534,OUR
10001535,BENEFICIARIO 01535,001000001535,USD,1131.05,CITIPEPLXXX,PAGO PROVEEDOR 01535,BEN
10001536,BENEFICIARIO 01536,001000001536,PEN,1131.78,BCPLPEPLXXX,PAGO PROVEEDOR 01536,SHA
10001537,BENEFICIARIO 01537,001000001537,PEN,1132.51,BINPPEPLXXX,PAGO PROVEEDOR 01537,OUR
10001538,BENEFICIARIO 01538,001000001538,PEN,1133.24,SCBLPEPLXXX,PAGO PROVEEDOR 01538,BEN
10001539,BENEFICIARIO 01539,001000001539,PEN,1133.97,CITIPEPLXXX,PAGO PROVEEDOR 01539,SHA
10001540,BENEFICIARIO 01540,001000001540,USD,1134.70,BCPLPEPLXXX,PAGO PROVEEDOR 01540,OUR
10001541,BENEFICIARIO 01541,001000001541,PEN,1135.43,BINPPEPLXXX,PAGO PROVEEDOR 01541,BEN
10001542,BENEFICIARIO 01542,001000001542,PEN,1136.16,SCBLPEPLXXX,PAGO PROVEEDOR 01542,SHA
10001543,BENEFICIARIO 01543,001000001543,PEN,1136.89,CITIPEPLXXX,PAGO PROVEEDOR 01543,OUR
10001544,BENEFICIARIO 01544,001000001544,PEN,1137.62,BCPLPEPLXXX,PAGO PROVEEDOR 01544,BEN
10001545,BENEFICIARIO 01545,001000001545,USD,1138.35,BINPPEPLXXX,PAGO PROVEEDOR 01545,SHA
10001546,BENEFICIARIO 01546,001000001546,PEN,1139.08,SCBLPEPLXXX,PAGO PROVEEDOR 01546,OUR
10001547,BENEFICIARIO 01547,001000001547,PEN,1139.81,CITIPEPLXXX,PAGO PROVEEDOR 01547,BEN
10001548,BENEFICIARIO 01548,001000001548,PEN,1140.54,BCPLPEPLXXX,PAGO PROVEEDOR 01548,SHA
10001549,BENEFICIARIO 01549,001000001549,PEN,1141.27,BINPPEPLXXX,PAGO PROVEEDOR 01549,OUR
10001550,BENEFICIARIO 01550,001000001550,USD,1142.00,SCBLPEPLXXX,PAGO PROVEEDOR 01550,BEN
10001551,BENEFICIARIO 01551,001000001551,PEN,1142.73,CITIPEPLXXX,PAGO PROVEEDOR 01551,SHA
10001552,BENEFICIARIO 01552,001000001552,PEN,1143.46,BCPLPEPLXXX,PAGO PROVEEDOR 01552,OUR
10001553,BENEFICIARIO 01553,001000001553,PEN,1144.19,BINPPEPLXXX,PAGO PROVEEDOR 01553,BEN
10001554,BENEFICIARIO 01554,001000001554,PEN,1144.92,SCBLPEPLXXX,PAGO PROVEEDOR 01554,SHA
10001555,BENEFICIARIO 01555,001000001555,USD,1145.65,CITIPEPLXXX,PAGO PROVEEDOR 01555,OUR
10001556,BENEFICIARIO 01556,001000001556,PEN,1146.38,BCPLPEPLXXX,PAGO PROVEEDOR 01556,BEN
10001557,BENEFICIARIO 01557,001000001557,PEN,1147.11,BINPPEPLXXX,PAGO PROVEEDOR 01557,SHA
10001558,BENEFICIARIO 01558,001000001558,PEN,1147.84,SCBLPEPLXXX,PAGO PROVEEDOR 01558,OUR
10001559,BENEFICIARIO 01559,001000001559,PEN,1148.57,CITIPEPLXXX,PAGO PROVEEDOR 01559,BEN
10001560,BENEFICIARIO 01560,001000001560,USD,1149.30,BCPLPEPLXXX,PAGO PROVEEDOR 01560,SHA
10001561,BENEFICIARIO 01561,001000001561,PEN,1150.03,BINPPEPLXXX,PAGO PROVEEDOR 01561,OUR
10001562,BENEFICIARIO 01562,001000001562,PEN,1150.76,SCBLPEPLXXX,PAGO PROVEEDOR 01562,BEN
10001563,BENEFICIARIO 01563,001000001563,PEN,1151.49,CITIPEPLXXX,PAGO PROVEEDOR 01563,SHA
10001564,BENEFICIARIO 01564,001000001564,PEN,1152.22,BCPLPEPLXXX,PAGO PROVEEDOR 01564,OUR
10001565,BENEFICIARIO 01565,001000001565,USD,1152.95,BINPPEPLXXX,PAGO PROVEEDOR 01565,BEN
10001566,BENEFICIARIO 01566,001000001566,PEN,1153.68,SCBLPEPLXXX,PAGO PROVEEDOR 01566,SHA
10001567,BENEFICIARIO 01567,001000001567,PEN,1154.41,CITIPEPLXXX,PAGO PROVEEDOR 01567,OUR
10001568,BENEFICIARIO 01568,001000001568,PEN,1155.14,BCPLPEPLXXX,PAGO PROVEEDOR 01568,BEN
10001569,BENEFICIARIO 01569,001000001569,PEN,1155.87,BINPPEPLXXX,PAGO PROVEEDOR 01569,SHA
10001570,BENEFICIARIO 01570,001000001570,USD,1156.60,SCBLPEPLXXX,PAGO PROVEEDOR 01570,OUR
10001571,BENEFICIARIO 01571,001000001571,PEN,1157.33,CITIPEPLXXX,PAGO PROVEEDOR 01571,BEN
10001572,BENEFICIARIO 01572,001000001572,PEN,1158.06,BCPLPEPLXXX,PAGO PROVEEDOR 01572,SHA
10001573,BENEFICIARIO 01573,001000001573,PEN,1158.79,BINPPEPLXXX,PAGO PROVEEDOR 01573,OUR
10001574,BENEFICIARIO 01574,001000001574,PEN,1159.52,SCBLPEPLXXX,PAGO PROVEEDOR 01574,BEN
10001575,BENEFICIARIO 01575,001000001575,USD,1160.25,CITIPEPLXXX,PAGO PROVEEDOR 01575,SHA
10001576,BENEFICIARIO 01576,001000001576,PEN,1160.98,BCPLPEPLXXX,PAGO PROVEEDOR 01576,OUR
10001577,BENEFICIARIO 01577,001000001577,PEN,1161.71,BINPPEPLXXX,PAGO PROVEEDOR 01577,BEN
10001578,BENEFICIARIO 01578,001000001578,PEN,1162.44,SCBLPEPLXXX,PAGO PROVEEDOR 01578,SHA
10001579,BENEFICIARIO 01579,001000001579,PEN,1163.17,CITIPEPLXXX,PAGO PROVEEDOR 01579,OUR
10001580,BENEFICIARIO 01580,001000001580,USD,1163.90,BCPLPEPLXXX,PAGO PROVEEDOR 01580,BEN
10001581,BENEFICIARIO 01581,001000001581,PEN,1164.63,BINPPEPLXXX,PAGO PROVEEDOR 01581,SHA
10001582,BENEFICIARIO 01582,001000001582,PEN,1165.36,SCBLPEPLXXX,PAGO PROVEEDOR 01582,OUR
10001583,BENEFICIARIO 01583,001000001583,PEN,1166.09,CITIPEPLXXX,PAGO PROVEEDOR 01583,BEN
10001584,BENEFICIARIO 01584,001000001584,PEN,1166.82,BCPLPEPLXXX,PAGO PROVEEDOR 01584,SHA
10001585,BENEFICIARIO 01585,001000001585,USD,1167.55,BINPPEPLXXX,PAGO PROVEEDOR 01585,OUR
10001586,BENEFICIARIO 01586,001000001586,PEN,1168.28,SCBLPEPLXXX,PAGO PROVEEDOR 01586,BEN
10001587,BENEFICIARIO 01587,001000001587,PEN,1169.01,CITIPEPLXXX,PAGO PROVEEDOR 01587,SHA
10001588,BENEFICIARIO 01588,001000001588,PEN,1169.74,BCPLPEPLXXX,PAGO PROVEEDOR 01588,OUR
10001589,BENEFICIARIO 01589,001000001589,PEN,1170.47,BINPPEPLXXX,PAGO PROVEEDOR 01589,BEN
10001590,BENEFICIARIO 01590,001000001590,USD,1171.20,SCBLPEPLXXX,PAGO PROVEEDOR 01590,SHA
10001591,BENEFICIARIO 01591,001000001591,PEN,1171.93,CITIPEPLXXX,PAGO PROVEEDOR 01591,OUR
10001592,BENEFICIARIO 01592,001000001592,PEN,1172.66,BCPLPEPLXXX,PAGO PROVEEDOR 01592,BEN
10001593,BENEFICIARIO 01593,001000001593,PEN,1173.39,BINPPEPLXXX,PAGO PROVEEDOR 01593,SHA
10001594,BENEFICIARIO 01594,001000001594,PEN,1174.12,SCBLPEPLXXX,PAGO PROVEEDOR 01594,OUR
10001595,BENEFICIARIO 01595,001000001595,USD,1174.85,CITIPEPLXXX,PAGO PROVEEDOR 01595,BEN
10001596,BENEFICIARIO 01596,001000001596,PEN,1175.58,BCPLPEPLXXX,PAGO PROVEEDOR 01596,SHA
10001597,BENEFICIARIO 01597,001000001597,PEN,1176.31,BINPPEPLXXX,PAGO PROVEEDOR 01597,OUR
10001598,BENEFICIARIO 01598,001000001598,PEN,1177.04,SCBLPEPLXXX,PAGO PROVEEDOR 01598,BEN
10001599,BENEFICIARIO 01599,001000001599,PEN,1177.77,CITIPEPLXXX,PAGO PROVEEDOR 01599,SHA
10001600,BENEFICIARIO 01600,001000001600,USD,1178.50,BCPLPEPLXXX,PAGO PROVEEDOR 01600,OUR
10001601,BENEFICIARIO 01601,001000001601,PEN,1179.23,BINPPEPLXXX,PAGO PROVEEDOR 01601,BEN
10001602,BENEFICIARIO 01602,001000001602,PEN,1179.96,SCBLPEPLXXX,PAGO PROVEEDOR 01602,SHA
10001603,BENEFICIARIO 01603,001000001603,PEN,1180.69,CITIPEPLXXX,PAGO PROVEEDOR 01603,OUR
10001604,BENEFICIARIO 01604,001000001604,PEN,1181.42,BCPLPEPLXXX,PAGO PROVEEDOR 01604,BEN
10001605,BENEFICIARIO 01605,001000001605,USD,1182.15,BINPPEPLXXX,PAGO PROVEEDOR 01605,SHA
10001606,BENEFICIARIO 01606,001000001606,PEN,1182.88,SCBLPEPLXXX,PAGO PROVEEDOR 01606,OUR
10001607,BENEFICIARIO 01607,001000001607,PEN,1183.61,CITIPEPLXXX,PAGO PROVEEDOR 01607,BEN
10001608,BENEFICIARIO 01608,001000001608,PEN,1184.34,BCPLPEPLXXX,PAGO PROVEEDOR 01608,SHA
10001609,BENEFICIARIO 01609,001000001609,PEN,1185.07,BINPPEPLXXX,PAGO PROVEEDOR 01609,OUR
10001610,BENEFICIARIO 01610,001000001610,USD,1185.80,SCBLPEPLXXX,PAGO PROVEEDOR 01610,BEN
10001611,BENEFICIARIO 01611,001000001611,PEN,1186.53,CITIPEPLXXX,PAGO PROVEEDOR 01611,SHA
10001612,BENEFICIARIO 01612,001000001612,PEN,1187.26,BCPLPEPLXXX,PAGO PROVEEDOR 01612,OUR
10001613,BENEFICIARIO 01613,001000001613,PEN,1187.99,BINPPEPLXXX,PAGO PROVEEDOR 01613,BEN
10001614,BENEFICIARIO 01614,001000001614,PEN,1188.72,SCBLPEPLXXX,PAGO PROVEEDOR 01614,SHA
10001615,BENEFICIARIO 01615,001000001615,USD,1189.45,CITIPEPLXXX,PAGO PROVEEDOR 01615,OUR
10001616,BENEFICIARIO 01616,001000001616,PEN,1190.18,BCPLPEPLXXX,PAGO PROVEEDOR 01616,BEN
10001617,BENEFICIARIO 01617,001000001617,PEN,1190.91,BINPPEPLXXX,PAGO PROVEEDOR 01617,SHA
10001618,BENEFICIARIO 01618,001000001618,PEN,1191.64,SCBLPEPLXXX,PAGO PROVEEDOR 01618,OUR
10001619,BENEFICIARIO 01619,001000001619,PEN,1192.37,CITIPEPLXXX,PAGO PROVEEDOR 01619,BEN
10001620,BENEFICIARIO 01620,001000001620,USD,1193.10,BCPLPEPLXXX,PAGO PROVEEDOR 01620,SHA
10001621,BENEFICIARIO 01621,001000001621,PEN,1193.83,BINPPEPLXXX,PAGO PROVEEDOR 01621,OUR
10001622,BENEFICIARIO 01622,001000001622,PEN,1194.56,SCBLPEPLXXX,PAGO PROVEEDOR 01622,BEN
10001623,BENEFICIARIO 01623,001000001623,PEN,1195.29,CITIPEPLXXX,PAGO PROVEEDOR 01623,SHA
10001624,BENEFICIARIO 01624,001000001624,PEN,1196.02,BCPLPEPLXXX,PAGO PROVEEDOR 01624,OUR
10001625,BENEFICIARIO 01625,001000001625,USD,1196.75,BINPPEPLXXX,PAGO PROVEEDOR 01625,BEN
10001626,BENEFICIARIO 01626,001000001626,PEN,1197.48,SCBLPEPLXXX,PAGO PROVEEDOR 01626,SHA
10001627,BENEFICIARIO 01627,001000001627,PEN,1198.21,CITIPEPLXXX,PAGO PROVEEDOR 01627,OUR
10001628,BENEFICIARIO 01628,001000001628,PEN,1198.94,BCPLPEPLXXX,PAGO PROVEEDOR 01628,BEN
10001629,BENEFICIARIO 01629,001000001629,PEN,1199.67,BINPPEPLXXX,PAGO PROVEEDOR 01629,SHA
10001630,BENEFICIARIO 01630,001000001630,USD,1200.40,SCBLPEPLXXX,PAGO PROVEEDOR 01630,OUR
10001631,BENEFICIARIO 01631,001000001631,PEN,1201.13,CITIPEPLXXX,PAGO PROVEEDOR 01631,BEN
10001632,BENEFICIARIO 01632,001000001632,PEN,1201.86,BCPLPEPLXXX,PAGO PROVEEDOR 01632,SHA
10001633,BENEFICIARIO 01633,001000001633,PEN,1202.59,BINPPEPLXXX,PAGO PROVEEDOR 01633,OUR
10001634,BENEFICIARIO 01634,001000001634,PEN,1203.32,SCBLPEPLXXX,PAGO PROVEEDOR 01634,BEN
10001635,BENEFICIARIO 01635,001000001635,USD,1204.05,CITIPEPLXXX,PAGO PROVEEDOR 01635,SHA
10001636,BENEFICIARIO 01636,001000001636,PEN,1204.78,BCPLPEPLXXX,PAGO PROVEEDOR 01636,OUR
10001637,BENEFICIARIO 01637,001000001637,PEN,1205.51,BINPPEPLXXX,PAGO PROVEEDOR 01637,BEN
10001638,BENEFICIARIO 01638,001000001638,PEN,1206.24,SCBLPEPLXXX,PAGO PROVEEDOR 01638,SHA
10001639,BENEFICIARIO 01639,001000001639,PEN,1206.97,CITIPEPLXXX,PAGO PROVEEDOR 01639,OUR
10001640,BENEFICIARIO 01640,001000001640,USD,1207.70,BCPLPEPLXXX,PAGO PROVEEDOR 01640,BEN
10001641,BENEFICIARIO 01641,001000001641,PEN,1208.43,BINPPEPLXXX,PAGO PROVEEDOR 01641,SHA
10001642,BENEFICIARIO 01642,001000001642,PEN,1209.16,SCBLPEPLXXX,PAGO PROVEEDOR 01642,OUR
10001643,BENEFICIARIO 01643,001000001643,PEN,1209.89,CITIPEPLXXX,PAGO PROVEEDOR 01643,BEN
10001644,BENEFICIARIO 01644,001000001644,PEN,1210.62,BCPLPEPLXXX,PAGO PROVEEDOR 01644,SHA
10001645,BENEFICIARIO 01645,001000001645,USD,1211.35,BINPPEPLXXX,PAGO PROVEEDOR 01645,OUR
10001646,BENEFICIARIO 01646,001000001646,PEN,1212.08,SCBLPEPLXXX,PAGO PROVEEDOR 01646,BEN
10001647,BENEFICIARIO 01647,001000001647,PEN,1212.81,CITIPEPLXXX,PAGO PROVEEDOR 01647,SHA
10001648,BENEFICIARIO 01648,001000001648,PEN,1213.54,BCPLPEPLXXX,PAGO PROVEEDOR 01648,OUR
10001649,BENEFICIARIO 01649,001000001649,PEN,1214.27,BINPPEPLXXX,PAGO PROVEEDOR 01649,BEN
10001650,BENEFICIARIO 01650,001000001650,USD,1215.00,SCBLPEPLXXX,PAGO PROVEEDOR 01650,SHA
10001651,BENEFICIARIO 01651,001000001651,PEN,1215.73,CITIPEPLXXX,PAGO PROVEEDOR 01651,OUR
10001652,BENEFICIARIO 01652,001000001652,PEN,1216.46,BCPLPEPLXXX,PAGO PROVEEDOR 01652,BEN
10001653,BENEFICIARIO 01653,001000001653,PEN,1217.19,BINPPEPLXXX,PAGO PROVEEDOR 01653,SHA
10001654,BENEFICIARIO 01654,001000001654,PEN,1217.92,SCBLPEPLXXX,PAGO PROVEEDOR 01654,OUR
10001655,BENEFICIARIO 01655,001000001655,USD,1218.65,CITIPEPLXXX,PAGO PROVEEDOR 01655,BEN
10001656,BENEFICIARIO 01656,001000001656,PEN,1219.38,BCPLPEPLXXX,PAGO PROVEEDOR 01656,SHA
10001657,BENEFICIARIO 01657,001000001657,PEN,1220.11,BINPPEPLXXX,PAGO PROVEEDOR 01657,OUR
10001658,BENEFICIARIO 01658,001000001658,PEN,1220.84,SCBLPEPLXXX,PAGO PROVEEDOR 01658,BEN
10001659,BENEFICIARIO 01659,001000001659,PEN,1221.57,CITIPEPLXXX,PAGO PROVEEDOR 01659,SHA
10001660,BENEFICIARIO 01660,001000001660,USD,1222.30,BCPLPEPLXXX,PAGO PROVEEDOR 01660,OUR
10001661,BENEFICIARIO 01661,001000001661,PEN,1223.03,BINPPEPLXXX,PAGO PROVEEDOR 01661,BEN
10001662,BENEFICIARIO 01662,001000001662,PEN,1223.76,SCBLPEPLXXX,PAGO PROVEEDOR 01662,SHA
10001663,BENEFICIARIO 01663,001000001663,PEN,1224.49,CITIPEPLXXX,PAGO PROVEEDOR 01663,OUR
10001664,BENEFICIARIO 01664,001000001664,PEN,1225.22,BCPLPEPLXXX,PAGO PROVEEDOR 01664,BEN
10001665,BENEFICIARIO 01665,001000001665,USD,1225.95,BINPPEPLXXX,PAGO PROVEEDOR 01665,SHA
10001666,BENEFICIARIO 01666,001000001666,PEN,1226.68,SCBLPEPLXXX,PAGO PROVEEDOR 01666,OUR
10001667,BENEFICIARIO 01667,001000001667,PEN,1227.41,CITIPEPLXXX,PAGO PROVEEDOR 01667,BEN
10001668,BENEFICIARIO 01668,001000001668,PEN,1228.14,BCPLPEPLXXX,PAGO PROVEEDOR 01668,SHA
10001669,BENEFICIARIO 01669,001000001669,PEN,1228.87,BINPPEPLXXX,PAGO PROVEEDOR 01669,OUR
10001670,BENEFICIARIO 01670,001000001670,USD,1229.60,SCBLPEPLXXX,PAGO PROVEEDOR 01670,BEN
10001671,BENEFICIARIO 01671,001000001671,PEN,1230.33,CITIPEPLXXX,PAGO PROVEEDOR 01671,SHA
10001672,BENEFICIARIO 01672,001000001672,PEN,1231.06,BCPLPEPLXXX,PAGO PROVEEDOR 01672,OUR
10001673,BENEFICIARIO 01673,001000001673,PEN,1231.79,BINPPEPLXXX,PAGO PROVEEDOR 01673,BEN
10001674,BENEFICIARIO 01674,001000001674,PEN,1232.52,SCBLPEPLXXX,PAGO PROVEEDOR 01674,SHA
10001675,BENEFICIARIO 01675,001000001675,USD,1233.25,CITIPEPLXXX,PAGO PROVEEDOR 01675,OUR
10001676,BENEFICIARIO 01676,001000001676,PEN,1233.98,BCPLPEPLXXX,PAGO PROVEEDOR 01676,BEN
10001677,BENEFICIARIO 01677,001000001677,PEN,1234.71,BINPPEPLXXX,PAGO PROVEEDOR 01677,SHA
10001678,BENEFICIARIO 01678,001000001678,PEN,1235.44,SCBLPEPLXXX,PAGO PROVEEDOR 01678,OUR
10001679,BENEFICIARIO 01679,001000001679,PEN,1236.17,CITIPEPLXXX,PAGO PROVEEDOR 01679,BEN
10001680,BENEFICIARIO 01680,001000001680,USD,1236.90,BCPLPEPLXXX,PAGO PROVEEDOR 01680,SHA
10001681,BENEFICIARIO 01681,001000001681,PEN,1237.63,BINPPEPLXXX,PAGO PROVEEDOR 01681,OUR
10001682,BENEFICIARIO 01682,001000001682,PEN,1238.36,SCBLPEPLXXX,PAGO PROVEEDOR 01682,BEN
10001683,BENEFICIARIO 01683,001000001683,PEN,1239.09,CITIPEPLXXX,PAGO PROVEEDOR 01683,SHA
10001684,BENEFICIARIO 01684,001000001684,PEN,1239.82,BCPLPEPLXXX,PAGO PROVEEDOR 01684,OUR
10001685,BENEFICIARIO 01685,001000001685,USD,1240.55,BINPPEPLXXX,PAGO PROVEEDOR 01685,BEN
10001686,BENEFICIARIO 01686,001000001686,PEN,1241.28,SCBLPEPLXXX,PAGO PROVEEDOR 01686,SHA
10001687,BENEFICIARIO 01687,001000001687,PEN,1242.01,CITIPEPLXXX,PAGO PROVEEDOR 01687,OUR
10001688,BENEFICIARIO 01688,001000001688,PEN,1242.74,BCPLPEPLXXX,PAGO PROVEEDOR 01688,BEN
10001689,BENEFICIARIO 01689,001000001689,PEN,1243.47,BINPPEPLXXX,PAGO PROVEEDOR 01689,SHA
10001690,BENEFICIARIO 01690,001000001690,USD,1244.20,SCBLPEPLXXX,PAGO PROVEEDOR 01690,OUR
10001691,BENEFICIARIO 01691,001000001691,PEN,1244.93,CITIPEPLXXX,PAGO PROVEEDOR 01691,BEN
10001692,BENEFICIARIO 01692,001000001692,PEN,1245.66,BCPLPEPLXXX,PAGO PROVEEDOR 01692,SHA
10001693,BENEFICIARIO 01693,001000001693,PEN,1246.39,BINPPEPLXXX,PAGO PROVEEDOR 01693,OUR
10001694,BENEFICIARIO 01694,001000001694,PEN,1247.12,SCBLPEPLXXX,PAGO PROVEEDOR 01694,BEN
10001695,BENEFICIARIO 01695,001000001695,USD,1247.85,CITIPEPLXXX,PAGO PROVEEDOR 01695,SHA
10001696,BENEFICIARIO 01696,001000001696,PEN,1248.58,BCPLPEPLXXX,PAGO PROVEEDOR 01696,OUR
10001697,BENEFICIARIO 01697,001000001697,PEN,1249.31,BINPPEPLXXX,PAGO PROVEEDOR 01697,BEN
10001698,BENEFICIARIO 01698,001000001698,PEN,1250.04,SCBLPEPLXXX,PAGO PROVEEDOR 01698,SHA
10001699,BENEFICIARIO 01699,001000001699,PEN,1250.77,CITIPEPLXXX,PAGO PROVEEDOR 01699,OUR
10001700,BENEFICIARIO 01700,001000001700,USD,1251.50,BCPLPEPLXXX,PAGO PROVEEDOR 01700,BEN
10001701,BENEFICIARIO 01701,001000001701,PEN,1252.23,BINPPEPLXXX,PAGO PROVEEDOR 01701,SHA
10001702,BENEFICIARIO 01702,001000001702,PEN,1252.96,SCBLPEPLXXX,PAGO PROVEEDOR 01702,OUR
10001703,BENEFICIARIO 01703,001000001703,PEN,1253.69,CITIPEPLXXX,PAGO PROVEEDOR 01703,BEN
10001704,BENEFICIARIO 01704,001000001704,PEN,1254.42,BCPLPEPLXXX,PAGO PROVEEDOR 01704,SHA
10001705,BENEFICIARIO 01705,001000001705,USD,1255.15,BINPPEPLXXX,PAGO PROVEEDOR 01705,OUR
10001706,BENEFICIARIO 01706,001000001706,PEN,1255.88,SCBLPEPLXXX,PAGO PROVEEDOR 01706,BEN
10001707,BENEFICIARIO 01707,001000001707,PEN,1256.61,CITIPEPLXXX,PAGO PROVEEDOR 01707,SHA
10001708,BENEFICIARIO 01708,001000001708,PEN,1257.34,BCPLPEPLXXX,PAGO PROVEEDOR 01708,OUR
10001709,BENEFICIARIO 01709,001000001709,PEN,1258.07,BINPPEPLXXX,PAGO PROVEEDOR 01709,BEN
10001710,BENEFICIARIO 01710,001000001710,USD,1258.80,SCBLPEPLXXX,PAGO PROVEEDOR 01710,SHA
10001711,BENEFICIARIO 01711,001000001711,PEN,1259.53,CITIPEPLXXX,PAGO PROVEEDOR 01711,OUR
10001712,BENEFICIARIO 01712,001000001712,PEN,1260.26,BCPLPEPLXXX,PAGO PROVEEDOR 01712,BEN
10001713,BENEFICIARIO 01713,001000001713,PEN,1260.99,BINPPEPLXXX,PAGO PROVEEDOR 01713,SHA
10001714,BENEFICIARIO 01714,001000001714,PEN,1261.72,SCBLPEPLXXX,PAGO PROVEEDOR 01714,OUR
10001715,BENEFICIARIO 01715,001000001715,USD,1262.45,CITIPEPLXXX,PAGO PROVEEDOR 01715,BEN
10001716,BENEFICIARIO 01716,001000001716,PEN,1263.18,BCPLPEPLXXX,PAGO PROVEEDOR 01716,SHA
10001717,BENEFICIARIO 01717,001000001717,PEN,1263.91,BINPPEPLXXX,PAGO PROVEEDOR 01717,OUR
10001718,BENEFICIARIO 01718,001000001718,PEN,1264.64,SCBLPEPLXXX,PAGO PROVEEDOR 01718,BEN
10001719,BENEFICIARIO 01719,001000001719,PEN,1265.37,CITIPEPLXXX,PAGO PROVEEDOR 01719,SHA
10001720,BENEFICIARIO 01720,001000001720,USD,1266.10,BCPLPEPLXXX,PAGO PROVEEDOR 01720,OUR
10001721,BENEFICIARIO 01721,001000001721,PEN,1266.83,BINPPEPLXXX,PAGO PROVEEDOR 01721,BEN
10001722,BENEFICIARIO 01722,001000001722,PEN,1267.56,SCBLPEPLXXX,PAGO PROVEEDOR 01722,SHA
10001723,BENEFICIARIO 01723,001000001723,PEN,1268.29,CITIPEPLXXX,PAGO PROVEEDOR 01723,OUR
10001724,BENEFICIARIO 01724,001000001724,PEN,1269.02,BCPLPEPLXXX,PAGO PROVEEDOR 01724,BEN
10001725,BENEFICIARIO 01725,001000001725,USD,1269.75,BINPPEPLXXX,PAGO PROVEEDOR 01725,SHA
10001726,BENEFICIARIO 01726,001000001726,PEN,1270.48,SCBLPEPLXXX,PAGO PROVEEDOR 01726,OUR
10001727,BENEFICIARIO 01727,001000001727,PEN,1271.21,CITIPEPLXXX,PAGO PROVEEDOR 01727,BEN
10001728,BENEFICIARIO 01728,001000001728,PEN,1271.94,BCPLPEPLXXX,PAGO PROVEEDOR 01728,SHA
10001729,BENEFICIARIO 01729,001000001729,PEN,1272.67,BINPPEPLXXX,PAGO PROVEEDOR 01729,OUR
10001730,BENEFICIARIO 01730,001000001730,USD,1273.40,SCBLPEPLXXX,PAGO PROVEEDOR 01730,BEN
10001731,BENEFICIARIO 01731,001000001731,PEN,1274.13,CITIPEPLXXX,PAGO PROVEEDOR 01731,SHA
10001732,BENEFICIARIO 01732,001000001732,PEN,1274.86,BCPLPEPLXXX,PAGO PROVEEDOR 01732,OUR
10001733,BENEFICIARIO 01733,001000001733,PEN,1275.59,BINPPEPLXXX,PAGO PROVEEDOR 01733,BEN
10001734,BENEFICIARIO 01734,001000001734,PEN,1276.32,SCBLPEPLXXX,PAGO PROVEEDOR 01734,SHA
10001735,BENEFICIARIO 01735,001000001735,USD,1277.05,CITIPEPLXXX,PAGO PROVEEDOR 01735,OUR
10001736,BENEFICIARIO 01736,001000001736,PEN,1277.78,BCPLPEPLXXX,PAGO PROVEEDOR 01736,BEN
10001737,BENEFICIARIO 01737,001000001737,PEN,1278.51,BINPPEPLXXX,PAGO PROVEEDOR 01737,SHA
10001738,BENEFICIARIO 01738,001000001738,PEN,1279.24,SCBLPEPLXXX,PAGO PROVEEDOR 01738,OUR
10001739,BENEFICIARIO 01739,001000001739,PEN,1279.97,CITIPEPLXXX,PAGO PROVEEDOR 01739,BEN
10001740,BENEFICIARIO 01740,001000001740,USD,1280.70,BCPLPEPLXXX,PAGO PROVEEDOR 01740,SHA
10001741,BENEFICIARIO 01741,001000001741,PEN,1281.43,BINPPEPLXXX,PAGO PROVEEDOR 01741,OUR
10001742,BENEFICIARIO 01742,001000001742,PEN,1282.16,SCBLPEPLXXX,PAGO PROVEEDOR 01742,BEN
10001743,BENEFICIARIO 01743,001000001743,PEN,1282.89,CITIPEPLXXX,PAGO PROVEEDOR 01743,SHA
10001744,BENEFICIARIO 01744,001000001744,PEN,1283.62,BCPLPEPLXXX,PAGO PROVEEDOR 01744,OUR
10001745,BENEFICIARIO 01745,001000001745,USD,1284.35,BINPPEPLXXX,PAGO PROVEEDOR 01745,BEN
10001746,BENEFICIARIO 01746,001000001746,PEN,1285.08,SCBLPEPLXXX,PAGO PROVEEDOR 01746,SHA
10001747,BENEFICIARIO 01747,001000001747,PEN,1285.81,CITIPEPLXXX,PAGO PROVEEDOR 01747,OUR
10001748,BENEFICIARIO 01748,001000001748,PEN,1286.54,BCPLPEPLXXX,PAGO PROVEEDOR 01748,BEN
10001749,BENEFICIARIO 01749,001000001749,PEN,1287.27,BINPPEPLXXX,PAGO PROVEEDOR 01749,SHA
10001750,BENEFICIARIO 01750,001000001750,USD,1288.00,SCBLPEPLXXX,PAGO PROVEEDOR 01750,OUR
10001751,BENEFICIARIO 01751,001000001751,PEN,1288.73,CITIPEPLXXX,PAGO PROVEEDOR 01751,BEN
10001752,BENEFICIARIO 01752,001000001752,PEN,1289.46,BCPLPEPLXXX,PAGO PROVEEDOR 01752,SHA
10001753,BENEFICIARIO 01753,001000001753,PEN,1290.19,BINPPEPLXXX,PAGO PROVEEDOR 01753,OUR
10001754,BENEFICIARIO 01754,001000001754,PEN,1290.92,SCBLPEPLXXX,PAGO PROVEEDOR 01754,BEN
10001755,BENEFICIARIO 01755,001000001755,USD,1291.65,CITIPEPLXXX,PAGO PROVEEDOR 01755,SHA
10001756,BENEFICIARIO 01756,001000001756,PEN,1292.38,BCPLPEPLXXX,PAGO PROVEEDOR 01756,OUR
10001757,BENEFICIARIO 01757,001000001757,PEN,1293.11,BINPPEPLXXX,PAGO PROVEEDOR 01757,BEN
10001758,BENEFICIARIO 01758,001000001758,PEN,1293.84,SCBLPEPLXXX,PAGO PROVEEDOR 01758,SHA
10001759,BENEFICIARIO 01759,001000001759,PEN,1294.57,CITIPEPLXXX,PAGO PROVEEDOR 01759,OUR
10001760,BENEFICIARIO 01760,001000001760,USD,1295.30,BCPLPEPLXXX,PAGO PROVEEDOR 01760,BEN
10001761,BENEFICIARIO 01761,001000001761,PEN,1296.03,BINPPEPLXXX,PAGO PROVEEDOR 01761,SHA
10001762,BENEFICIARIO 01762,001000001762,PEN,1296.76,SCBLPEPLXXX,PAGO PROVEEDOR 01762,OUR
10001763,BENEFICIARIO 01763,001000001763,PEN,1297.49,CITIPEPLXXX,PAGO PROVEEDOR 01763,BEN
10001764,BENEFICIARIO 01764,001000001764,PEN,1298.22,BCPLPEPLXXX,PAGO PROVEEDOR 01764,SHA
10001765,BENEFICIARIO 01765,001000001765,USD,1298.95,BINPPEPLXXX,PAGO PROVEEDOR 01765,OUR
10001766,BENEFICIARIO 01766,001000001766,PEN,1299.68,SCBLPEPLXXX,PAGO PROVEEDOR 01766,BEN
10001767,BENEFICIARIO 01767,001000001767,PEN,1300.41,CITIPEPLXXX,PAGO PROVEEDOR 01767,SHA
10001768,BENEFICIARIO 01768,001000001768,PEN,1301.14,BCPLPEPLXXX,PAGO PROVEEDOR 01768,OUR
10001769,BENEFICIARIO 01769,001000001769,PEN,1301.87,BINPPEPLXXX,PAGO PROVEEDOR 01769,BEN
10001770,BENEFICIARIO 01770,001000001770,USD,1302.60,SCBLPEPLXXX,PAGO PROVEEDOR 01770,SHA
10001771,BENEFICIARIO 01771,001000001771,PEN,1303.33,CITIPEPLXXX,PAGO PROVEEDOR 01771,OUR
10001772,BENEFICIARIO 01772,001000001772,PEN,1304.06,BCPLPEPLXXX,PAGO PROVEEDOR 01772,BEN
10001773,BENEFICIARIO 01773,001000001773,PEN,1304.79,BINPPEPLXXX,PAGO PROVEEDOR 01773,SHA
10001774,BENEFICIARIO 01774,001000001774,PEN,1305.52,SCBLPEPLXXX,PAGO PROVEEDOR 01774,OUR
10001775,BENEFICIARIO 01775,001000001775,USD,1306.25,CITIPEPLXXX,PAGO PROVEEDOR 01775,BEN
10001776,BENEFICIARIO 01776,001000001776,PEN,1306.98,BCPLPEPLXXX,PAGO PROVEEDOR 01776,SHA
10001777,BENEFICIARIO 01777,001000001777,PEN,1307.71,BINPPEPLXXX,PAGO PROVEEDOR 01777,OUR
10001778,BENEFICIARIO 01778,001000001778,PEN,1308.44,SCBLPEPLXXX,PAGO PROVEEDOR 01778,BEN
10001779,BENEFICIARIO 01779,001000001779,PEN,1309.17,CITIPEPLXXX,PAGO PROVEEDOR 01779,SHA
10001780,BENEFICIARIO 01780,001000001780,USD,1309.90,BCPLPEPLXXX,PAGO PROVEEDOR 01780,OUR
10001781,BENEFICIARIO 01781,001000001781,PEN,1310.63,BINPPEPLXXX,PAGO PROVEEDOR 01781,BEN
10001782,BENEFICIARIO 01782,001000001782,PEN,1311.36,SCBLPEPLXXX,PAGO PROVEEDOR 01782,SHA
10001783,BENEFICIARIO 01783,001000001783,PEN,1312.09,CITIPEPLXXX,PAGO PROVEEDOR 01783,OUR
10001784,BENEFICIARIO 01784,001000001784,PEN,1312.82,BCPLPEPLXXX,PAGO PROVEEDOR 01784,BEN
10001785,BENEFICIARIO 01785,001000001785,USD,1313.55,BINPPEPLXXX,PAGO PROVEEDOR 01785,SHA
10001786,BENEFICIARIO 01786,001000001786,PEN,1314.28,SCBLPEPLXXX,PAGO PROVEEDOR 01786,OUR
10001787,BENEFICIARIO 01787,001000001787,PEN,1315.01,CITIPEPLXXX,PAGO PROVEEDOR 01787,BEN
10001788,BENEFICIARIO 01788,001000001788,PEN,1315.74,BCPLPEPLXXX,PAGO PROVEEDOR 01788,SHA
10001789,BENEFICIARIO 01789,001000001789,PEN,1316.47,BINPPEPLXXX,PAGO PROVEEDOR 01789,OUR
10001790,BENEFICIARIO 01790,001000001790,USD,1317.20,SCBLPEPLXXX,PAGO PROVEEDOR 01790,BEN
10001791,BENEFICIARIO 01791,001000001791,PEN,1317.93,CITIPEPLXXX,PAGO PROVEEDOR 01791,SHA
10001792,BENEFICIARIO 01792,001000001792,PEN,1318.66,BCPLPEPLXXX,PAGO PROVEEDOR 01792,OUR
10001793,BENEFICIARIO 01793,001000001793,PEN,1319.39,BINPPEPLXXX,PAGO PROVEEDOR 01793,BEN
10001794,BENEFICIARIO 01794,001000001794,PEN,1320.12,SCBLPEPLXXX,PAGO PROVEEDOR 01794,SHA
10001795,BENEFICIARIO 01795,001000001795,USD,1320.85,CITIPEPLXXX,PAGO PROVEEDOR 01795,OUR
10001796,BENEFICIARIO 01796,001000001796,PEN,1321.58,BCPLPEPLXXX,PAGO PROVEEDOR 01796,BEN
10001797,BENEFICIARIO 01797,001000001797,PEN,1322.31,BINPPEPLXXX,PAGO PROVEEDOR 01797,SHA
10001798,BENEFICIARIO 01798,001000001798,PEN,1323.04,SCBLPEPLXXX,PAGO PROVEEDOR 01798,OUR
10001799,BENEFICIARIO 01799,001000001799,PEN,1323.77,CITIPEPLXXX,PAGO PROVEEDOR 01799,BEN
10001800,BENEFICIARIO 01800,001000001800,USD,1324.50,BCPLPEPLXXX,PAGO PROVEEDOR 01800,SHA
10001801,BENEFICIARIO 01801,001000001801,PEN,1325.23,BINPPEPLXXX,PAGO PROVEEDOR 01801,OUR
10001802,BENEFICIARIO 01802,001000001802,PEN,1325.96,SCBLPEPLXXX,PAGO PROVEEDOR 01802,BEN
10001803,BENEFICIARIO 01803,001000001803,PEN,1326.69,CITIPEPLXXX,PAGO PROVEEDOR 01803,SHA
10001804,BENEFICIARIO 01804,001000001804,PEN,1327.42,BCPLPEPLXXX,PAGO PROVEEDOR 01804,OUR
10001805,BENEFICIARIO 01805,001000001805,USD,1328.15,BINPPEPLXXX,PAGO PROVEEDOR 01805,BEN
10001806,BENEFICIARIO 01806,001000001806,PEN,1328.88,SCBLPEPLXXX,PAGO PROVEEDOR 01806,SHA
10001807,BENEFICIARIO 01807,001000001807,PEN,1329.61,CITIPEPLXXX,PAGO PROVEEDOR 01807,OUR
10001808,BENEFICIARIO 01808,001000001808,PEN,1330.34,BCPLPEPLXXX,PAGO PROVEEDOR 01808,BEN
10001809,BENEFICIARIO 01809,001000001809,PEN,1331.07,BINPPEPLXXX,PAGO PROVEEDOR 01809,SHA
10001810,BENEFICIARIO 01810,001000001810,USD,1331.80,SCBLPEPLXXX,PAGO PROVEEDOR 01810,OUR
10001811,BENEFICIARIO 01811,001000001811,PEN,1332.53,CITIPEPLXXX,PAGO PROVEEDOR 01811,BEN
10001812,BENEFICIARIO 01812,001000001812,PEN,1333.26,BCPLPEPLXXX,PAGO PROVEEDOR 01812,SHA
10001813,BENEFICIARIO 01813,001000001813,PEN,1333.99,BINPPEPLXXX,PAGO PROVEEDOR 01813,OUR
10001814,BENEFICIARIO 01814,001000001814,PEN,1334.72,SCBLPEPLXXX,PAGO PROVEEDOR 01814,BEN
10001815,BENEFICIARIO 01815,001000001815,USD,1335.45,CITIPEPLXXX,PAGO PROVEEDOR 01815,SHA
10001816,BENEFICIARIO 01816,001000001816,PEN,1336.18,BCPLPEPLXXX,PAGO PROVEEDOR 01816,OUR
10001817,BENEFICIARIO 01817,001000001817,PEN,1336.91,BINPPEPLXXX,PAGO PROVEEDOR 01817,BEN
10001818,BENEFICIARIO 01818,001000001818,PEN,1337.64,SCBLPEPLXXX,PAGO PROVEEDOR 01818,SHA
10001819,BENEFICIARIO 01819,001000001819,PEN,1338.37,CITIPEPLXXX,PAGO PROVEEDOR 01819,OUR
10001820,BENEFICIARIO 01820,001000001820,USD,1339.10,BCPLPEPLXXX,PAGO PROVEEDOR 01820,BEN
10001821,BENEFICIARIO 01821,001000001821,PEN,1339.83,BINPPEPLXXX,PAGO PROVEEDOR 01821,SHA
10001822,BENEFICIARIO 01822,001000001822,PEN,1340.56,SCBLPEPLXXX,PAGO PROVEEDOR 01822,OUR
10001823,BENEFICIARIO 01823,001000001823,PEN,1341.29,CITIPEPLXXX,PAGO PROVEEDOR 01823,BEN
10001824,BENEFICIARIO 01824,001000001824,PEN,1342.02,BCPLPEPLXXX,PAGO PROVEEDOR 01824,SHA
10001825,BENEFICIARIO 01825,001000001825,USD,1342.75,BINPPEPLXXX,PAGO PROVEEDOR 01825,OUR
10001826,BENEFICIARIO 01826,001000001826,PEN,1343.48,SCBLPEPLXXX,PAGO PROVEEDOR 01826,BEN
10001827,BENEFICIARIO 01827,001000001827,PEN,1344.21,CITIPEPLXXX,PAGO PROVEEDOR 01827,SHA
10001828,BENEFICIARIO 01828,001000001828,PEN,1344.94,BCPLPEPLXXX,PAGO PROVEEDOR 01828,OUR
10001829,BENEFICIARIO 01829,001000001829,PEN,1345.67,BINPPEPLXXX,PAGO PROVEEDOR 01829,BEN
10001830,BENEFICIARIO 01830,001000001830,USD,1346.40,SCBLPEPLXXX,PAGO PROVEEDOR 01830,SHA
10001831,BENEFICIARIO 01831,001000001831,PEN,1347.13,CITIPEPLXXX,PAGO PROVEEDOR 01831,OUR
10001832,BENEFICIARIO 01832,001000001832,PEN,1347.86,BCPLPEPLXXX,PAGO PROVEEDOR 01832,BEN
10001833,BENEFICIARIO 01833,001000001833,PEN,1348.59,BINPPEPLXXX,PAGO PROVEEDOR 01833,SHA
10001834,BENEFICIARIO 01834,001000001834,PEN,1349.32,SCBLPEPLXXX,PAGO PROVEEDOR 01834,OUR
10001835,BENEFICIARIO 01835,001000001835,USD,1350.05,CITIPEPLXXX,PAGO PROVEEDOR 01835,BEN
10001836,BENEFICIARIO 01836,001000001836,PEN,1350.78,BCPLPEPLXXX,PAGO PROVEEDOR 01836,SHA
10001837,BENEFICIARIO 01837,001000001837,PEN,1351.51,BINPPEPLXXX,PAGO PROVEEDOR 01837,OUR
10001838,BENEFICIARIO 01838,001000001838,PEN,1352.24,SCBLPEPLXXX,PAGO PROVEEDOR 01838,BEN
10001839,BENEFICIARIO 01839,001000001839,PEN,1352.97,CITIPEPLXXX,PAGO PROVEEDOR 01839,SHA
10001840,BENEFICIARIO 01840,001000001840,USD,1353.70,BCPLPEPLXXX,PAGO PROVEEDOR 01840,OUR
10001841,BENEFICIARIO 01841,001000001841,PEN,1354.43,BINPPEPLXXX,PAGO PROVEEDOR 01841,BEN
10001842,BENEFICIARIO 01842,001000001842,PEN,1355.16,SCBLPEPLXXX,PAGO PROVEEDOR 01842,SHA
10001843,BENEFICIARIO 01843,001000001843,PEN,1355.89,CITIPEPLXXX,PAGO PROVEEDOR 01843,OUR
10001844,BENEFICIARIO 01844,001000001844,PEN,1356.62,BCPLPEPLXXX,PAGO PROVEEDOR 01844,BEN
10001845,BENEFICIARIO 01845,001000001845,USD,1357.35,BINPPEPLXXX,PAGO PROVEEDOR 01845,SHA
10001846,BENEFICIARIO 01846,001000001846,PEN,1358.08,SCBLPEPLXXX,PAGO PROVEEDOR 01846,OUR
10001847,BENEFICIARIO 01847,001000001847,PEN,1358.81,CITIPEPLXXX,PAGO PROVEEDOR 01847,BEN
10001848,BENEFICIARIO 01848,001000001848,PEN,1359.54,BCPLPEPLXXX,PAGO PROVEEDOR 01848,SHA
10001849,BENEFICIARIO 01849,001000001849,PEN,1360.27,BINPPEPLXXX,PAGO PROVEEDOR 01849,OUR
10001850,BENEFICIARIO 01850,001000001850,USD,1361.00,SCBLPEPLXXX,PAGO PROVEEDOR 01850,BEN
10001851,BENEFICIARIO 01851,001000001851,PEN,1361.73,CITIPEPLXXX,PAGO PROVEEDOR 01851,SHA
10001852,BENEFICIARIO 01852,001000001852,PEN,1362.46,BCPLPEPLXXX,PAGO PROVEEDOR 01852,OUR
10001853,BENEFICIARIO 01853,001000001853,PEN,1363.19,BINPPEPLXXX,PAGO PROVEEDOR 01853,BEN
10001854,BENEFICIARIO 01854,001000001854,PEN,1363.92,SCBLPEPLXXX,PAGO PROVEEDOR 01854,SHA
10001855,BENEFICIARIO 01855,001000001855,USD,1364.65,CITIPEPLXXX,PAGO PROVEEDOR 01855,OUR
10001856,BENEFICIARIO 01856,001000001856,PEN,1365.38,BCPLPEPLXXX,PAGO PROVEEDOR 01856,BEN
10001857,BENEFICIARIO 01857,001000001857,PEN,1366.11,BINPPEPLXXX,PAGO PROVEEDOR 01857,SHA
10001858,BENEFICIARIO 01858,001000001858,PEN,1366.84,SCBLPEPLXXX,PAGO PROVEEDOR 01858,OUR
10001859,BENEFICIARIO 01859,001000001859,PEN,1367.57,CITIPEPLXXX,PAGO PROVEEDOR 01859,BEN
10001860,BENEFICIARIO 01860,001000001860,USD,1368.30,BCPLPEPLXXX,PAGO PROVEEDOR 01860,SHA
10001861,BENEFICIARIO 01861,001000001861,PEN,1369.03,BINPPEPLXXX,PAGO PROVEEDOR 01861,OUR
10001862,BENEFICIARIO 01862,001000001862,PEN,1369.76,SCBLPEPLXXX,PAGO PROVEEDOR 01862,BEN
10001863,BENEFICIARIO 01863,001000001863,PEN,1370.49,CITIPEPLXXX,PAGO PROVEEDOR 01863,SHA
10001864,BENEFICIARIO 01864,001000001864,PEN,1371.22,BCPLPEPLXXX,PAGO PROVEEDOR 01864,OUR
10001865,BENEFICIARIO 01865,001000001865,USD,1371.95,BINPPEPLXXX,PAGO PROVEEDOR 01865,BEN
10001866,BENEFICIARIO 01866,001000001866,PEN,1372.68,SCBLPEPLXXX,PAGO PROVEEDOR 01866,SHA
10001867,BENEFICIARIO 01867,001000001867,PEN,1373.41,CITIPEPLXXX,PAGO PROVEEDOR 01867,OUR
10001868,BENEFICIARIO 01868,001000001868,PEN,1374.14,BCPLPEPLXXX,PAGO PROVEEDOR 01868,BEN
10001869,BENEFICIARIO 01869,001000001869,PEN,1374.87,BINPPEPLXXX,PAGO PROVEEDOR 01869,SHA
10001870,BENEFICIARIO 01870,001000001870,USD,1375.60,SCBLPEPLXXX,PAGO PROVEEDOR 01870,OUR
10001871,BENEFICIARIO 01871,001000001871,PEN,1376.33,CITIPEPLXXX,PAGO PROVEEDOR 01871,BEN
10001872,BENEFICIARIO 01872,001000001872,PEN,1377.06,BCPLPEPLXXX,PAGO PROVEEDOR 01872,SHA
10001873,BENEFICIARIO 01873,001000001873,PEN,1377.79,BINPPEPLXXX,PAGO PROVEEDOR 01873,OUR
10001874,BENEFICIARIO 01874,001000001874,PEN,1378.52,SCBLPEPLXXX,PAGO PROVEEDOR 01874,BEN
10001875,BENEFICIARIO 01875,001000001875,USD,1379.25,CITIPEPLXXX,PAGO PROVEEDOR 01875,SHA
10001876,BENEFICIARIO 01876,001000001876,PEN,1379.98,BCPLPEPLXXX,PAGO PROVEEDOR 01876,OUR
10001877,BENEFICIARIO 01877,001000001877,PEN,1380.71,BINPPEPLXXX,PAGO PROVEEDOR 01877,BEN
10001878,BENEFICIARIO 01878,001000001878,PEN,1381.44,SCBLPEPLXXX,PAGO PROVEEDOR 01878,SHA
10001879,BENEFICIARIO 01879,001000001879,PEN,1382.17,CITIPEPLXXX,PAGO PROVEEDOR 01879,OUR
10001880,BENEFICIARIO 01880,001000001880,USD,1382.90,BCPLPEPLXXX,PAGO PROVEEDOR 01880,BEN
10001881,BENEFICIARIO 01881,001000001881,PEN,1383.63,BINPPEPLXXX,PAGO PROVEEDOR 01881,SHA
10001882,BENEFICIARIO 01882,001000001882,PEN,1384.36,SCBLPEPLXXX,PAGO PROVEEDOR 01882,OUR
10001883,BENEFICIARIO 01883,001000001883,PEN,1385.09,CITIPEPLXXX,PAGO PROVEEDOR 01883,BEN
10001884,BENEFICIARIO 01884,001000001884,PEN,1385.82,BCPLPEPLXXX,PAGO PROVEEDOR 01884,SHA
10001885,BENEFICIARIO 01885,001000001885,USD,1386.55,BINPPEPLXXX,PAGO PROVEEDOR 01885,OUR
10001886,BENEFICIARIO 01886,001000001886,PEN,1387.28,SCBLPEPLXXX,PAGO PROVEEDOR 01886,BEN
10001887,BENEFICIARIO 01887,001000001887,PEN,1388.01,CITIPEPLXXX,PAGO PROVEEDOR 01887,SHA
10001888,BENEFICIARIO 01888,001000001888,PEN,1388.74,BCPLPEPLXXX,PAGO PROVEEDOR 01888,OUR
10001889,BENEFICIARIO 01889,001000001889,PEN,1389.47,BINPPEPLXXX,PAGO PROVEEDOR 01889,BEN
10001890,BENEFICIARIO 01890,001000001890,USD,1390.20,SCBLPEPLXXX,PAGO PROVEEDOR 01890,SHA
10001891,BENEFICIARIO 01891,001000001891,PEN,1390.93,CITIPEPLXXX,PAGO PROVEEDOR 01891,OUR
10001892,BENEFICIARIO 01892,001000001892,PEN,1391.66,BCPLPEPLXXX,PAGO PROVEEDOR 01892,BEN
10001893,BENEFICIARIO 01893,001000001893,PEN,1392.39,BINPPEPLXXX,PAGO PROVEEDOR 01893,SHA
10001894,BENEFICIARIO 01894,001000001894,PEN,1393.12,SCBLPEPLXXX,PAGO PROVEEDOR 01894,OUR
10001895,BENEFICIARIO 01895,001000001895,USD,1393.85,CITIPEPLXXX,PAGO PROVEEDOR 01895,BEN
10001896,BENEFICIARIO 01896,001000001896,PEN,1394.58,BCPLPEPLXXX,PAGO PROVEEDOR 01896,SHA
10001897,BENEFICIARIO 01897,001000001897,PEN,1395.31,BINPPEPLXXX,PAGO PROVEEDOR 01897,OUR
10001898,BENEFICIARIO 01898,001000001898,PEN,1396.04,SCBLPEPLXXX,PAGO PROVEEDOR 01898,BEN
10001899,BENEFICIARIO 01899,001000001899,PEN,1396.77,CITIPEPLXXX,PAGO PROVEEDOR 01899,SHA
10001900,BENEFICIARIO 01900,001000001900,USD,1397.50,BCPLPEPLXXX,PAGO PROVEEDOR 01900,OUR
10001901,BENEFICIARIO 01901,001000001901,PEN,1398.23,BINPPEPLXXX,PAGO PROVEEDOR 01901,BEN
10001902,BENEFICIARIO 01902,001000001902,PEN,1398.96,SCBLPEPLXXX,PAGO PROVEEDOR 01902,SHA
10001903,BENEFICIARIO 01903,001000001903,PEN,1399.69,CITIPEPLXXX,PAGO PROVEEDOR 01903,OUR
10001904,BENEFICIARIO 01904,001000001904,PEN,1400.42,BCPLPEPLXXX,PAGO PROVEEDOR 01904,BEN
10001905,BENEFICIARIO 01905,001000001905,USD,1401.15,BINPPEPLXXX,PAGO PROVEEDOR 01905,SHA
10001906,BENEFICIARIO 01906,001000001906,PEN,1401.88,SCBLPEPLXXX,PAGO PROVEEDOR 01906,OUR
10001907,BENEFICIARIO 01907,001000001907,PEN,1402.61,CITIPEPLXXX,PAGO PROVEEDOR 01907,BEN
10001908,BENEFICIARIO 01908,001000001908,PEN,1403.34,BCPLPEPLXXX,PAGO PROVEEDOR 01908,SHA
10001909,BENEFICIARIO 01909,001000001909,PEN,1404.07,BINPPEPLXXX,PAGO PROVEEDOR 01909,OUR
10001910,BENEFICIARIO 01910,001000001910,USD,1404.80,SCBLPEPLXXX,PAGO PROVEEDOR 01910,BEN
10001911,BENEFICIARIO 01911,001000001911,PEN,1405.53,CITIPEPLXXX,PAGO PROVEEDOR 01911,SHA
10001912,BENEFICIARIO 01912,001000001912,PEN,1406.26,BCPLPEPLXXX,PAGO PROVEEDOR 01912,OUR
10001913,BENEFICIARIO 01913,001000001913,PEN,1406.99,BINPPEPLXXX,PAGO PROVEEDOR 01913,BEN
10001914,BENEFICIARIO 01914,001000001914,PEN,1407.72,SCBLPEPLXXX,PAGO PROVEEDOR 01914,SHA
10001915,BENEFICIARIO 01915,001000001915,USD,1408.45,CITIPEPLXXX,PAGO PROVEEDOR 01915,OUR
10001916,BENEFICIARIO 01916,001000001916,PEN,1409.18,BCPLPEPLXXX,PAGO PROVEEDOR 01916,BEN
10001917,BENEFICIARIO 01917,001000001917,PEN,1409.91,BINPPEPLXXX,PAGO PROVEEDOR 01917,SHA
10001918,BENEFICIARIO 01918,001000001918,PEN,1410.64,SCBLPEPLXXX,PAGO PROVEEDOR 01918,OUR
10001919,BENEFICIARIO 01919,001000001919,PEN,1411.37,CITIPEPLXXX,PAGO PROVEEDOR 01919,BEN
10001920,BENEFICIARIO 01920,001000001920,USD,1412.10,BCPLPEPLXXX,PAGO PROVEEDOR 01920,SHA
10001921,BENEFICIARIO 01921,001000001921,PEN,1412.83,BINPPEPLXXX,PAGO PROVEEDOR 01921,OUR
10001922,BENEFICIARIO 01922,001000001922,PEN,1413.56,SCBLPEPLXXX,PAGO PROVEEDOR 01922,BEN
10001923,BENEFICIARIO 01923,001000001923,PEN,1414.29,CITIPEPLXXX,PAGO PROVEEDOR 01923,SHA
10001924,BENEFICIARIO 01924,001000001924,PEN,1415.02,BCPLPEPLXXX,PAGO PROVEEDOR 01924,OUR
10001925,BENEFICIARIO 01925,001000001925,USD,1415.75,BINPPEPLXXX,PAGO PROVEEDOR 01925,BEN
10001926,BENEFICIARIO 01926,001000001926,PEN,1416.48,SCBLPEPLXXX,PAGO PROVEEDOR 01926,SHA
10001927,BENEFICIARIO 01927,001000001927,PEN,1417.21,CITIPEPLXXX,PAGO PROVEEDOR 01927,OUR
10001928,BENEFICIARIO 01928,001000001928,PEN,1417.94,BCPLPEPLXXX,PAGO PROVEEDOR 01928,BEN
10001929,BENEFICIARIO 01929,001000001929,PEN,1418.67,BINPPEPLXXX,PAGO PROVEEDOR 01929,SHA
10001930,BENEFICIARIO 01930,001000001930,USD,1419.40,SCBLPEPLXXX,PAGO PROVEEDOR 01930,OUR
10001931,BENEFICIARIO 01931,001000001931,PEN,1420.13,CITIPEPLXXX,PAGO PROVEEDOR 01931,BEN
10001932,BENEFICIARIO 01932,001000001932,PEN,1420.86,BCPLPEPLXXX,PAGO PROVEEDOR 01932,SHA
10001933,BENEFICIARIO 01933,001000001933,PEN,1421.59,BINPPEPLXXX,PAGO PROVEEDOR 01933,OUR
10001934,BENEFICIARIO 01934,001000001934,PEN,1422.32,SCBLPEPLXXX,PAGO PROVEEDOR 01934,BEN
10001935,BENEFICIARIO 01935,001000001935,USD,1423.05,CITIPEPLXXX,PAGO PROVEEDOR 01935,SHA
10001936,BENEFICIARIO 01936,001000001936,PEN,1423.78,BCPLPEPLXXX,PAGO PROVEEDOR 01936,OUR
10001937,BENEFICIARIO 01937,001000001937,PEN,1424.51,BINPPEPLXXX,PAGO PROVEEDOR 01937,BEN
10001938,BENEFICIARIO 01938,001000001938,PEN,1425.24,SCBLPEPLXXX,PAGO PROVEEDOR 01938,SHA
10001939,BENEFICIARIO 01939,001000001939,PEN,1425.97,CITIPEPLXXX,PAGO PROVEEDOR 01939,OUR
10001940,BENEFICIARIO 01940,001000001940,USD,1426.70,BCPLPEPLXXX,PAGO PROVEEDOR 01940,BEN
10001941,BENEFICIARIO 01941,001000001941,PEN,1427.43,BINPPEPLXXX,PAGO PROVEEDOR 01941,SHA
10001942,BENEFICIARIO 01942,001000001942,PEN,1428.16,SCBLPEPLXXX,PAGO PROVEEDOR 01942,OUR
10001943,BENEFICIARIO 01943,001000001943,PEN,1428.89,CITIPEPLXXX,PAGO PROVEEDOR 01943,BEN
10001944,BENEFICIARIO 01944,001000001944,PEN,1429.62,BCPLPEPLXXX,PAGO PROVEEDOR 01944,SHA
10001945,BENEFICIARIO 01945,001000001945,USD,1430.35,BINPPEPLXXX,PAGO PROVEEDOR 01945,OUR
10001946,BENEFICIARIO 01946,001000001946,PEN,1431.08,SCBLPEPLXXX,PAGO PROVEEDOR 01946,BEN
10001947,BENEFICIARIO 01947,001000001947,PEN,1431.81,CITIPEPLXXX,PAGO PROVEEDOR 01947,SHA
10001948,BENEFICIARIO 01948,001000001948,PEN,1432.54,BCPLPEPLXXX,PAGO PROVEEDOR 01948,OUR
10001949,BENEFICIARIO 01949,001000001949,PEN,1433.27,BINPPEPLXXX,PAGO PROVEEDOR 01949,BEN
10001950,BENEFICIARIO 01950,001000001950,USD,1434.00,SCBLPEPLXXX,PAGO PROVEEDOR 01950,SHA
10001951,BENEFICIARIO 01951,001000001951,PEN,1434.73,CITIPEPLXXX,PAGO PROVEEDOR 01951,OUR
10001952,BENEFICIARIO 01952,001000001952,PEN,1435.46,BCPLPEPLXXX,PAGO PROVEEDOR 01952,BEN
10001953,BENEFICIARIO 01953,001000001953,PEN,1436.19,BINPPEPLXXX,PAGO PROVEEDOR 01953,SHA
10001954,BENEFICIARIO 01954,001000001954,PEN,1436.92,SCBLPEPLXXX,PAGO PROVEEDOR 01954,OUR
10001955,BENEFICIARIO 01955,001000001955,USD,1437.65,CITIPEPLXXX,PAGO PROVEEDOR 01955,BEN
10001956,BENEFICIARIO 01956,001000001956,PEN,1438.38,BCPLPEPLXXX,PAGO PROVEEDOR 01956,SHA
10001957,BENEFICIARIO 01957,001000001957,PEN,1439.11,BINPPEPLXXX,PAGO PROVEEDOR 01957,OUR
10001958,BENEFICIARIO 01958,001000001958,PEN,1439.84,SCBLPEPLXXX,PAGO PROVEEDOR 01958,BEN
10001959,BENEFICIARIO 01959,001000001959,PEN,1440.57,CITIPEPLXXX,PAGO PROVEEDOR 01959,SHA
10001960,BENEFICIARIO 01960,001000001960,USD,1441.30,BCPLPEPLXXX,PAGO PROVEEDOR 01960,OUR
10001961,BENEFICIARIO 01961,001000001961,PEN,1442.03,BINPPEPLXXX,PAGO PROVEEDOR 01961,BEN
10001962,BENEFICIARIO 01962,001000001962,PEN,1442.76,SCBLPEPLXXX,PAGO PROVEEDOR 01962,SHA
10001963,BENEFICIARIO 01963,001000001963,PEN,1443.49,CITIPEPLXXX,PAGO PROVEEDOR 01963,OUR
10001964,BENEFICIARIO 01964,001000001964,PEN,1444.22,BCPLPEPLXXX,PAGO PROVEEDOR 01964,BEN
10001965,BENEFICIARIO 01965,001000001965,USD,1444.95,BINPPEPLXXX,PAGO PROVEEDOR 01965,SHA
10001966,BENEFICIARIO 01966,001000001966,PEN,1445.68,SCBLPEPLXXX,PAGO PROVEEDOR 01966,OUR
10001967,BENEFICIARIO 01967,001000001967,PEN,1446.41,CITIPEPLXXX,PAGO PROVEEDOR 01967,BEN
10001968,BENEFICIARIO 01968,001000001968,PEN,1447.14,BCPLPEPLXXX,PAGO PROVEEDOR 01968,SHA
10001969,BENEFICIARIO 01969,001000001969,PEN,1447.87,BINPPEPLXXX,PAGO PROVEEDOR 01969,OUR
10001970,BENEFICIARIO 01970,001000001970,USD,1448.60,SCBLPEPLXXX,PAGO PROVEEDOR 01970,BEN
10001971,BENEFICIARIO 01971,001000001971,PEN,1449.33,CITIPEPLXXX,PAGO PROVEEDOR 01971,SHA
10001972,BENEFICIARIO 01972,001000001972,PEN,1450.06,BCPLPEPLXXX,PAGO PROVEEDOR 01972,OUR
10001973,BENEFICIARIO 01973,001000001973,PEN,1450.79,BINPPEPLXXX,PAGO PROVEEDOR 01973,BEN
10001974,BENEFICIARIO 01974,001000001974,PEN,1451.52,SCBLPEPLXXX,PAGO PROVEEDOR 01974,SHA
10001975,BENEFICIARIO 01975,001000001975,USD,1452.25,CITIPEPLXXX,PAGO PROVEEDOR 01975,OUR
10001976,BENEFICIARIO 01976,001000001976,PEN,1452.98,BCPLPEPLXXX,PAGO PROVEEDOR 01976,BEN
10001977,BENEFICIARIO 01977,001000001977,PEN,1453.71,BINPPEPLXXX,PAGO PROVEEDOR 01977,SHA
10001978,BENEFICIARIO 01978,001000001978,PEN,1454.44,SCBLPEPLXXX,PAGO PROVEEDOR 01978,OUR
10001979,BENEFICIARIO 01979,001000001979,PEN,1455.17,CITIPEPLXXX,PAGO PROVEEDOR 01979,BEN
10001980,BENEFICIARIO 01980,001000001980,USD,1455.90,BCPLPEPLXXX,PAGO PROVEEDOR 01980,SHA
10001981,BENEFICIARIO 01981,001000001981,PEN,1456.63,BINPPEPLXXX,PAGO PROVEEDOR 01981,OUR
10001982,BENEFICIARIO 01982,001000001982,PEN,1457.36,SCBLPEPLXXX,PAGO PROVEEDOR 01982,BEN
10001983,BENEFICIARIO 01983,001000001983,PEN,1458.09,CITIPEPLXXX,PAGO PROVEEDOR 01983,SHA
10001984,BENEFICIARIO 01984,001000001984,PEN,1458.82,BCPLPEPLXXX,PAGO PROVEEDOR 01984,OUR
10001985,BENEFICIARIO 01985,001000001985,USD,1459.55,BINPPEPLXXX,PAGO PROVEEDOR 01985,BEN
10001986,BENEFICIARIO 01986,001000001986,PEN,1460.28,SCBLPEPLXXX,PAGO PROVEEDOR 01986,SHA
10001987,BENEFICIARIO 01987,001000001987,PEN,1461.01,CITIPEPLXXX,PAGO PROVEEDOR 01987,OUR
10001988,BENEFICIARIO 01988,001000001988,PEN,1461.74,BCPLPEPLXXX,PAGO PROVEEDOR 01988,BEN
10001989,BENEFICIARIO 01989,001000001989,PEN,1462.47,BINPPEPLXXX,PAGO PROVEEDOR 01989,SHA
10001990,BENEFICIARIO 01990,001000001990,USD,1463.20,SCBLPEPLXXX,PAGO PROVEEDOR 01990,OUR
10001991,BENEFICIARIO 01991,001000001991,PEN,1463.93,CITIPEPLXXX,PAGO PROVEEDOR 01991,BEN
10001992,BENEFICIARIO 01992,001000001992,PEN,1464.66,BCPLPEPLXXX,PAGO PROVEEDOR 01992,SHA
10001993,BENEFICIARIO 01993,001000001993,PEN,1465.39,BINPPEPLXXX,PAGO PROVEEDOR 01993,OUR
10001994,BENEFICIARIO 01994,001000001994,PEN,1466.12,SCBLPEPLXXX,PAGO PROVEEDOR 01994,BEN
10001995,BENEFICIARIO 01995,001000001995,USD,1466.85,CITIPEPLXXX,PAGO PROVEEDOR 01995,SHA
10001996,BENEFICIARIO 01996,001000001996,PEN,1467.58,BCPLPEPLXXX,PAGO PROVEEDOR 01996,OUR
10001997,BENEFICIARIO 01997,001000001997,PEN,1468.31,BINPPEPLXXX,PAGO PROVEEDOR 01997,BEN
10001998,BENEFICIARIO 01998,001000001998,PEN,1469.04,SCBLPEPLXXX,PAGO PROVEEDOR 01998,SHA
10001999,BENEFICIARIO 01999,001000001999,PEN,1469.77,CITIPEPLXXX,PAGO PROVEEDOR 01999,OUR
10002000,BENEFICIARIO 02000,001000002000,USD,1470.50,BCPLPEPLXXX,PAGO PROVEEDOR 02000,BEN
10002001,BENEFICIARIO 02001,001000002001,PEN,1471.23,BINPPEPLXXX,PAGO PROVEEDOR 02001,SHA
10002002,BENEFICIARIO 02002,001000002002,PEN,1471.96,SCBLPEPLXXX,PAGO PROVEEDOR 02002,OUR
10002003,BENEFICIARIO 02003,001000002003,PEN,1472.69,CITIPEPLXXX,PAGO PROVEEDOR 02003,BEN
10002004,BENEFICIARIO 02004,001000002004,PEN,1473.42,BCPLPEPLXXX,PAGO PROVEEDOR 02004,SHA
10002005,BENEFICIARIO 02005,001000002005,USD,1474.15,BINPPEPLXXX,PAGO PROVEEDOR 02005,OUR
10002006,BENEFICIARIO 02006,001000002006,PEN,1474.88,SCBLPEPLXXX,PAGO PROVEEDOR 02006,BEN
10002007,BENEFICIARIO 02007,001000002007,PEN,1475.61,CITIPEPLXXX,PAGO PROVEEDOR 02007,SHA
10002008,BENEFICIARIO 02008,001000002008,PEN,1476.34,BCPLPEPLXXX,PAGO PROVEEDOR 02008,OUR
10002009,BENEFICIARIO 02009,001000002009,PEN,1477.07,BINPPEPLXXX,PAGO PROVEEDOR 02009,BEN
10002010,BENEFICIARIO 02010,001000002010,USD,1477.80,SCBLPEPLXXX,PAGO PROVEEDOR 02010,SHA
10002011,BENEFICIARIO 02011,001000002011,PEN,1478.53,CITIPEPLXXX,PAGO PROVEEDOR 02011,OUR
10002012,BENEFICIARIO 02012,001000002012,PEN,1479.26,BCPLPEPLXXX,PAGO PROVEEDOR 02012,BEN
10002013,BENEFICIARIO 02013,001000002013,PEN,1479.99,BINPPEPLXXX,PAGO PROVEEDOR 02013,SHA
10002014,BENEFICIARIO 02014,001000002014,PEN,1480.72,SCBLPEPLXXX,PAGO PROVEEDOR 02014,OUR
10002015,BENEFICIARIO 02015,001000002015,USD,1481.45,CITIPEPLXXX,PAGO PROVEEDOR 02015,BEN
10002016,BENEFICIARIO 02016,001000002016,PEN,1482.18,BCPLPEPLXXX,PAGO PROVEEDOR 02016,SHA
10002017,BENEFICIARIO 02017,001000002017,PEN,1482.91,BINPPEPLXXX,PAGO PROVEEDOR 02017,OUR
10002018,BENEFICIARIO 02018,001000002018,PEN,1483.64,SCBLPEPLXXX,PAGO PROVEEDOR 02018,BEN
10002019,BENEFICIARIO 02019,001000002019,PEN,1484.37,CITIPEPLXXX,PAGO PROVEEDOR 02019,SHA
10002020,BENEFICIARIO 02020,001000002020,USD,1485.10,BCPLPEPLXXX,PAGO PROVEEDOR 02020,OUR
10002021,BENEFICIARIO 02021,001000002021,PEN,1485.83,BINPPEPLXXX,PAGO PROVEEDOR 02021,BEN
10002022,BENEFICIARIO 02022,001000002022,PEN,1486.56,SCBLPEPLXXX,PAGO PROVEEDOR 02022,SHA
10002023,BENEFICIARIO 02023,001000002023,PEN,1487.29,CITIPEPLXXX,PAGO PROVEEDOR 02023,OUR
10002024,BENEFICIARIO 02024,001000002024,PEN,1488.02,BCPLPEPLXXX,PAGO PROVEEDOR 02024,BEN
10002025,BENEFICIARIO 02025,001000002025,USD,1488.75,BINPPEPLXXX,PAGO PROVEEDOR 02025,SHA
10002026,BENEFICIARIO 02026,001000002026,PEN,1489.48,SCBLPEPLXXX,PAGO PROVEEDOR 02026,OUR
10002027,BENEFICIARIO 02027,001000002027,PEN,1490.21,CITIPEPLXXX,PAGO PROVEEDOR 02027,BEN
10002028,BENEFICIARIO 02028,001000002028,PEN,1490.94,BCPLPEPLXXX,PAGO PROVEEDOR 02028,SHA
10002029,BENEFICIARIO 02029,001000002029,PEN,1491.67,BINPPEPLXXX,PAGO PROVEEDOR 02029,OUR
10002030,BENEFICIARIO 02030,001000002030,USD,1492.40,SCBLPEPLXXX,PAGO PROVEEDOR 02030,BEN
10002031,BENEFICIARIO 02031,001000002031,PEN,1493.13,CITIPEPLXXX,PAGO PROVEEDOR 02031,SHA
10002032,BENEFICIARIO 02032,001000002032,PEN,1493.86,BCPLPEPLXXX,PAGO PROVEEDOR 02032,OUR
10002033,BENEFICIARIO 02033,001000002033,PEN,1494.59,BINPPEPLXXX,PAGO PROVEEDOR 02033,BEN
10002034,BENEFICIARIO 02034,001000002034,PEN,1495.32,SCBLPEPLXXX,PAGO PROVEEDOR 02034,SHA
10002035,BENEFICIARIO 02035,001000002035,USD,1496.05,CITIPEPLXXX,PAGO PROVEEDOR 02035,OUR
10002036,BENEFICIARIO 02036,001000002036,PEN,1496.78,BCPLPEPLXXX,PAGO PROVEEDOR 02036,BEN
10002037,BENEFICIARIO 02037,001000002037,PEN,1497.51,BINPPEPLXXX,PAGO PROVEEDOR 02037,SHA
10002038,BENEFICIARIO 02038,001000002038,PEN,1498.24,SCBLPEPLXXX,PAGO PROVEEDOR 02038,OUR
10002039,BENEFICIARIO 02039,001000002039,PEN,1498.97,CITIPEPLXXX,PAGO PROVEEDOR 02039,BEN
10002040,BENEFICIARIO 02040,001000002040,USD,1499.70,BCPLPEPLXXX,PAGO PROVEEDOR 02040,SHA
10002041,BENEFICIARIO 02041,001000002041,PEN,1500.43,BINPPEPLXXX,PAGO PROVEEDOR 02041,OUR
10002042,BENEFICIARIO 02042,001000002042,PEN,1501.16,SCBLPEPLXXX,PAGO PROVEEDOR 02042,BEN
10002043,BENEFICIARIO 02043,001000002043,PEN,1501.89,CITIPEPLXXX,PAGO PROVEEDOR 02043,SHA
10002044,BENEFICIARIO 02044,001000002044,PEN,1502.62,BCPLPEPLXXX,PAGO PROVEEDOR 02044,OUR
10002045,BENEFICIARIO 02045,001000002045,USD,1503.35,BINPPEPLXXX,PAGO PROVEEDOR 02045,BEN
10002046,BENEFICIARIO 02046,001000002046,PEN,1504.08,SCBLPEPLXXX,PAGO PROVEEDOR 02046,SHA
10002047,BENEFICIARIO 02047,001000002047,PEN,1504.81,CITIPEPLXXX,PAGO PROVEEDOR 02047,OUR
10002048,BENEFICIARIO 02048,001000002048,PEN,1505.54,BCPLPEPLXXX,PAGO PROVEEDOR 02048,BEN
10002049,BENEFICIARIO 02049,001000002049,PEN,1506.27,BINPPEPLXXX,PAGO PROVEEDOR 02049,SHA
10002050,BENEFICIARIO 02050,001000002050,USD,1507.00,SCBLPEPLXXX,PAGO PROVEEDOR 02050,OUR
10002051,BENEFICIARIO 02051,001000002051,PEN,1507.73,CITIPEPLXXX,PAGO PROVEEDOR 02051,BEN
10002052,BENEFICIARIO 02052,001000002052,PEN,1508.46,BCPLPEPLXXX,PAGO PROVEEDOR 02052,SHA
10002053,BENEFICIARIO 02053,001000002053,PEN,1509.19,BINPPEPLXXX,PAGO PROVEEDOR 02053,OUR
10002054,BENEFICIARIO 02054,001000002054,PEN,1509.92,SCBLPEPLXXX,PAGO PROVEEDOR 02054,BEN
10002055,BENEFICIARIO 02055,001000002055,USD,1510.65,CITIPEPLXXX,PAGO PROVEEDOR 02055,SHA
10002056,BENEFICIARIO 02056,001000002056,PEN,1511.38,BCPLPEPLXXX,PAGO PROVEEDOR 02056,OUR
10002057,BENEFICIARIO 02057,001000002057,PEN,1512.11,BINPPEPLXXX,PAGO PROVEEDOR 02057,BEN
10002058,BENEFICIARIO 02058,001000002058,PEN,1512.84,SCBLPEPLXXX,PAGO PROVEEDOR 02058,SHA
10002059,BENEFICIARIO 02059,001000002059,PEN,1513.57,CITIPEPLXXX,PAGO PROVEEDOR 02059,OUR
10002060,BENEFICIARIO 02060,001000002060,USD,1514.30,BCPLPEPLXXX,PAGO PROVEEDOR 02060,BEN
10002061,BENEFICIARIO 02061,001000002061,PEN,1515.03,BINPPEPLXXX,PAGO PROVEEDOR 02061,SHA
10002062,BENEFICIARIO 02062,001000002062,PEN,1515.76,SCBLPEPLXXX,PAGO PROVEEDOR 02062,OUR
10002063,BENEFICIARIO 02063,001000002063,PEN,1516.49,CITIPEPLXXX,PAGO PROVEEDOR 02063,BEN
10002064,BENEFICIARIO 02064,001000002064,PEN,1517.22,BCPLPEPLXXX,PAGO PROVEEDOR 02064,SHA
10002065,BENEFICIARIO 02065,001000002065,USD,1517.95,BINPPEPLXXX,PAGO PROVEEDOR 02065,OUR
10002066,BENEFICIARIO 02066,001000002066,PEN,1518.68,SCBLPEPLXXX,PAGO PROVEEDOR 02066,BEN
10002067,BENEFICIARIO 02067,001000002067,PEN,1519.41,CITIPEPLXXX,PAGO PROVEEDOR 02067,SHA
10002068,BENEFICIARIO 02068,001000002068,PEN,1520.14,BCPLPEPLXXX,PAGO PROVEEDOR 02068,OUR
10002069,BENEFICIARIO 02069,001000002069,PEN,1520.87,BINPPEPLXXX,PAGO PROVEEDOR 02069,BEN
10002070,BENEFICIARIO 02070,001000002070,USD,1521.60,SCBLPEPLXXX,PAGO PROVEEDOR 02070,SHA
10002071,BENEFICIARIO 02071,001000002071,PEN,1522.33,CITIPEPLXXX,PAGO PROVEEDOR 02071,OUR
10002072,BENEFICIARIO 02072,001000002072,PEN,1523.06,BCPLPEPLXXX,PAGO PROVEEDOR 02072,BEN
10002073,BENEFICIARIO 02073,001000002073,PEN,1523.79,BINPPEPLXXX,PAGO PROVEEDOR 02073,SHA
10002074,BENEFICIARIO 02074,001000002074,PEN,1524.52,SCBLPEPLXXX,PAGO PROVEEDOR 02074,OUR
10002075,BENEFICIARIO 02075,001000002075,USD,1525.25,CITIPEPLXXX,PAGO PROVEEDOR 02075,BEN
10002076,BENEFICIARIO 02076,001000002076,PEN,1525.98,BCPLPEPLXXX,PAGO PROVEEDOR 02076,SHA
10002077,BENEFICIARIO 02077,001000002077,PEN,1526.71,BINPPEPLXXX,PAGO PROVEEDOR 02077,OUR
10002078,BENEFICIARIO 02078,001000002078,PEN,1527.44,SCBLPEPLXXX,PAGO PROVEEDOR 02078,BEN
10002079,BENEFICIARIO 02079,001000002079,PEN,1528.17,CITIPEPLXXX,PAGO PROVEEDOR 02079,SHA
10002080,BENEFICIARIO 02080,001000002080,USD,1528.90,BCPLPEPLXXX,PAGO PROVEEDOR 02080,OUR
10002081,BENEFICIARIO 02081,001000002081,PEN,1529.63,BINPPEPLXXX,PAGO PROVEEDOR 02081,BEN
10002082,BENEFICIARIO 02082,001000002082,PEN,1530.36,SCBLPEPLXXX,PAGO PROVEEDOR 02082,SHA
10002083,BENEFICIARIO 02083,001000002083,PEN,1531.09,CITIPEPLXXX,PAGO PROVEEDOR 02083,OUR
10002084,BENEFICIARIO 02084,001000002084,PEN,1531.82,BCPLPEPLXXX,PAGO PROVEEDOR 02084,BEN
10002085,BENEFICIARIO 02085,001000002085,USD,1532.55,BINPPEPLXXX,PAGO PROVEEDOR 02085,SHA
10002086,BENEFICIARIO 02086,001000002086,PEN,1533.28,SCBLPEPLXXX,PAGO PROVEEDOR 02086,OUR
10002087,BENEFICIARIO 02087,001000002087,PEN,1534.01,CITIPEPLXXX,PAGO PROVEEDOR 02087,BEN
10002088,BENEFICIARIO 02088,001000002088,PEN,1534.74,BCPLPEPLXXX,PAGO PROVEEDOR 02088,SHA
10002089,BENEFICIARIO 02089,001000002089,PEN,1535.47,BINPPEPLXXX,PAGO PROVEEDOR 02089,OUR
10002090,BENEFICIARIO 02090,001000002090,USD,1536.20,SCBLPEPLXXX,PAGO PROVEEDOR 02090,BEN
10002091,BENEFICIARIO 02091,001000002091,PEN,1536.93,CITIPEPLXXX,PAGO PROVEEDOR 02091,SHA
10002092,BENEFICIARIO 02092,001000002092,PEN,1537.66,BCPLPEPLXXX,PAGO PROVEEDOR 02092,OUR
10002093,BENEFICIARIO 02093,001000002093,PEN,1538.39,BINPPEPLXXX,PAGO PROVEEDOR 02093,BEN
10002094,BENEFICIARIO 02094,001000002094,PEN,1539.12,SCBLPEPLXXX,PAGO PROVEEDOR 02094,SHA
10002095,BENEFICIARIO 02095,001000002095,USD,1539.85,CITIPEPLXXX,PAGO PROVEEDOR 02095,OUR
10002096,BENEFICIARIO 02096,001000002096,PEN,1540.58,BCPLPEPLXXX,PAGO PROVEEDOR 02096,BEN
10002097,BENEFICIARIO 02097,001000002097,PEN,1541.31,BINPPEPLXXX,PAGO PROVEEDOR 02097,SHA
10002098,BENEFICIARIO 02098,001000002098,PEN,1542.04,SCBLPEPLXXX,PAGO PROVEEDOR 02098,OUR
10002099,BENEFICIARIO 02099,001000002099,PEN,1542.77,CITIPEPLXXX,PAGO PROVEEDOR 02099,BEN
10002100,BENEFICIARIO 02100,001000002100,USD,1543.50,BCPLPEPLXXX,PAGO PROVEEDOR 02100,SHA
10002101,BENEFICIARIO 02101,001000002101,PEN,1544.23,BINPPEPLXXX,PAGO PROVEEDOR 02101,OUR
10002102,BENEFICIARIO 02102,001000002102,PEN,1544.96,SCBLPEPLXXX,PAGO PROVEEDOR 02102,BEN
10002103,BENEFICIARIO 02103,001000002103,PEN,1545.69,CITIPEPLXXX,PAGO PROVEEDOR 02103,SHA
10002104,BENEFICIARIO 02104,001000002104,PEN,1546.42,BCPLPEPLXXX,PAGO PROVEEDOR 02104,OUR
10002105,BENEFICIARIO 02105,001000002105,USD,1547.15,BINPPEPLXXX,PAGO PROVEEDOR 02105,BEN
10002106,BENEFICIARIO 02106,001000002106,PEN,1547.88,SCBLPEPLXXX,PAGO PROVEEDOR 02106,SHA
10002107,BENEFICIARIO 02107,001000002107,PEN,1548.61,CITIPEPLXXX,PAGO PROVEEDOR 02107,OUR
10002108,BENEFICIARIO 02108,001000002108,PEN,1549.34,BCPLPEPLXXX,PAGO PROVEEDOR 02108,BEN
10002109,BENEFICIARIO 02109,001000002109,PEN,1550.07,BINPPEPLXXX,PAGO PROVEEDOR 02109,SHA
10002110,BENEFICIARIO 02110,001000002110,USD,1550.80,SCBLPEPLXXX,PAGO PROVEEDOR 02110,OUR
10002111,BENEFICIARIO 02111,001000002111,PEN,1551.53,CITIPEPLXXX,PAGO PROVEEDOR 02111,BEN
10002112,BENEFICIARIO 02112,001000002112,PEN,1552.26,BCPLPEPLXXX,PAGO PROVEEDOR 02112,SHA
10002113,BENEFICIARIO 02113,001000002113,PEN,1552.99,BINPPEPLXXX,PAGO PROVEEDOR 02113,OUR
10002114,BENEFICIARIO 02114,001000002114,PEN,1553.72,SCBLPEPLXXX,PAGO PROVEEDOR 02114,BEN
10002115,BENEFICIARIO 02115,001000002115,USD,1554.45,CITIPEPLXXX,PAGO PROVEEDOR 02115,SHA
10002116,BENEFICIARIO 02116,001000002116,PEN,1555.18,BCPLPEPLXXX,PAGO PROVEEDOR 02116,OUR
10002117,BENEFICIARIO 02117,001000002117,PEN,1555.91,BINPPEPLXXX,PAGO PROVEEDOR 02117,BEN
10002118,BENEFICIARIO 02118,001000002118,PEN,1556.64,SCBLPEPLXXX,PAGO PROVEEDOR 02118,SHA
10002119,BENEFICIARIO 02119,001000002119,PEN,1557.37,CITIPEPLXXX,PAGO PROVEEDOR 02119,OUR
10002120,BENEFICIARIO 02120,001000002120,USD,1558.10,BCPLPEPLXXX,PAGO PROVEEDOR 02120,BEN
10002121,BENEFICIARIO 02121,001000002121,PEN,1558.83,BINPPEPLXXX,PAGO PROVEEDOR 02121,SHA
10002122,BENEFICIARIO 02122,001000002122,PEN,1559.56,SCBLPEPLXXX,PAGO PROVEEDOR 02122,OUR
10002123,BENEFICIARIO 02123,001000002123,PEN,1560.29,CITIPEPLXXX,PAGO PROVEEDOR 02123,BEN
10002124,BENEFICIARIO 02124,001000002124,PEN,1561.02,BCPLPEPLXXX,PAGO PROVEEDOR 02124,SHA
10002125,BENEFICIARIO 02125,001000002125,USD,1561.75,BINPPEPLXXX,PAGO PROVEEDOR 02125,OUR
10002126,BENEFICIARIO 02126,001000002126,PEN,1562.48,SCBLPEPLXXX,PAGO PROVEEDOR 02126,BEN
10002127,BENEFICIARIO 02127,001000002127,PEN,1563.21,CITIPEPLXXX,PAGO PROVEEDOR 02127,SHA
10002128,BENEFICIARIO 02128,001000002128,PEN,1563.94,BCPLPEPLXXX,PAGO PROVEEDOR 02128,OUR
10002129,BENEFICIARIO 02129,001000002129,PEN,1564.67,BINPPEPLXXX,PAGO PROVEEDOR 02129,BEN
10002130,BENEFICIARIO 02130,001000002130,USD,1565.40,SCBLPEPLXXX,PAGO PROVEEDOR 02130,SHA
10002131,BENEFICIARIO 02131,001000002131,PEN,1566.13,CITIPEPLXXX,PAGO PROVEEDOR 02131,OUR
10002132,BENEFICIARIO 02132,001000002132,PEN,1566.86,BCPLPEPLXXX,PAGO PROVEEDOR 02132,BEN
10002133,BENEFICIARIO 02133,001000002133,PEN,1567.59,BINPPEPLXXX,PAGO PROVEEDOR 02133,SHA
10002134,BENEFICIARIO 02134,001000002134,PEN,1568.32,SCBLPEPLXXX,PAGO PROVEEDOR 02134,OUR
10002135,BENEFICIARIO 02135,001000002135,USD,1569.05,CITIPEPLXXX,PAGO PROVEEDOR 02135,BEN
10002136,BENEFICIARIO 02136,001000002136,PEN,1569.78,BCPLPEPLXXX,PAGO PROVEEDOR 02136,SHA
10002137,BENEFICIARIO 02137,001000002137,PEN,1570.51,BINPPEPLXXX,PAGO PROVEEDOR 02137,OUR
10002138,BENEFICIARIO 02138,001000002138,PEN,1571.24,SCBLPEPLXXX,PAGO PROVEEDOR 02138,BEN
10002139,BENEFICIARIO 02139,001000002139,PEN,1571.97,CITIPEPLXXX,PAGO PROVEEDOR 02139,SHA
10002140,BENEFICIARIO 02140,001000002140,USD,1572.70,BCPLPEPLXXX,PAGO PROVEEDOR 02140,OUR
10002141,BENEFICIARIO 02141,001000002141,PEN,1573.43,BINPPEPLXXX,PAGO PROVEEDOR 02141,BEN
10002142,BENEFICIARIO 02142,001000002142,PEN,1574.16,SCBLPEPLXXX,PAGO PROVEEDOR 02142,SHA
10002143,BENEFICIARIO 02143,001000002143,PEN,1574.89,CITIPEPLXXX,PAGO PROVEEDOR 02143,OUR
10002144,BENEFICIARIO 02144,001000002144,PEN,1575.62,BCPLPEPLXXX,PAGO PROVEEDOR 02144,BEN
10002145,BENEFICIARIO 02145,001000002145,USD,1576.35,BINPPEPLXXX,PAGO PROVEEDOR 02145,SHA
10002146,BENEFICIARIO 02146,001000002146,PEN,1577.08,SCBLPEPLXXX,PAGO PROVEEDOR 02146,OUR
10002147,BENEFICIARIO 02147,001000002147,PEN,1577.81,CITIPEPLXXX,PAGO PROVEEDOR 02147,BEN
10002148,BENEFICIARIO 02148,001000002148,PEN,1578.54,BCPLPEPLXXX,PAGO PROVEEDOR 02148,SHA
10002149,BENEFICIARIO 02149,001000002149,PEN,1579.27,BINPPEPLXXX,PAGO PROVEEDOR 02149,OUR
10002150,BENEFICIARIO 02150,001000002150,USD,1580.00,SCBLPEPLXXX,PAGO PROVEEDOR 02150,BEN
10002151,BENEFICIARIO 02151,001000002151,PEN,1580.73,CITIPEPLXXX,PAGO PROVEEDOR 02151,SHA
10002152,BENEFICIARIO 02152,001000002152,PEN,1581.46,BCPLPEPLXXX,PAGO PROVEEDOR 02152,OUR
10002153,BENEFICIARIO 02153,001000002153,PEN,1582.19,BINPPEPLXXX,PAGO PROVEEDOR 02153,BEN
10002154,BENEFICIARIO 02154,001000002154,PEN,1582.92,SCBLPEPLXXX,PAGO PROVEEDOR 02154,SHA
10002155,BENEFICIARIO 02155,001000002155,USD,1583.65,CITIPEPLXXX,PAGO PROVEEDOR 02155,OUR
10002156,BENEFICIARIO 02156,001000002156,PEN,1584.38,BCPLPEPLXXX,PAGO PROVEEDOR 02156,BEN
10002157,BENEFICIARIO 02157,001000002157,PEN,1585.11,BINPPEPLXXX,PAGO PROVEEDOR 02157,SHA
10002158,BENEFICIARIO 02158,001000002158,PEN,1585.84,SCBLPEPLXXX,PAGO PROVEEDOR 02158,OUR
10002159,BENEFICIARIO 02159,001000002159,PEN,1586.57,CITIPEPLXXX,PAGO PROVEEDOR 02159,BEN
10002160,BENEFICIARIO 02160,001000002160,USD,1587.30,BCPLPEPLXXX,PAGO PROVEEDOR 02160,SHA
10002161,BENEFICIARIO 02161,001000002161,PEN,1588.03,BINPPEPLXXX,PAGO PROVEEDOR 02161,OUR
10002162,BENEFICIARIO 02162,001000002162,PEN,1588.76,SCBLPEPLXXX,PAGO PROVEEDOR 02162,BEN
10002163,BENEFICIARIO 02163,001000002163,PEN,1589.49,CITIPEPLXXX,PAGO PROVEEDOR 02163,SHA
10002164,BENEFICIARIO 02164,001000002164,PEN,1590.22,BCPLPEPLXXX,PAGO PROVEEDOR 02164,OUR
10002165,BENEFICIARIO 02165,001000002165,USD,1590.95,BINPPEPLXXX,PAGO PROVEEDOR 02165,BEN
10002166,BENEFICIARIO 02166,001000002166,PEN,1591.68,SCBLPEPLXXX,PAGO PROVEEDOR 02166,SHA
10002167,BENEFICIARIO 02167,001000002167,PEN,1592.41,CITIPEPLXXX,PAGO PROVEEDOR 02167,OUR
10002168,BENEFICIARIO 02168,001000002168,PEN,1593.14,BCPLPEPLXXX,PAGO PROVEEDOR 02168,BEN
10002169,BENEFICIARIO 02169,001000002169,PEN,1593.87,BINPPEPLXXX,PAGO PROVEEDOR 02169,SHA
10002170,BENEFICIARIO 02170,001000002170,USD,1594.60,SCBLPEPLXXX,PAGO PROVEEDOR 02170,OUR
10002171,BENEFICIARIO 02171,001000002171,PEN,1595.33,CITIPEPLXXX,PAGO PROVEEDOR 02171,BEN
10002172,BENEFICIARIO 02172,001000002172,PEN,1596.06,BCPLPEPLXXX,PAGO PROVEEDOR 02172,SHA
10002173,BENEFICIARIO 02173,001000002173,PEN,1596.79,BINPPEPLXXX,PAGO PROVEEDOR 02173,OUR
10002174,BENEFICIARIO 02174,001000002174,PEN,1597.52,SCBLPEPLXXX,PAGO PROVEEDOR 02174,BEN
10002175,BENEFICIARIO 02175,001000002175,USD,1598.25,CITIPEPLXXX,PAGO PROVEEDOR 02175,SHA
10002176,BENEFICIARIO 02176,001000002176,PEN,1598.98,BCPLPEPLXXX,PAGO PROVEEDOR 02176,OUR
10002177,BENEFICIARIO 02177,001000002177,PEN,1599.71,BINPPEPLXXX,PAGO PROVEEDOR 02177,BEN
10002178,BENEFICIARIO 02178,001000002178,PEN,1600.44,SCBLPEPLXXX,PAGO PROVEEDOR 02178,SHA
10002179,BENEFICIARIO 02179,001000002179,PEN,1601.17,CITIPEPLXXX,PAGO PROVEEDOR 02179,OUR
10002180,BENEFICIARIO 02180,001000002180,USD,1601.90,BCPLPEPLXXX,PAGO PROVEEDOR 02180,BEN
10002181,BENEFICIARIO 02181,001000002181,PEN,1602.63,BINPPEPLXXX,PAGO PROVEEDOR 02181,SHA
10002182,BENEFICIARIO 02182,001000002182,PEN,1603.36,SCBLPEPLXXX,PAGO PROVEEDOR 02182,OUR
10002183,BENEFICIARIO 02183,001000002183,PEN,1604.09,CITIPEPLXXX,PAGO PROVEEDOR 02183,BEN
10002184,BENEFICIARIO 02184,001000002184,PEN,1604.82,BCPLPEPLXXX,PAGO PROVEEDOR 02184,SHA
10002185,BENEFICIARIO 02185,001000002185,USD,1605.55,BINPPEPLXXX,PAGO PROVEEDOR 02185,OUR
10002186,BENEFICIARIO 02186,001000002186,PEN,1606.28,SCBLPEPLXXX,PAGO PROVEEDOR 02186,BEN
10002187,BENEFICIARIO 02187,001000002187,PEN,1607.01,CITIPEPLXXX,PAGO PROVEEDOR 02187,SHA
10002188,BENEFICIARIO 02188,001000002188,PEN,1607.74,BCPLPEPLXXX,PAGO PROVEEDOR 02188,OUR
10002189,BENEFICIARIO 02189,001000002189,PEN,1608.47,BINPPEPLXXX,PAGO PROVEEDOR 02189,BEN
10002190,BENEFICIARIO 02190,001000002190,USD,1609.20,SCBLPEPLXXX,PAGO PROVEEDOR 02190,SHA
10002191,BENEFICIARIO 02191,001000002191,PEN,1609.93,CITIPEPLXXX,PAGO PROVEEDOR 02191,OUR
10002192,BENEFICIARIO 02192,001000002192,PEN,1610.66,BCPLPEPLXXX,PAGO PROVEEDOR 02192,BEN
10002193,BENEFICIARIO 02193,001000002193,PEN,1611.39,BINPPEPLXXX,PAGO PROVEEDOR 02193,SHA
10002194,BENEFICIARIO 02194,001000002194,PEN,1612.12,SCBLPEPLXXX,PAGO PROVEEDOR 02194,OUR
10002195,BENEFICIARIO 02195,001000002195,USD,1612.85,CITIPEPLXXX,PAGO PROVEEDOR 02195,BEN
10002196,BENEFICIARIO 02196,001000002196,PEN,1613.58,BCPLPEPLXXX,PAGO PROVEEDOR 02196,SHA
10002197,BENEFICIARIO 02197,001000002197,PEN,1614.31,BINPPEPLXXX,PAGO PROVEEDOR 02197,OUR
10002198,BENEFICIARIO 02198,001000002198,PEN,1615.04,SCBLPEPLXXX,PAGO PROVEEDOR 02198,BEN
10002199,BENEFICIARIO 02199,001000002199,PEN,1615.77,CITIPEPLXXX,PAGO PROVEEDOR 02199,SHA
10002200,BENEFICIARIO 02200,001000002200,USD,1616.50,BCPLPEPLXXX,PAGO PROVEEDOR 02200,OUR
10002201,BENEFICIARIO 02201,001000002201,PEN,1617.23,BINPPEPLXXX,PAGO PROVEEDOR 02201,BEN
10002202,BENEFICIARIO 02202,001000002202,PEN,1617.96,SCBLPEPLXXX,PAGO PROVEEDOR 02202,SHA
10002203,BENEFICIARIO 02203,001000002203,PEN,1618.69,CITIPEPLXXX,PAGO PROVEEDOR 02203,OUR
10002204,BENEFICIARIO 02204,001000002204,PEN,1619.42,BCPLPEPLXXX,PAGO PROVEEDOR 02204,BEN
10002205,BENEFICIARIO 02205,001000002205,USD,1620.15,BINPPEPLXXX,PAGO PROVEEDOR 02205,SHA
10002206,BENEFICIARIO 02206,001000002206,PEN,1620.88,SCBLPEPLXXX,PAGO PROVEEDOR 02206,OUR
10002207,BENEFICIARIO 02207,001000002207,PEN,1621.61,CITIPEPLXXX,PAGO PROVEEDOR 02207,BEN
10002208,BENEFICIARIO 02208,001000002208,PEN,1622.34,BCPLPEPLXXX,PAGO PROVEEDOR 02208,SHA
10002209,BENEFICIARIO 02209,001000002209,PEN,1623.07,BINPPEPLXXX,PAGO PROVEEDOR 02209,OUR
10002210,BENEFICIARIO 02210,001000002210,USD,1623.80,SCBLPEPLXXX,PAGO PROVEEDOR 02210,BEN
10002211,BENEFICIARIO 02211,001000002211,PEN,1624.53,CITIPEPLXXX,PAGO PROVEEDOR 02211,SHA
10002212,BENEFICIARIO 02212,001000002212,PEN,1625.26,BCPLPEPLXXX,PAGO PROVEEDOR 02212,OUR
10002213,BENEFICIARIO 02213,001000002213,PEN,1625.99,BINPPEPLXXX,PAGO PROVEEDOR 02213,BEN
10002214,BENEFICIARIO 02214,001000002214,PEN,1626.72,SCBLPEPLXXX,PAGO PROVEEDOR 02214,SHA
10002215,BENEFICIARIO 02215,001000002215,USD,1627.45,CITIPEPLXXX,PAGO PROVEEDOR 02215,OUR
10002216,BENEFICIARIO 02216,001000002216,PEN,1628.18,BCPLPEPLXXX,PAGO PROVEEDOR 02216,BEN
10002217,BENEFICIARIO 02217,001000002217,PEN,1628.91,BINPPEPLXXX,PAGO PROVEEDOR 02217,SHA
10002218,BENEFICIARIO 02218,001000002218,PEN,1629.64,SCBLPEPLXXX,PAGO PROVEEDOR 02218,OUR
10002219,BENEFICIARIO 02219,001000002219,PEN,1630.37,CITIPEPLXXX,PAGO PROVEEDOR 02219,BEN
10002220,BENEFICIARIO 02220,001000002220,USD,1631.10,BCPLPEPLXXX,PAGO PROVEEDOR 02220,SHA
10002221,BENEFICIARIO 02221,001000002221,PEN,1631.83,BINPPEPLXXX,PAGO PROVEEDOR 02221,OUR
10002222,BENEFICIARIO 02222,001000002222,PEN,1632.56,SCBLPEPLXXX,PAGO PROVEEDOR 02222,BEN
10002223,BENEFICIARIO 02223,001000002223,PEN,1633.29,CITIPEPLXXX,PAGO PROVEEDOR 02223,SHA
10002224,BENEFICIARIO 02224,001000002224,PEN,1634.02,BCPLPEPLXXX,PAGO PROVEEDOR 02224,OUR
10002225,BENEFICIARIO 02225,001000002225,USD,1634.75,BINPPEPLXXX,PAGO PROVEEDOR 02225,BEN
10002226,BENEFICIARIO 02226,001000002226,PEN,1635.48,SCBLPEPLXXX,PAGO PROVEEDOR 02226,SHA
10002227,BENEFICIARIO 02227,001000002227,PEN,1636.21,CITIPEPLXXX,PAGO PROVEEDOR 02227,OUR
10002228,BENEFICIARIO 02228,001000002228,PEN,1636.94,BCPLPEPLXXX,PAGO PROVEEDOR 02228,BEN
10002229,BENEFICIARIO 02229,001000002229,PEN,1637.67,BINPPEPLXXX,PAGO PROVEEDOR 02229,SHA
10002230,BENEFICIARIO 02230,001000002230,USD,1638.40,SCBLPEPLXXX,PAGO PROVEEDOR 02230,OUR
10002231,BENEFICIARIO 02231,001000002231,PEN,1639.13,CITIPEPLXXX,PAGO PROVEEDOR 02231,BEN
10002232,BENEFICIARIO 02232,001000002232,PEN,1639.86,BCPLPEPLXXX,PAGO PROVEEDOR 02232,SHA
10002233,BENEFICIARIO 02233,001000002233,PEN,1640.59,BINPPEPLXXX,PAGO PROVEEDOR 02233,OUR
10002234,BENEFICIARIO 02234,001000002234,PEN,1641.32,SCBLPEPLXXX,PAGO PROVEEDOR 02234,BEN
10002235,BENEFICIARIO 02235,001000002235,USD,1642.05,CITIPEPLXXX,PAGO PROVEEDOR 02235,SHA
10002236,BENEFICIARIO 02236,001000002236,PEN,1642.78,BCPLPEPLXXX,PAGO PROVEEDOR 02236,OUR
10002237,BENEFICIARIO 02237,001000002237,PEN,1643.51,BINPPEPLXXX,PAGO PROVEEDOR 02237,BEN
10002238,BENEFICIARIO 02238,001000002238,PEN,1644.24,SCBLPEPLXXX,PAGO PROVEEDOR 02238,SHA
10002239,BENEFICIARIO 02239,001000002239,PEN,1644.97,CITIPEPLXXX,PAGO PROVEEDOR 02239,OUR
10002240,BENEFICIARIO 02240,001000002240,USD,1645.70,BCPLPEPLXXX,PAGO PROVEEDOR 02240,BEN
10002241,BENEFICIARIO 02241,001000002241,PEN,1646.43,BINPPEPLXXX,PAGO PROVEEDOR 02241,SHA
10002242,BENEFICIARIO 02242,001000002242,PEN,1647.16,SCBLPEPLXXX,PAGO PROVEEDOR 02242,OUR
10002243,BENEFICIARIO 02243,001000002243,PEN,1647.89,CITIPEPLXXX,PAGO PROVEEDOR 02243,BEN
10002244,BENEFICIARIO 02244,001000002244,PEN,1648.62,BCPLPEPLXXX,PAGO PROVEEDOR 02244,SHA
10002245,BENEFICIARIO 02245,001000002245,USD,1649.35,BINPPEPLXXX,PAGO PROVEEDOR 02245,OUR
10002246,BENEFICIARIO 02246,001000002246,PEN,1650.08,SCBLPEPLXXX,PAGO PROVEEDOR 02246,BEN
10002247,BENEFICIARIO 02247,001000002247,PEN,1650.81,CITIPEPLXXX,PAGO PROVEEDOR 02247,SHA
10002248,BENEFICIARIO 02248,001000002248,PEN,1651.54,BCPLPEPLXXX,PAGO PROVEEDOR 02248,OUR
10002249,BENEFICIARIO 02249,001000002249,PEN,1652.27,BINPPEPLXXX,PAGO PROVEEDOR 02249,BEN
10002250,BENEFICIARIO 02250,001000002250,USD,1653.00,SCBLPEPLXXX,PAGO PROVEEDOR 02250,SHA
10002251,BENEFICIARIO 02251,001000002251,PEN,1653.73,CITIPEPLXXX,PAGO PROVEEDOR 02251,OUR
10002252,BENEFICIARIO 02252,001000002252,PEN,1654.46,BCPLPEPLXXX,PAGO PROVEEDOR 02252,BEN
10002253,BENEFICIARIO 02253,001000002253,PEN,1655.19,BINPPEPLXXX,PAGO PROVEEDOR 02253,SHA
10002254,BENEFICIARIO 02254,001000002254,PEN,1655.92,SCBLPEPLXXX,PAGO PROVEEDOR 02254,OUR
10002255,BENEFICIARIO 02255,001000002255,USD,1656.65,CITIPEPLXXX,PAGO PROVEEDOR 02255,BEN
10002256,BENEFICIARIO 02256,001000002256,PEN,1657.38,BCPLPEPLXXX,PAGO PROVEEDOR 02256,SHA
10002257,BENEFICIARIO 02257,001000002257,PEN,1658.11,BINPPEPLXXX,PAGO PROVEEDOR 02257,OUR
10002258,BENEFICIARIO 02258,001000002258,PEN,1658.84,SCBLPEPLXXX,PAGO PROVEEDOR 02258,BEN
10002259,BENEFICIARIO 02259,001000002259,PEN,1659.57,CITIPEPLXXX,PAGO PROVEEDOR 02259,SHA
10002260,BENEFICIARIO 02260,001000002260,USD,1660.30,BCPLPEPLXXX,PAGO PROVEEDOR 02260,OUR
10002261,BENEFICIARIO 02261,001000002261,PEN,1661.03,BINPPEPLXXX,PAGO PROVEEDOR 02261,BEN
10002262,BENEFICIARIO 02262,001000002262,PEN,1661.76,SCBLPEPLXXX,PAGO PROVEEDOR 02262,SHA
10002263,BENEFICIARIO 02263,001000002263,PEN,1662.49,CITIPEPLXXX,PAGO PROVEEDOR 02263,OUR
10002264,BENEFICIARIO 02264,001000002264,PEN,1663.22,BCPLPEPLXXX,PAGO PROVEEDOR 02264,BEN
10002265,BENEFICIARIO 02265,001000002265,USD,1663.95,BINPPEPLXXX,PAGO PROVEEDOR 02265,SHA
10002266,BENEFICIARIO 02266,001000002266,PEN,1664.68,SCBLPEPLXXX,PAGO PROVEEDOR 02266,OUR
10002267,BENEFICIARIO 02267,001000002267,PEN,1665.41,CITIPEPLXXX,PAGO PROVEEDOR 02267,BEN
10002268,BENEFICIARIO 02268,001000002268,PEN,1666.14,BCPLPEPLXXX,PAGO PROVEEDOR 02268,SHA
10002269,BENEFICIARIO 02269,001000002269,PEN,1666.87,BINPPEPLXXX,PAGO PROVEEDOR 02269,OUR
10002270,BENEFICIARIO 02270,001000002270,USD,1667.60,SCBLPEPLXXX,PAGO PROVEEDOR 02270,BEN
10002271,BENEFICIARIO 02271,001000002271,PEN,1668.33,CITIPEPLXXX,PAGO PROVEEDOR 02271,SHA
10002272,BENEFICIARIO 02272,001000002272,PEN,1669.06,BCPLPEPLXXX,PAGO PROVEEDOR 02272,OUR
10002273,BENEFICIARIO 02273,001000002273,PEN,1669.79,BINPPEPLXXX,PAGO PROVEEDOR 02273,BEN
10002274,BENEFICIARIO 02274,001000002274,PEN,1670.52,SCBLPEPLXXX,PAGO PROVEEDOR 02274,SHA
10002275,BENEFICIARIO 02275,001000002275,USD,1671.25,CITIPEPLXXX,PAGO PROVEEDOR 02275,OUR
10002276,BENEFICIARIO 02276,001000002276,PEN,1671.98,BCPLPEPLXXX,PAGO PROVEEDOR 02276,BEN
10002277,BENEFICIARIO 02277,001000002277,PEN,1672.71,BINPPEPLXXX,PAGO PROVEEDOR 02277,SHA
10002278,BENEFICIARIO 02278,001000002278,PEN,1673.44,SCBLPEPLXXX,PAGO PROVEEDOR 02278,OUR
10002279,BENEFICIARIO 02279,001000002279,PEN,1674.17,CITIPEPLXXX,PAGO PROVEEDOR 02279,BEN
10002280,BENEFICIARIO 02280,001000002280,USD,1674.90,BCPLPEPLXXX,PAGO PROVEEDOR 02280,SHA
10002281,BENEFICIARIO 02281,001000002281,PEN,1675.63,BINPPEPLXXX,PAGO PROVEEDOR 02281,OUR
10002282,BENEFICIARIO 02282,001000002282,PEN,1676.36,SCBLPEPLXXX,PAGO PROVEEDOR 02282,BEN
10002283,BENEFICIARIO 02283,001000002283,PEN,1677.09,CITIPEPLXXX,PAGO PROVEEDOR 02283,SHA
10002284,BENEFICIARIO 02284,001000002284,PEN,1677.82,BCPLPEPLXXX,PAGO PROVEEDOR 02284,OUR
10002285,BENEFICIARIO 02285,001000002285,USD,1678.55,BINPPEPLXXX,PAGO PROVEEDOR 02285,BEN
10002286,BENEFICIARIO 02286,001000002286,PEN,1679.28,SCBLPEPLXXX,PAGO PROVEEDOR 02286,SHA
10002287,BENEFICIARIO 02287,001000002287,PEN,1680.01,CITIPEPLXXX,PAGO PROVEEDOR 02287,OUR
10002288,BENEFICIARIO 02288,001000002288,PEN,1680.74,BCPLPEPLXXX,PAGO PROVEEDOR 02288,BEN
10002289,BENEFICIARIO 02289,001000002289,PEN,1681.47,BINPPEPLXXX,PAGO PROVEEDOR 02289,SHA
10002290,BENEFICIARIO 02290,001000002290,USD,1682.20,SCBLPEPLXXX,PAGO PROVEEDOR 02290,OUR
10002291,BENEFICIARIO 02291,001000002291,PEN,1682.93,CITIPEPLXXX,PAGO PROVEEDOR 02291,BEN
10002292,BENEFICIARIO 02292,001000002292,PEN,1683.66,BCPLPEPLXXX,PAGO PROVEEDOR 02292,SHA
10002293,BENEFICIARIO 02293,001000002293,PEN,1684.39,BINPPEPLXXX,PAGO PROVEEDOR 02293,OUR
10002294,BENEFICIARIO 02294,001000002294,PEN,1685.12,SCBLPEPLXXX,PAGO PROVEEDOR 02294,BEN
10002295,BENEFICIARIO 02295,001000002295,USD,1685.85,CITIPEPLXXX,PAGO PROVEEDOR 02295,SHA
10002296,BENEFICIARIO 02296,001000002296,PEN,1686.58,BCPLPEPLXXX,PAGO PROVEEDOR 02296,OUR
10002297,BENEFICIARIO 02297,001000002297,PEN,1687.31,BINPPEPLXXX,PAGO PROVEEDOR 02297,BEN
10002298,BENEFICIARIO 02298,001000002298,PEN,1688.04,SCBLPEPLXXX,PAGO PROVEEDOR 02298,SHA
10002299,BENEFICIARIO 02299,001000002299,PEN,1688.77,CITIPEPLXXX,PAGO PROVEEDOR 02299,OUR
10002300,BENEFICIARIO 02300,001000002300,USD,1689.50,BCPLPEPLXXX,PAGO PROVEEDOR 02300,BEN
10002301,BENEFICIARIO 02301,001000002301,PEN,1690.23,BINPPEPLXXX,PAGO PROVEEDOR 02301,SHA
10002302,BENEFICIARIO 02302,001000002302,PEN,1690.96,SCBLPEPLXXX,PAGO PROVEEDOR 02302,OUR
10002303,BENEFICIARIO 02303,001000002303,PEN,1691.69,CITIPEPLXXX,PAGO PROVEEDOR 02303,BEN
10002304,BENEFICIARIO 02304,001000002304,PEN,1692.42,BCPLPEPLXXX,PAGO PROVEEDOR 02304,SHA
10002305,BENEFICIARIO 02305,001000002305,USD,1693.15,BINPPEPLXXX,PAGO PROVEEDOR 02305,OUR
10002306,BENEFICIARIO 02306,001000002306,PEN,1693.88,SCBLPEPLXXX,PAGO PROVEEDOR 02306,BEN
10002307,BENEFICIARIO 02307,001000002307,PEN,1694.61,CITIPEPLXXX,PAGO PROVEEDOR 02307,SHA
10002308,BENEFICIARIO 02308,001000002308,PEN,1695.34,BCPLPEPLXXX,PAGO PROVEEDOR 02308,OUR
10002309,BENEFICIARIO 02309,001000002309,PEN,1696.07,BINPPEPLXXX,PAGO PROVEEDOR 02309,BEN
10002310,BENEFICIARIO 02310,001000002310,USD,1696.80,SCBLPEPLXXX,PAGO PROVEEDOR 02310,SHA
10002311,BENEFICIARIO 02311,001000002311,PEN,1697.53,CITIPEPLXXX,PAGO PROVEEDOR 02311,OUR
10002312,BENEFICIARIO 02312,001000002312,PEN,1698.26,BCPLPEPLXXX,PAGO PROVEEDOR 02312,BEN
10002313,BENEFICIARIO 02313,001000002313,PEN,1698.99,BINPPEPLXXX,PAGO PROVEEDOR 02313,SHA
10002314,BENEFICIARIO 02314,001000002314,PEN,1699.72,SCBLPEPLXXX,PAGO PROVEEDOR 02314,OUR
10002315,BENEFICIARIO 02315,001000002315,USD,1700.45,CITIPEPLXXX,PAGO PROVEEDOR 02315,BEN
10002316,BENEFICIARIO 02316,001000002316,PEN,1701.18,BCPLPEPLXXX,PAGO PROVEEDOR 02316,SHA
10002317,BENEFICIARIO 02317,001000002317,PEN,1701.91,BINPPEPLXXX,PAGO PROVEEDOR 02317,OUR
10002318,BENEFICIARIO 02318,001000002318,PEN,1702.64,SCBLPEPLXXX,PAGO PROVEEDOR 02318,BEN
10002319,BENEFICIARIO 02319,001000002319,PEN,1703.37,CITIPEPLXXX,PAGO PROVEEDOR 02319,SHA
10002320,BENEFICIARIO 02320,001000002320,USD,1704.10,BCPLPEPLXXX,PAGO PROVEEDOR 02320,OUR
10002321,BENEFICIARIO 02321,001000002321,PEN,1704.83,BINPPEPLXXX,PAGO PROVEEDOR 02321,BEN
10002322,BENEFICIARIO 02322,001000002322,PEN,1705.56,SCBLPEPLXXX,PAGO PROVEEDOR 02322,SHA
10002323,BENEFICIARIO 02323,001000002323,PEN,1706.29,CITIPEPLXXX,PAGO PROVEEDOR 02323,OUR
10002324,BENEFICIARIO 02324,001000002324,PEN,1707.02,BCPLPEPLXXX,PAGO PROVEEDOR 02324,BEN
10002325,BENEFICIARIO 02325,001000002325,USD,1707.75,BINPPEPLXXX,PAGO PROVEEDOR 02325,SHA
10002326,BENEFICIARIO 02326,001000002326,PEN,1708.48,SCBLPEPLXXX,PAGO PROVEEDOR 02326,OUR
10002327,BENEFICIARIO 02327,001000002327,PEN,1709.21,CITIPEPLXXX,PAGO PROVEEDOR 02327,BEN
10002328,BENEFICIARIO 02328,001000002328,PEN,1709.94,BCPLPEPLXXX,PAGO PROVEEDOR 02328,SHA
10002329,BENEFICIARIO 02329,001000002329,PEN,1710.67,BINPPEPLXXX,PAGO PROVEEDOR 02329,OUR
10002330,BENEFICIARIO 02330,001000002330,USD,1711.40,SCBLPEPLXXX,PAGO PROVEEDOR 02330,BEN
10002331,BENEFICIARIO 02331,001000002331,PEN,1712.13,CITIPEPLXXX,PAGO PROVEEDOR 02331,SHA
10002332,BENEFICIARIO 02332,001000002332,PEN,1712.86,BCPLPEPLXXX,PAGO PROVEEDOR 02332,OUR
10002333,BENEFICIARIO 02333,001000002333,PEN,1713.59,BINPPEPLXXX,PAGO PROVEEDOR 02333,BEN
10002334,BENEFICIARIO 02334,001000002334,PEN,1714.32,SCBLPEPLXXX,PAGO PROVEEDOR 02334,SHA
10002335,BENEFICIARIO 02335,001000002335,USD,1715.05,CITIPEPLXXX,PAGO PROVEEDOR 02335,OUR
10002336,BENEFICIARIO 02336,001000002336,PEN,1715.78,BCPLPEPLXXX,PAGO PROVEEDOR 02336,BEN
10002337,BENEFICIARIO 02337,001000002337,PEN,1716.51,BINPPEPLXXX,PAGO PROVEEDOR 02337,SHA
10002338,BENEFICIARIO 02338,001000002338,PEN,1717.24,SCBLPEPLXXX,PAGO PROVEEDOR 02338,OUR
10002339,BENEFICIARIO 02339,001000002339,PEN,1717.97,CITIPEPLXXX,PAGO PROVEEDOR 02339,BEN
10002340,BENEFICIARIO 02340,001000002340,USD,1718.70,BCPLPEPLXXX,PAGO PROVEEDOR 02340,SHA
10002341,BENEFICIARIO 02341,001000002341,PEN,1719.43,BINPPEPLXXX,PAGO PROVEEDOR 02341,OUR
10002342,BENEFICIARIO 02342,001000002342,PEN,1720.16,SCBLPEPLXXX,PAGO PROVEEDOR 02342,BEN
10002343,BENEFICIARIO 02343,001000002343,PEN,1720.89,CITIPEPLXXX,PAGO PROVEEDOR 02343,SHA
10002344,BENEFICIARIO 02344,001000002344,PEN,1721.62,BCPLPEPLXXX,PAGO PROVEEDOR 02344,OUR
10002345,BENEFICIARIO 02345,001000002345,USD,1722.35,BINPPEPLXXX,PAGO PROVEEDOR 02345,BEN
10002346,BENEFICIARIO 02346,001000002346,PEN,1723.08,SCBLPEPLXXX,PAGO PROVEEDOR 02346,SHA
10002347,BENEFICIARIO 02347,001000002347,PEN,1723.81,CITIPEPLXXX,PAGO PROVEEDOR 02347,OUR
10002348,BENEFICIARIO 02348,001000002348,PEN,1724.54,BCPLPEPLXXX,PAGO PROVEEDOR 02348,BEN
10002349,BENEFICIARIO 02349,001000002349,PEN,1725.27,BINPPEPLXXX,PAGO PROVEEDOR 02349,SHA
10002350,BENEFICIARIO 02350,001000002350,USD,1726.00,SCBLPEPLXXX,PAGO PROVEEDOR 02350,OUR
10002351,BENEFICIARIO 02351,001000002351,PEN,1726.73,CITIPEPLXXX,PAGO PROVEEDOR 02351,BEN
10002352,BENEFICIARIO 02352,001000002352,PEN,1727.46,BCPLPEPLXXX,PAGO PROVEEDOR 02352,SHA
10002353,BENEFICIARIO 02353,001000002353,PEN,1728.19,BINPPEPLXXX,PAGO PROVEEDOR 02353,OUR
10002354,BENEFICIARIO 02354,001000002354,PEN,1728.92,SCBLPEPLXXX,PAGO PROVEEDOR 02354,BEN
10002355,BENEFICIARIO 02355,001000002355,USD,1729.65,CITIPEPLXXX,PAGO PROVEEDOR 02355,SHA
10002356,BENEFICIARIO 02356,001000002356,PEN,1730.38,BCPLPEPLXXX,PAGO PROVEEDOR 02356,OUR
10002357,BENEFICIARIO 02357,001000002357,PEN,1731.11,BINPPEPLXXX,PAGO PROVEEDOR 02357,BEN
10002358,BENEFICIARIO 02358,001000002358,PEN,1731.84,SCBLPEPLXXX,PAGO PROVEEDOR 02358,SHA
10002359,BENEFICIARIO 02359,001000002359,PEN,1732.57,CITIPEPLXXX,PAGO PROVEEDOR 02359,OUR
10002360,BENEFICIARIO 02360,001000002360,USD,1733.30,BCPLPEPLXXX,PAGO PROVEEDOR 02360,BEN
10002361,BENEFICIARIO 02361,001000002361,PEN,1734.03,BINPPEPLXXX,PAGO PROVEEDOR 02361,SHA
10002362,BENEFICIARIO 02362,001000002362,PEN,1734.76,SCBLPEPLXXX,PAGO PROVEEDOR 02362,OUR
10002363,BENEFICIARIO 02363,001000002363,PEN,1735.49,CITIPEPLXXX,PAGO PROVEEDOR 02363,BEN
10002364,BENEFICIARIO 02364,001000002364,PEN,1736.22,BCPLPEPLXXX,PAGO PROVEEDOR 02364,SHA
10002365,BENEFICIARIO 02365,001000002365,USD,1736.95,BINPPEPLXXX,PAGO PROVEEDOR 02365,OUR
10002366,BENEFICIARIO 02366,001000002366,PEN,1737.68,SCBLPEPLXXX,PAGO PROVEEDOR 02366,BEN
10002367,BENEFICIARIO 02367,001000002367,PEN,1738.41,CITIPEPLXXX,PAGO PROVEEDOR 02367,SHA
10002368,BENEFICIARIO 02368,001000002368,PEN,1739.14,BCPLPEPLXXX,PAGO PROVEEDOR 02368,OUR
10002369,BENEFICIARIO 02369,001000002369,PEN,1739.87,BINPPEPLXXX,PAGO PROVEEDOR 02369,BEN
10002370,BENEFICIARIO 02370,001000002370,USD,1740.60,SCBLPEPLXXX,PAGO PROVEEDOR 02370,SHA
10002371,BENEFICIARIO 02371,001000002371,PEN,1741.33,CITIPEPLXXX,PAGO PROVEEDOR 02371,OUR
10002372,BENEFICIARIO 02372,001000002372,PEN,1742.06,BCPLPEPLXXX,PAGO PROVEEDOR 02372,BEN
10002373,BENEFICIARIO 02373,001000002373,PEN,1742.79,BINPPEPLXXX,PAGO PROVEEDOR 02373,SHA
10002374,BENEFICIARIO 02374,001000002374,PEN,1743.52,SCBLPEPLXXX,PAGO PROVEEDOR 02374,OUR
10002375,BENEFICIARIO 02375,001000002375,USD,1744.25,CITIPEPLXXX,PAGO PROVEEDOR 02375,BEN
10002376,BENEFICIARIO 02376,001000002376,PEN,1744.98,BCPLPEPLXXX,PAGO PROVEEDOR 02376,SHA
10002377,BENEFICIARIO 02377,001000002377,PEN,1745.71,BINPPEPLXXX,PAGO PROVEEDOR 02377,OUR
10002378,BENEFICIARIO 02378,001000002378,PEN,1746.44,SCBLPEPLXXX,PAGO PROVEEDOR 02378,BEN
10002379,BENEFICIARIO 02379,001000002379,PEN,1747.17,CITIPEPLXXX,PAGO PROVEEDOR 02379,SHA
10002380,BENEFICIARIO 02380,001000002380,USD,1747.90,BCPLPEPLXXX,PAGO PROVEEDOR 02380,OUR
10002381,BENEFICIARIO 02381,001000002381,PEN,1748.63,BINPPEPLXXX,PAGO PROVEEDOR 02381,BEN
10002382,BENEFICIARIO 02382,001000002382,PEN,1749.36,SCBLPEPLXXX,PAGO PROVEEDOR 02382,SHA
10002383,BENEFICIARIO 02383,001000002383,PEN,1750.09,CITIPEPLXXX,PAGO PROVEEDOR 02383,OUR
10002384,BENEFICIARIO 02384,001000002384,PEN,1750.82,BCPLPEPLXXX,PAGO PROVEEDOR 02384,BEN
10002385,BENEFICIARIO 02385,001000002385,USD,1751.55,BINPPEPLXXX,PAGO PROVEEDOR 02385,SHA
10002386,BENEFICIARIO 02386,001000002386,PEN,1752.28,SCBLPEPLXXX,PAGO PROVEEDOR 02386,OUR
10002387,BENEFICIARIO 02387,001000002387,PEN,1753.01,CITIPEPLXXX,PAGO PROVEEDOR 02387,BEN
10002388,BENEFICIARIO 02388,001000002388,PEN,1753.74,BCPLPEPLXXX,PAGO PROVEEDOR 02388,SHA
10002389,BENEFICIARIO 02389,001000002389,PEN,1754.47,BINPPEPLXXX,PAGO PROVEEDOR 02389,OUR
10002390,BENEFICIARIO 02390,001000002390,USD,1755.20,SCBLPEPLXXX,PAGO PROVEEDOR 02390,BEN
10002391,BENEFICIARIO 02391,001000002391,PEN,1755.93,CITIPEPLXXX,PAGO PROVEEDOR 02391,SHA
10002392,BENEFICIARIO 02392,001000002392,PEN,1756.66,BCPLPEPLXXX,PAGO PROVEEDOR 02392,OUR
10002393,BENEFICIARIO 02393,001000002393,PEN,1757.39,BINPPEPLXXX,PAGO PROVEEDOR 02393,BEN
10002394,BENEFICIARIO 02394,001000002394,PEN,1758.12,SCBLPEPLXXX,PAGO PROVEEDOR 02394,SHA
10002395,BENEFICIARIO 02395,001000002395,USD,1758.85,CITIPEPLXXX,PAGO PROVEEDOR 02395,OUR
10002396,BENEFICIARIO 02396,001000002396,PEN,1759.58,BCPLPEPLXXX,PAGO PROVEEDOR 02396,BEN
10002397,BENEFICIARIO 02397,001000002397,PEN,1760.31,BINPPEPLXXX,PAGO PROVEEDOR 02397,SHA
10002398,BENEFICIARIO 02398,001000002398,PEN,1761.04,SCBLPEPLXXX,PAGO PROVEEDOR 02398,OUR
10002399,BENEFICIARIO 02399,001000002399,PEN,1761.77,CITIPEPLXXX,PAGO PROVEEDOR 02399,BEN
10002400,BENEFICIARIO 02400,001000002400,USD,1762.50,BCPLPEPLXXX,PAGO PROVEEDOR 02400,SHA
10002401,BENEFICIARIO 02401,001000002401,PEN,1763.23,BINPPEPLXXX,PAGO PROVEEDOR 02401,OUR
10002402,BENEFICIARIO 02402,001000002402,PEN,1763.96,SCBLPEPLXXX,PAGO PROVEEDOR 02402,BEN
10002403,BENEFICIARIO 02403,001000002403,PEN,1764.69,CITIPEPLXXX,PAGO PROVEEDOR 02403,SHA
10002404,BENEFICIARIO 02404,001000002404,PEN,1765.42,BCPLPEPLXXX,PAGO PROVEEDOR 02404,OUR
10002405,BENEFICIARIO 02405,001000002405,USD,1766.15,BINPPEPLXXX,PAGO PROVEEDOR 02405,BEN
10002406,BENEFICIARIO 02406,001000002406,PEN,1766.88,SCBLPEPLXXX,PAGO PROVEEDOR 02406,SHA
10002407,BENEFICIARIO 02407,001000002407,PEN,1767.61,CITIPEPLXXX,PAGO PROVEEDOR 02407,OUR
10002408,BENEFICIARIO 02408,001000002408,PEN,1768.34,BCPLPEPLXXX,PAGO PROVEEDOR 02408,BEN
10002409,BENEFICIARIO 02409,001000002409,PEN,1769.07,BINPPEPLXXX,PAGO PROVEEDOR 02409,SHA
10002410,BENEFICIARIO 02410,001000002410,USD,1769.80,SCBLPEPLXXX,PAGO PROVEEDOR 02410,OUR
10002411,BENEFICIARIO 02411,001000002411,PEN,1770.53,CITIPEPLXXX,PAGO PROVEEDOR 02411,BEN
10002412,BENEFICIARIO 02412,001000002412,PEN,1771.26,BCPLPEPLXXX,PAGO PROVEEDOR 02412,SHA
10002413,BENEFICIARIO 02413,001000002413,PEN,1771.99,BINPPEPLXXX,PAGO PROVEEDOR 02413,OUR
10002414,BENEFICIARIO 02414,001000002414,PEN,1772.72,SCBLPEPLXXX,PAGO PROVEEDOR 02414,BEN
10002415,BENEFICIARIO 02415,001000002415,USD,1773.45,CITIPEPLXXX,PAGO PROVEEDOR 02415,SHA
10002416,BENEFICIARIO 02416,001000002416,PEN,1774.18,BCPLPEPLXXX,PAGO PROVEEDOR 02416,OUR
10002417,BENEFICIARIO 02417,001000002417,PEN,1774.91,BINPPEPLXXX,PAGO PROVEEDOR 02417,BEN
10002418,BENEFICIARIO 02418,001000002418,PEN,1775.64,SCBLPEPLXXX,PAGO PROVEEDOR 02418,SHA
10002419,BENEFICIARIO 02419,001000002419,PEN,1776.37,CITIPEPLXXX,PAGO PROVEEDOR 02419,OUR
10002420,BENEFICIARIO 02420,001000002420,USD,1777.10,BCPLPEPLXXX,PAGO PROVEEDOR 02420,BEN
10002421,BENEFICIARIO 02421,001000002421,PEN,1777.83,BINPPEPLXXX,PAGO PROVEEDOR 02421,SHA
10002422,BENEFICIARIO 02422,001000002422,PEN,1778.56,SCBLPEPLXXX,PAGO PROVEEDOR 02422,OUR
10002423,BENEFICIARIO 02423,001000002423,PEN,1779.29,CITIPEPLXXX,PAGO PROVEEDOR 02423,BEN
10002424,BENEFICIARIO 02424,001000002424,PEN,1780.02,BCPLPEPLXXX,PAGO PROVEEDOR 02424,SHA
10002425,BENEFICIARIO 02425,001000002425,USD,1780.75,BINPPEPLXXX,PAGO PROVEEDOR 02425,OUR
10002426,BENEFICIARIO 02426,001000002426,PEN,1781.48,SCBLPEPLXXX,PAGO PROVEEDOR 02426,BEN
10002427,BENEFICIARIO 02427,001000002427,PEN,1782.21,CITIPEPLXXX,PAGO PROVEEDOR 02427,SHA
10002428,BENEFICIARIO 02428,001000002428,PEN,1782.94,BCPLPEPLXXX,PAGO PROVEEDOR 02428,OUR
10002429,BENEFICIARIO 02429,001000002429,PEN,1783.67,BINPPEPLXXX,PAGO PROVEEDOR 02429,BEN
10002430,BENEFICIARIO 02430,001000002430,USD,1784.40,SCBLPEPLXXX,PAGO PROVEEDOR 02430,SHA
10002431,BENEFICIARIO 02431,001000002431,PEN,1785.13,CITIPEPLXXX,PAGO PROVEEDOR 02431,OUR
10002432,BENEFICIARIO 02432,001000002432,PEN,1785.86,BCPLPEPLXXX,PAGO PROVEEDOR 02432,BEN
10002433,BENEFICIARIO 02433,001000002433,PEN,1786.59,BINPPEPLXXX,PAGO PROVEEDOR 02433,SHA
10002434,BENEFICIARIO 02434,001000002434,PEN,1787.32,SCBLPEPLXXX,PAGO PROVEEDOR 02434,OUR
10002435,BENEFICIARIO 02435,001000002435,USD,1788.05,CITIPEPLXXX,PAGO PROVEEDOR 02435,BEN
10002436,BENEFICIARIO 02436,001000002436,PEN,1788.78,BCPLPEPLXXX,PAGO PROVEEDOR 02436,SHA
10002437,BENEFICIARIO 02437,001000002437,PEN,1789.51,BINPPEPLXXX,PAGO PROVEEDOR 02437,OUR
10002438,BENEFICIARIO 02438,001000002438,PEN,1790.24,SCBLPEPLXXX,PAGO PROVEEDOR 02438,BEN
10002439,BENEFICIARIO 02439,001000002439,PEN,1790.97,CITIPEPLXXX,PAGO PROVEEDOR 02439,SHA
10002440,BENEFICIARIO 02440,001000002440,USD,1791.70,BCPLPEPLXXX,PAGO PROVEEDOR 02440,OUR
10002441,BENEFICIARIO 02441,001000002441,PEN,1792.43,BINPPEPLXXX,PAGO PROVEEDOR 02441,BEN
10002442,BENEFICIARIO 02442,001000002442,PEN,1793.16,SCBLPEPLXXX,PAGO PROVEEDOR 02442,SHA
10002443,BENEFICIARIO 02443,001000002443,PEN,1793.89,CITIPEPLXXX,PAGO PROVEEDOR 02443,OUR
10002444,BENEFICIARIO 02444,001000002444,PEN,1794.62,BCPLPEPLXXX,PAGO PROVEEDOR 02444,BEN
10002445,BENEFICIARIO 02445,001000002445,USD,1795.35,BINPPEPLXXX,PAGO PROVEEDOR 02445,SHA
10002446,BENEFICIARIO 02446,001000002446,PEN,1796.08,SCBLPEPLXXX,PAGO PROVEEDOR 02446,OUR
10002447,BENEFICIARIO 02447,001000002447,PEN,1796.81,CITIPEPLXXX,PAGO PROVEEDOR 02447,BEN
10002448,BENEFICIARIO 02448,001000002448,PEN,1797.54,BCPLPEPLXXX,PAGO PROVEEDOR 02448,SHA
10002449,BENEFICIARIO 02449,001000002449,PEN,1798.27,BINPPEPLXXX,PAGO PROVEEDOR 02449,OUR
10002450,BENEFICIARIO 02450,001000002450,USD,1799.00,SCBLPEPLXXX,PAGO PROVEEDOR 02450,BEN
10002451,BENEFICIARIO 02451,001000002451,PEN,1799.73,CITIPEPLXXX,PAGO PROVEEDOR 02451,SHA
10002452,BENEFICIARIO 02452,001000002452,PEN,1800.46,BCPLPEPLXXX,PAGO PROVEEDOR 02452,OUR
10002453,BENEFICIARIO 02453,001000002453,PEN,1801.19,BINPPEPLXXX,PAGO PROVEEDOR 02453,BEN
10002454,BENEFICIARIO 02454,001000002454,PEN,1801.92,SCBLPEPLXXX,PAGO PROVEEDOR 02454,SHA
10002455,BENEFICIARIO 02455,001000002455,USD,1802.65,CITIPEPLXXX,PAGO PROVEEDOR 02455,OUR
10002456,BENEFICIARIO 02456,001000002456,PEN,1803.38,BCPLPEPLXXX,PAGO PROVEEDOR 02456,BEN
10002457,BENEFICIARIO 02457,001000002457,PEN,1804.11,BINPPEPLXXX,PAGO PROVEEDOR 02457,SHA
10002458,BENEFICIARIO 02458,001000002458,PEN,1804.84,SCBLPEPLXXX,PAGO PROVEEDOR 02458,OUR
10002459,BENEFICIARIO 02459,001000002459,PEN,1805.57,CITIPEPLXXX,PAGO PROVEEDOR 02459,BEN
10002460,BENEFICIARIO 02460,001000002460,USD,1806.30,BCPLPEPLXXX,PAGO PROVEEDOR 02460,SHA
10002461,BENEFICIARIO 02461,001000002461,PEN,1807.03,BINPPEPLXXX,PAGO PROVEEDOR 02461,OUR
10002462,BENEFICIARIO 02462,001000002462,PEN,1807.76,SCBLPEPLXXX,PAGO PROVEEDOR 02462,BEN
10002463,BENEFICIARIO 02463,001000002463,PEN,1808.49,CITIPEPLXXX,PAGO PROVEEDOR 02463,SHA
10002464,BENEFICIARIO 02464,001000002464,PEN,1809.22,BCPLPEPLXXX,PAGO PROVEEDOR 02464,OUR
10002465,BENEFICIARIO 02465,001000002465,USD,1809.95,BINPPEPLXXX,PAGO PROVEEDOR 02465,BEN
10002466,BENEFICIARIO 02466,001000002466,PEN,1810.68,SCBLPEPLXXX,PAGO PROVEEDOR 02466,SHA
10002467,BENEFICIARIO 02467,001000002467,PEN,1811.41,CITIPEPLXXX,PAGO PROVEEDOR 02467,OUR
10002468,BENEFICIARIO 02468,001000002468,PEN,1812.14,BCPLPEPLXXX,PAGO PROVEEDOR 02468,BEN
10002469,BENEFICIARIO 02469,001000002469,PEN,1812.87,BINPPEPLXXX,PAGO PROVEEDOR 02469,SHA
10002470,BENEFICIARIO 02470,001000002470,USD,1813.60,SCBLPEPLXXX,PAGO PROVEEDOR 02470,OUR
10002471,BENEFICIARIO 02471,001000002471,PEN,1814.33,CITIPEPLXXX,PAGO PROVEEDOR 02471,BEN
10002472,BENEFICIARIO 02472,001000002472,PEN,1815.06,BCPLPEPLXXX,PAGO PROVEEDOR 02472,SHA
10002473,BENEFICIARIO 02473,001000002473,PEN,1815.79,BINPPEPLXXX,PAGO PROVEEDOR 02473,OUR
10002474,BENEFICIARIO 02474,001000002474,PEN,1816.52,SCBLPEPLXXX,PAGO PROVEEDOR 02474,BEN
10002475,BENEFICIARIO 02475,001000002475,USD,1817.25,CITIPEPLXXX,PAGO PROVEEDOR 02475,SHA
10002476,BENEFICIARIO 02476,001000002476,PEN,1817.98,BCPLPEPLXXX,PAGO PROVEEDOR 02476,OUR
10002477,BENEFICIARIO 02477,001000002477,PEN,1818.71,BINPPEPLXXX,PAGO PROVEEDOR 02477,BEN
10002478,BENEFICIARIO 02478,001000002478,PEN,1819.44,SCBLPEPLXXX,PAGO PROVEEDOR 02478,SHA
10002479,BENEFICIARIO 02479,001000002479,PEN,1820.17,CITIPEPLXXX,PAGO PROVEEDOR 02479,OUR
10002480,BENEFICIARIO 02480,001000002480,USD,1820.90,BCPLPEPLXXX,PAGO PROVEEDOR 02480,BEN
10002481,BENEFICIARIO 02481,001000002481,PEN,1821.63,BINPPEPLXXX,PAGO PROVEEDOR 02481,SHA
10002482,BENEFICIARIO 02482,001000002482,PEN,1822.36,SCBLPEPLXXX,PAGO PROVEEDOR 02482,OUR
10002483,BENEFICIARIO 02483,001000002483,PEN,1823.09,CITIPEPLXXX,PAGO PROVEEDOR 02483,BEN
10002484,BENEFICIARIO 02484,001000002484,PEN,1823.82,BCPLPEPLXXX,PAGO PROVEEDOR 02484,SHA
10002485,BENEFICIARIO 02485,001000002485,USD,1824.55,BINPPEPLXXX,PAGO PROVEEDOR 02485,OUR
10002486,BENEFICIARIO 02486,001000002486,PEN,1825.28,SCBLPEPLXXX,PAGO PROVEEDOR 02486,BEN
10002487,BENEFICIARIO 02487,001000002487,PEN,1826.01,CITIPEPLXXX,PAGO PROVEEDOR 02487,SHA
10002488,BENEFICIARIO 02488,001000002488,PEN,1826.74,BCPLPEPLXXX,PAGO PROVEEDOR 02488,OUR
10002489,BENEFICIARIO 02489,001000002489,PEN,1827.47,BINPPEPLXXX,PAGO PROVEEDOR 02489,BEN
10002490,BENEFICIARIO 02490,001000002490,USD,1828.20,SCBLPEPLXXX,PAGO PROVEEDOR 02490,SHA
10002491,BENEFICIARIO 02491,001000002491,PEN,1828.93,CITIPEPLXXX,PAGO PROVEEDOR 02491,OUR
10002492,BENEFICIARIO 02492,001000002492,PEN,1829.66,BCPLPEPLXXX,PAGO PROVEEDOR 02492,BEN
10002493,BENEFICIARIO 02493,001000002493,PEN,1830.39,BINPPEPLXXX,PAGO PROVEEDOR 02493,SHA
10002494,BENEFICIARIO 02494,001000002494,PEN,1831.12,SCBLPEPLXXX,PAGO PROVEEDOR 02494,OUR
10002495,BENEFICIARIO 02495,001000002495,USD,1831.85,CITIPEPLXXX,PAGO PROVEEDOR 02495,BEN
10002496,BENEFICIARIO 02496,001000002496,PEN,1832.58,BCPLPEPLXXX,PAGO PROVEEDOR 02496,SHA
10002497,BENEFICIARIO 02497,001000002497,PEN,1833.31,BINPPEPLXXX,PAGO PROVEEDOR 02497,OUR
10002498,BENEFICIARIO 02498,001000002498,PEN,1834.04,SCBLPEPLXXX,PAGO PROVEEDOR 02498,BEN
10002499,BENEFICIARIO 02499,001000002499,PEN,1834.77,CITIPEPLXXX,PAGO PROVEEDOR 02499,SHA
10002500,BENEFICIARIO 02500,001000002500,USD,1835.50,BCPLPEPLXXX,PAGO PROVEEDOR 02500,OUR
10002501,BENEFICIARIO 02501,001000002501,PEN,1836.23,BINPPEPLXXX,PAGO PROVEEDOR 02501,BEN
10002502,BENEFICIARIO 02502,001000002502,PEN,1836.96,SCBLPEPLXXX,PAGO PROVEEDOR 02502,SHA
10002503,BENEFICIARIO 02503,001000002503,PEN,1837.69,CITIPEPLXXX,PAGO PROVEEDOR 02503,OUR
10002504,BENEFICIARIO 02504,001000002504,PEN,1838.42,BCPLPEPLXXX,PAGO PROVEEDOR 02504,BEN
10002505,BENEFICIARIO 02505,001000002505,USD,1839.15,BINPPEPLXXX,PAGO PROVEEDOR 02505,SHA
10002506,BENEFICIARIO 02506,001000002506,PEN,1839.88,SCBLPEPLXXX,PAGO PROVEEDOR 02506,OUR
10002507,BENEFICIARIO 02507,001000002507,PEN,1840.61,CITIPEPLXXX,PAGO PROVEEDOR 02507,BEN
10002508,BENEFICIARIO 02508,001000002508,PEN,1841.34,BCPLPEPLXXX,PAGO PROVEEDOR 02508,SHA
10002509,BENEFICIARIO 02509,001000002509,PEN,1842.07,BINPPEPLXXX,PAGO PROVEEDOR 02509,OUR
10002510,BENEFICIARIO 02510,001000002510,USD,1842.80,SCBLPEPLXXX,PAGO PROVEEDOR 02510,BEN
10002511,BENEFICIARIO 02511,001000002511,PEN,1843.53,CITIPEPLXXX,PAGO PROVEEDOR 02511,SHA
10002512,BENEFICIARIO 02512,001000002512,PEN,1844.26,BCPLPEPLXXX,PAGO PROVEEDOR 02512,OUR
10002513,BENEFICIARIO 02513,001000002513,PEN,1844.99,BINPPEPLXXX,PAGO PROVEEDOR 02513,BEN
10002514,BENEFICIARIO 02514,001000002514,PEN,1845.72,SCBLPEPLXXX,PAGO PROVEEDOR 02514,SHA
10002515,BENEFICIARIO 02515,001000002515,USD,1846.45,CITIPEPLXXX,PAGO PROVEEDOR 02515,OUR
10002516,BENEFICIARIO 02516,001000002516,PEN,1847.18,BCPLPEPLXXX,PAGO PROVEEDOR 02516,BEN
10002517,BENEFICIARIO 02517,001000002517,PEN,1847.91,BINPPEPLXXX,PAGO PROVEEDOR 02517,SHA
10002518,BENEFICIARIO 02518,001000002518,PEN,1848.64,SCBLPEPLXXX,PAGO PROVEEDOR 02518,OUR
10002519,BENEFICIARIO 02519,001000002519,PEN,1849.37,CITIPEPLXXX,PAGO PROVEEDOR 02519,BEN
10002520,BENEFICIARIO 02520,001000002520,USD,1850.10,BCPLPEPLXXX,PAGO PROVEEDOR 02520,SHA
10002521,BENEFICIARIO 02521,001000002521,PEN,1850.83,BINPPEPLXXX,PAGO PROVEEDOR 02521,OUR
10002522,BENEFICIARIO 02522,001000002522,PEN,1851.56,SCBLPEPLXXX,PAGO PROVEEDOR 02522,BEN
10002523,BENEFICIARIO 02523,001000002523,PEN,1852.29,CITIPEPLXXX,PAGO PROVEEDOR 02523,SHA
10002524,BENEFICIARIO 02524,001000002524,PEN,1853.02,BCPLPEPLXXX,PAGO PROVEEDOR 02524,OUR
10002525,BENEFICIARIO 02525,001000002525,USD,1853.75,BINPPEPLXXX,PAGO PROVEEDOR 02525,BEN
10002526,BENEFICIARIO 02526,001000002526,PEN,1854.48,SCBLPEPLXXX,PAGO PROVEEDOR 02526,SHA
10002527,BENEFICIARIO 02527,001000002527,PEN,1855.21,CITIPEPLXXX,PAGO PROVEEDOR 02527,OUR
10002528,BENEFICIARIO 02528,001000002528,PEN,1855.94,BCPLPEPLXXX,PAGO PROVEEDOR 02528,BEN
10002529,BENEFICIARIO 02529,001000002529,PEN,1856.67,BINPPEPLXXX,PAGO PROVEEDOR 02529,SHA
10002530,BENEFICIARIO 02530,001000002530,USD,1857.40,SCBLPEPLXXX,PAGO PROVEEDOR 02530,OUR
10002531,BENEFICIARIO 02531,001000002531,PEN,1858.13,CITIPEPLXXX,PAGO PROVEEDOR 02531,BEN
10002532,BENEFICIARIO 02532,001000002532,PEN,1858.86,BCPLPEPLXXX,PAGO PROVEEDOR 02532,SHA
10002533,BENEFICIARIO 02533,001000002533,PEN,1859.59,BINPPEPLXXX,PAGO PROVEEDOR 02533,OUR
10002534,BENEFICIARIO 02534,001000002534,PEN,1860.32,SCBLPEPLXXX,PAGO PROVEEDOR 02534,BEN
10002535,BENEFICIARIO 02535,001000002535,USD,1861.05,CITIPEPLXXX,PAGO PROVEEDOR 02535,SHA
10002536,BENEFICIARIO 02536,001000002536,PEN,1861.78,BCPLPEPLXXX,PAGO PROVEEDOR 02536,OUR
10002537,BENEFICIARIO 02537,001000002537,PEN,1862.51,BINPPEPLXXX,PAGO PROVEEDOR 02537,BEN
10002538,BENEFICIARIO 02538,001000002538,PEN,1863.24,SCBLPEPLXXX,PAGO PROVEEDOR 02538,SHA
10002539,BENEFICIARIO 02539,001000002539,PEN,1863.97,CITIPEPLXXX,PAGO PROVEEDOR 02539,OUR
10002540,BENEFICIARIO 02540,001000002540,USD,1864.70,BCPLPEPLXXX,PAGO PROVEEDOR 02540,BEN
10002541,BENEFICIARIO 02541,001000002541,PEN,1865.43,BINPPEPLXXX,PAGO PROVEEDOR 02541,SHA
10002542,BENEFICIARIO 02542,001000002542,PEN,1866.16,SCBLPEPLXXX,PAGO PROVEEDOR 02542,OUR
10002543,BENEFICIARIO 02543,001000002543,PEN,1866.89,CITIPEPLXXX,PAGO PROVEEDOR 02543,BEN
10002544,BENEFICIARIO 02544,001000002544,PEN,1867.62,BCPLPEPLXXX,PAGO PROVEEDOR 02544,SHA
10002545,BENEFICIARIO 02545,001000002545,USD,1868.35,BINPPEPLXXX,PAGO PROVEEDOR 02545,OUR
10002546,BENEFICIARIO 02546,001000002546,PEN,1869.08,SCBLPEPLXXX,PAGO PROVEEDOR 02546,BEN
10002547,BENEFICIARIO 02547,001000002547,PEN,1869.81,CITIPEPLXXX,PAGO PROVEEDOR 02547,SHA
10002548,BENEFICIARIO 02548,001000002548,PEN,1870.54,BCPLPEPLXXX,PAGO PROVEEDOR 02548,OUR
10002549,BENEFICIARIO 02549,001000002549,PEN,1871.27,BINPPEPLXXX,PAGO PROVEEDOR 02549,BEN
10002550,BENEFICIARIO 02550,001000002550,USD,1872.00,SCBLPEPLXXX,PAGO PROVEEDOR 02550,SHA
10002551,BENEFICIARIO 02551,001000002551,PEN,1872.73,CITIPEPLXXX,PAGO PROVEEDOR 02551,OUR
10002552,BENEFICIARIO 02552,001000002552,PEN,1873.46,BCPLPEPLXXX,PAGO PROVEEDOR 02552,BEN
10002553,BENEFICIARIO 02553,001000002553,PEN,1874.19,BINPPEPLXXX,PAGO PROVEEDOR 02553,SHA
10002554,BENEFICIARIO 02554,001000002554,PEN,1874.92,SCBLPEPLXXX,PAGO PROVEEDOR 02554,OUR
10002555,BENEFICIARIO 02555,001000002555,USD,1875.65,CITIPEPLXXX,PAGO PROVEEDOR 02555,BEN
10002556,BENEFICIARIO 02556,001000002556,PEN,1876.38,BCPLPEPLXXX,PAGO PROVEEDOR 02556,SHA
10002557,BENEFICIARIO 02557,001000002557,PEN,1877.11,BINPPEPLXXX,PAGO PROVEEDOR 02557,OUR
10002558,BENEFICIARIO 02558,001000002558,PEN,1877.84,SCBLPEPLXXX,PAGO PROVEEDOR 02558,BEN
10002559,BENEFICIARIO 02559,001000002559,PEN,1878.57,CITIPEPLXXX,PAGO PROVEEDOR 02559,SHA
10002560,BENEFICIARIO 02560,001000002560,USD,1879.30,BCPLPEPLXXX,PAGO PROVEEDOR 02560,OUR
10002561,BENEFICIARIO 02561,001000002561,PEN,1880.03,BINPPEPLXXX,PAGO PROVEEDOR 02561,BEN
10002562,BENEFICIARIO 02562,001000002562,PEN,1880.76,SCBLPEPLXXX,PAGO PROVEEDOR 02562,SHA
10002563,BENEFICIARIO 02563,001000002563,PEN,1881.49,CITIPEPLXXX,PAGO PROVEEDOR 02563,OUR
10002564,BENEFICIARIO 02564,001000002564,PEN,1882.22,BCPLPEPLXXX,PAGO PROVEEDOR 02564,BEN
10002565,BENEFICIARIO 02565,001000002565,USD,1882.95,BINPPEPLXXX,PAGO PROVEEDOR 02565,SHA
10002566,BENEFICIARIO 02566,001000002566,PEN,1883.68,SCBLPEPLXXX,PAGO PROVEEDOR 02566,OUR
10002567,BENEFICIARIO 02567,001000002567,PEN,1884.41,CITIPEPLXXX,PAGO PROVEEDOR 02567,BEN
10002568,BENEFICIARIO 02568,001000002568,PEN,1885.14,BCPLPEPLXXX,PAGO PROVEEDOR 02568,SHA
10002569,BENEFICIARIO 02569,001000002569,PEN,1885.87,BINPPEPLXXX,PAGO PROVEEDOR 02569,OUR
10002570,BENEFICIARIO 02570,001000002570,USD,1886.60,SCBLPEPLXXX,PAGO PROVEEDOR 02570,BEN
10002571,BENEFICIARIO 02571,001000002571,PEN,1887.33,CITIPEPLXXX,PAGO PROVEEDOR 02571,SHA
10002572,BENEFICIARIO 02572,001000002572,PEN,1888.06,BCPLPEPLXXX,PAGO PROVEEDOR 02572,OUR
10002573,BENEFICIARIO 02573,001000002573,PEN,1888.79,BINPPEPLXXX,PAGO PROVEEDOR 02573,BEN
10002574,BENEFICIARIO 02574,001000002574,PEN,1889.52,SCBLPEPLXXX,PAGO PROVEEDOR 02574,SHA
10002575,BENEFICIARIO 02575,001000002575,USD,1890.25,CITIPEPLXXX,PAGO PROVEEDOR 02575,OUR
10002576,BENEFICIARIO 02576,001000002576,PEN,1890.98,BCPLPEPLXXX,PAGO PROVEEDOR 02576,BEN
10002577,BENEFICIARIO 02577,001000002577,PEN,1891.71,BINPPEPLXXX,PAGO PROVEEDOR 02577,SHA
10002578,BENEFICIARIO 02578,001000002578,PEN,1892.44,SCBLPEPLXXX,PAGO PROVEEDOR 02578,OUR
10002579,BENEFICIARIO 02579,001000002579,PEN,1893.17,CITIPEPLXXX,PAGO PROVEEDOR 02579,BEN
10002580,BENEFICIARIO 02580,001000002580,USD,1893.90,BCPLPEPLXXX,PAGO PROVEEDOR 02580,SHA
10002581,BENEFICIARIO 02581,001000002581,PEN,1894.63,BINPPEPLXXX,PAGO PROVEEDOR 02581,OUR
10002582,BENEFICIARIO 02582,001000002582,PEN,1895.36,SCBLPEPLXXX,PAGO PROVEEDOR 02582,BEN
10002583,BENEFICIARIO 02583,001000002583,PEN,1896.09,CITIPEPLXXX,PAGO PROVEEDOR 02583,SHA
10002584,BENEFICIARIO 02584,001000002584,PEN,1896.82,BCPLPEPLXXX,PAGO PROVEEDOR 02584,OUR
10002585,BENEFICIARIO 02585,001000002585,USD,1897.55,BINPPEPLXXX,PAGO PROVEEDOR 02585,BEN
10002586,BENEFICIARIO 02586,001000002586,PEN,1898.28,SCBLPEPLXXX,PAGO PROVEEDOR 02586,SHA
10002587,BENEFICIARIO 02587,001000002587,PEN,1899.01,CITIPEPLXXX,PAGO PROVEEDOR 02587,OUR
10002588,BENEFICIARIO 02588,001000002588,PEN,1899.74,BCPLPEPLXXX,PAGO PROVEEDOR 02588,BEN
10002589,BENEFICIARIO 02589,001000002589,PEN,1900.47,BINPPEPLXXX,PAGO PROVEEDOR 02589,SHA
10002590,BENEFICIARIO 02590,001000002590,USD,1901.20,SCBLPEPLXXX,PAGO PROVEEDOR 02590,OUR
10002591,BENEFICIARIO 02591,001000002591,PEN,1901.93,CITIPEPLXXX,PAGO PROVEEDOR 02591,BEN
10002592,BENEFICIARIO 02592,001000002592,PEN,1902.66,BCPLPEPLXXX,PAGO PROVEEDOR 02592,SHA
10002593,BENEFICIARIO 02593,001000002593,PEN,1903.39,BINPPEPLXXX,PAGO PROVEEDOR 02593,OUR
10002594,BENEFICIARIO 02594,001000002594,PEN,1904.12,SCBLPEPLXXX,PAGO PROVEEDOR 02594,BEN
10002595,BENEFICIARIO 02595,001000002595,USD,1904.85,CITIPEPLXXX,PAGO PROVEEDOR 02595,SHA
10002596,BENEFICIARIO 02596,001000002596,PEN,1905.58,BCPLPEPLXXX,PAGO PROVEEDOR 02596,OUR
10002597,BENEFICIARIO 02597,001000002597,PEN,1906.31,BINPPEPLXXX,PAGO PROVEEDOR 02597,BEN
10002598,BENEFICIARIO 02598,001000002598,PEN,1907.04,SCBLPEPLXXX,PAGO PROVEEDOR 02598,SHA
10002599,BENEFICIARIO 02599,001000002599,PEN,1907.77,CITIPEPLXXX,PAGO PROVEEDOR 02599,OUR
10002600,BENEFICIARIO 02600,001000002600,USD,1908.50,BCPLPEPLXXX,PAGO PROVEEDOR 02600,BEN
10002601,BENEFICIARIO 02601,001000002601,PEN,1909.23,BINPPEPLXXX,PAGO PROVEEDOR 02601,SHA
10002602,BENEFICIARIO 02602,001000002602,PEN,1909.96,SCBLPEPLXXX,PAGO PROVEEDOR 02602,OUR
10002603,BENEFICIARIO 02603,001000002603,PEN,1910.69,CITIPEPLXXX,PAGO PROVEEDOR 02603,BEN
10002604,BENEFICIARIO 02604,001000002604,PEN,1911.42,BCPLPEPLXXX,PAGO PROVEEDOR 02604,SHA
10002605,BENEFICIARIO 02605,001000002605,USD,1912.15,BINPPEPLXXX,PAGO PROVEEDOR 02605,OUR
10002606,BENEFICIARIO 02606,001000002606,PEN,1912.88,SCBLPEPLXXX,PAGO PROVEEDOR 02606,BEN
10002607,BENEFICIARIO 02607,001000002607,PEN,1913.61,CITIPEPLXXX,PAGO PROVEEDOR 02607,SHA
10002608,BENEFICIARIO 02608,001000002608,PEN,1914.34,BCPLPEPLXXX,PAGO PROVEEDOR 02608,OUR
10002609,BENEFICIARIO 02609,001000002609,PEN,1915.07,BINPPEPLXXX,PAGO PROVEEDOR 02609,BEN
10002610,BENEFICIARIO 02610,001000002610,USD,1915.80,SCBLPEPLXXX,PAGO PROVEEDOR 02610,SHA
10002611,BENEFICIARIO 02611,001000002611,PEN,1916.53,CITIPEPLXXX,PAGO PROVEEDOR 02611,OUR
10002612,BENEFICIARIO 02612,001000002612,PEN,1917.26,BCPLPEPLXXX,PAGO PROVEEDOR 02612,BEN
10002613,BENEFICIARIO 02613,001000002613,PEN,1917.99,BINPPEPLXXX,PAGO PROVEEDOR 02613,SHA
10002614,BENEFICIARIO 02614,001000002614,PEN,1918.72,SCBLPEPLXXX,PAGO PROVEEDOR 02614,OUR
10002615,BENEFICIARIO 02615,001000002615,USD,1919.45,CITIPEPLXXX,PAGO PROVEEDOR 02615,BEN
10002616,BENEFICIARIO 02616,001000002616,PEN,1920.18,BCPLPEPLXXX,PAGO PROVEEDOR 02616,SHA
10002617,BENEFICIARIO 02617,001000002617,PEN,1920.91,BINPPEPLXXX,PAGO PROVEEDOR 02617,OUR
10002618,BENEFICIARIO 02618,001000002618,PEN,1921.64,SCBLPEPLXXX,PAGO PROVEEDOR 02618,BEN
10002619,BENEFICIARIO 02619,001000002619,PEN,1922.37,CITIPEPLXXX,PAGO PROVEEDOR 02619,SHA
10002620,BENEFICIARIO 02620,001000002620,USD,1923.10,BCPLPEPLXXX,PAGO PROVEEDOR 02620,OUR
10002621,BENEFICIARIO 02621,001000002621,PEN,1923.83,BINPPEPLXXX,PAGO PROVEEDOR 02621,BEN
10002622,BENEFICIARIO 02622,001000002622,PEN,1924.56,SCBLPEPLXXX,PAGO PROVEEDOR 02622,SHA
10002623,BENEFICIARIO 02623,001000002623,PEN,1925.29,CITIPEPLXXX,PAGO PROVEEDOR 02623,OUR
10002624,BENEFICIARIO 02624,001000002624,PEN,1926.02,BCPLPEPLXXX,PAGO PROVEEDOR 02624,BEN
10002625,BENEFICIARIO 02625,001000002625,USD,1926.75,BINPPEPLXXX,PAGO PROVEEDOR 02625,SHA
10002626,BENEFICIARIO 02626,001000002626,PEN,1927.48,SCBLPEPLXXX,PAGO PROVEEDOR 02626,OUR
10002627,BENEFICIARIO 02627,001000002627,PEN,1928.21,CITIPEPLXXX,PAGO PROVEEDOR 02627,BEN
10002628,BENEFICIARIO 02628,001000002628,PEN,1928.94,BCPLPEPLXXX,PAGO PROVEEDOR 02628,SHA
10002629,BENEFICIARIO 02629,001000002629,PEN,1929.67,BINPPEPLXXX,PAGO PROVEEDOR 02629,OUR
10002630,BENEFICIARIO 02630,001000002630,USD,1930.40,SCBLPEPLXXX,PAGO PROVEEDOR 02630,BEN
10002631,BENEFICIARIO 02631,001000002631,PEN,1931.13,CITIPEPLXXX,PAGO PROVEEDOR 02631,SHA
10002632,BENEFICIARIO 02632,001000002632,PEN,1931.86,BCPLPEPLXXX,PAGO PROVEEDOR 02632,OUR
10002633,BENEFICIARIO 02633,001000002633,PEN,1932.59,BINPPEPLXXX,PAGO PROVEEDOR 02633,BEN
10002634,BENEFICIARIO 02634,001000002634,PEN,1933.32,SCBLPEPLXXX,PAGO PROVEEDOR 02634,SHA
10002635,BENEFICIARIO 02635,001000002635,USD,1934.05,CITIPEPLXXX,PAGO PROVEEDOR 02635,OUR
10002636,BENEFICIARIO 02636,001000002636,PEN,1934.78,BCPLPEPLXXX,PAGO PROVEEDOR 02636,BEN
10002637,BENEFICIARIO 02637,001000002637,PEN,1935.51,BINPPEPLXXX,PAGO PROVEEDOR 02637,SHA
10002638,BENEFICIARIO 02638,001000002638,PEN,1936.24,SCBLPEPLXXX,PAGO PROVEEDOR 02638,OUR
10002639,BENEFICIARIO 02639,001000002639,PEN,1936.97,CITIPEPLXXX,PAGO PROVEEDOR 02639,BEN
10002640,BENEFICIARIO 02640,001000002640,USD,1937.70,BCPLPEPLXXX,PAGO PROVEEDOR 02640,SHA
10002641,BENEFICIARIO 02641,001000002641,PEN,1938.43,BINPPEPLXXX,PAGO PROVEEDOR 02641,OUR
10002642,BENEFICIARIO 02642,001000002642,PEN,1939.16,SCBLPEPLXXX,PAGO PROVEEDOR 02642,BEN
10002643,BENEFICIARIO 02643,001000002643,PEN,1939.89,CITIPEPLXXX,PAGO PROVEEDOR 02643,SHA
10002644,BENEFICIARIO 02644,001000002644,PEN,1940.62,BCPLPEPLXXX,PAGO PROVEEDOR 02644,OUR
10002645,BENEFICIARIO 02645,001000002645,USD,1941.35,BINPPEPLXXX,PAGO PROVEEDOR 02645,BEN
10002646,BENEFICIARIO 02646,001000002646,PEN,1942.08,SCBLPEPLXXX,PAGO PROVEEDOR 02646,SHA
10002647,BENEFICIARIO 02647,001000002647,PEN,1942.81,CITIPEPLXXX,PAGO PROVEEDOR 02647,OUR
10002648,BENEFICIARIO 02648,001000002648,PEN,1943.54,BCPLPEPLXXX,PAGO PROVEEDOR 02648,BEN
10002649,BENEFICIARIO 02649,001000002649,PEN,1944.27,BINPPEPLXXX,PAGO PROVEEDOR 02649,SHA
10002650,BENEFICIARIO 02650,001000002650,USD,1945.00,SCBLPEPLXXX,PAGO PROVEEDOR 02650,OUR
10002651,BENEFICIARIO 02651,001000002651,PEN,1945.73,CITIPEPLXXX,PAGO PROVEEDOR 02651,BEN
10002652,BENEFICIARIO 02652,001000002652,PEN,1946.46,BCPLPEPLXXX,PAGO PROVEEDOR 02652,SHA
10002653,BENEFICIARIO 02653,001000002653,PEN,1947.19,BINPPEPLXXX,PAGO PROVEEDOR 02653,OUR
10002654,BENEFICIARIO 02654,001000002654,PEN,1947.92,SCBLPEPLXXX,PAGO PROVEEDOR 02654,BEN
10002655,BENEFICIARIO 02655,001000002655,USD,1948.65,CITIPEPLXXX,PAGO PROVEEDOR 02655,SHA
10002656,BENEFICIARIO 02656,001000002656,PEN,1949.38,BCPLPEPLXXX,PAGO PROVEEDOR 02656,OUR
10002657,BENEFICIARIO 02657,001000002657,PEN,1950.11,BINPPEPLXXX,PAGO PROVEEDOR 02657,BEN
10002658,BENEFICIARIO 02658,001000002658,PEN,1950.84,SCBLPEPLXXX,PAGO PROVEEDOR 02658,SHA
10002659,BENEFICIARIO 02659,001000002659,PEN,1951.57,CITIPEPLXXX,PAGO PROVEEDOR 02659,OUR
10002660,BENEFICIARIO 02660,001000002660,USD,1952.30,BCPLPEPLXXX,PAGO PROVEEDOR 02660,BEN
10002661,BENEFICIARIO 02661,001000002661,PEN,1953.03,BINPPEPLXXX,PAGO PROVEEDOR 02661,SHA
10002662,BENEFICIARIO 02662,001000002662,PEN,1953.76,SCBLPEPLXXX,PAGO PROVEEDOR 02662,OUR
10002663,BENEFICIARIO 02663,001000002663,PEN,1954.49,CITIPEPLXXX,PAGO PROVEEDOR 02663,BEN
10002664,BENEFICIARIO 02664,001000002664,PEN,1955.22,BCPLPEPLXXX,PAGO PROVEEDOR 02664,SHA
10002665,BENEFICIARIO 02665,001000002665,USD,1955.95,BINPPEPLXXX,PAGO PROVEEDOR 02665,OUR
10002666,BENEFICIARIO 02666,001000002666,PEN,1956.68,SCBLPEPLXXX,PAGO PROVEEDOR 02666,BEN
10002667,BENEFICIARIO 02667,001000002667,PEN,1957.41,CITIPEPLXXX,PAGO PROVEEDOR 02667,SHA
10002668,BENEFICIARIO 02668,001000002668,PEN,1958.14,BCPLPEPLXXX,PAGO PROVEEDOR 02668,OUR
10002669,BENEFICIARIO 02669,001000002669,PEN,1958.87,BINPPEPLXXX,PAGO PROVEEDOR 02669,BEN
10002670,BENEFICIARIO 02670,001000002670,USD,1959.60,SCBLPEPLXXX,PAGO PROVEEDOR 02670,SHA
10002671,BENEFICIARIO 02671,001000002671,PEN,1960.33,CITIPEPLXXX,PAGO PROVEEDOR 02671,OUR
10002672,BENEFICIARIO 02672,001000002672,PEN,1961.06,BCPLPEPLXXX,PAGO PROVEEDOR 02672,BEN
10002673,BENEFICIARIO 02673,001000002673,PEN,1961.79,BINPPEPLXXX,PAGO PROVEEDOR 02673,SHA
10002674,BENEFICIARIO 02674,001000002674,PEN,1962.52,SCBLPEPLXXX,PAGO PROVEEDOR 02674,OUR
10002675,BENEFICIARIO 02675,001000002675,USD,1963.25,CITIPEPLXXX,PAGO PROVEEDOR 02675,BEN
10002676,BENEFICIARIO 02676,001000002676,PEN,1963.98,BCPLPEPLXXX,PAGO PROVEEDOR 02676,SHA
10002677,BENEFICIARIO 02677,001000002677,PEN,1964.71,BINPPEPLXXX,PAGO PROVEEDOR 02677,OUR
10002678,BENEFICIARIO 02678,001000002678,PEN,1965.44,SCBLPEPLXXX,PAGO PROVEEDOR 02678,BEN
10002679,BENEFICIARIO 02679,001000002679,PEN,1966.17,CITIPEPLXXX,PAGO PROVEEDOR 02679,SHA
10002680,BENEFICIARIO 02680,001000002680,USD,1966.90,BCPLPEPLXXX,PAGO PROVEEDOR 02680,OUR
10002681,BENEFICIARIO 02681,001000002681,PEN,1967.63,BINPPEPLXXX,PAGO PROVEEDOR 02681,BEN
10002682,BENEFICIARIO 02682,001000002682,PEN,1968.36,SCBLPEPLXXX,PAGO PROVEEDOR 02682,SHA
10002683,BENEFICIARIO 02683,001000002683,PEN,1969.09,CITIPEPLXXX,PAGO PROVEEDOR 02683,OUR
10002684,BENEFICIARIO 02684,001000002684,PEN,1969.82,BCPLPEPLXXX,PAGO PROVEEDOR 02684,BEN
10002685,BENEFICIARIO 02685,001000002685,USD,1970.55,BINPPEPLXXX,PAGO PROVEEDOR 02685,SHA
10002686,BENEFICIARIO 02686,001000002686,PEN,1971.28,SCBLPEPLXXX,PAGO PROVEEDOR 02686,OUR
10002687,BENEFICIARIO 02687,001000002687,PEN,1972.01,CITIPEPLXXX,PAGO PROVEEDOR 02687,BEN
10002688,BENEFICIARIO 02688,001000002688,PEN,1972.74,BCPLPEPLXXX,PAGO PROVEEDOR 02688,SHA
10002689,BENEFICIARIO 02689,001000002689,PEN,1973.47,BINPPEPLXXX,PAGO PROVEEDOR 02689,OUR
10002690,BENEFICIARIO 02690,001000002690,USD,1974.20,SCBLPEPLXXX,PAGO PROVEEDOR 02690,BEN
10002691,BENEFICIARIO 02691,001000002691,PEN,1974.93,CITIPEPLXXX,PAGO PROVEEDOR 02691,SHA
10002692,BENEFICIARIO 02692,001000002692,PEN,1975.66,BCPLPEPLXXX,PAGO PROVEEDOR 02692,OUR
10002693,BENEFICIARIO 02693,001000002693,PEN,1976.39,BINPPEPLXXX,PAGO PROVEEDOR 02693,BEN
10002694,BENEFICIARIO 02694,001000002694,PEN,1977.12,SCBLPEPLXXX,PAGO PROVEEDOR 02694,SHA
10002695,BENEFICIARIO 02695,001000002695,USD,1977.85,CITIPEPLXXX,PAGO PROVEEDOR 02695,OUR
10002696,BENEFICIARIO 02696,001000002696,PEN,1978.58,BCPLPEPLXXX,PAGO PROVEEDOR 02696,BEN
10002697,BENEFICIARIO 02697,001000002697,PEN,1979.31,BINPPEPLXXX,PAGO PROVEEDOR 02697,SHA
10002698,BENEFICIARIO 02698,001000002698,PEN,1980.04,SCBLPEPLXXX,PAGO PROVEEDOR 02698,OUR
10002699,BENEFICIARIO 02699,001000002699,PEN,1980.77,CITIPEPLXXX,PAGO PROVEEDOR 02699,BEN
10002700,BENEFICIARIO 02700,001000002700,USD,1981.50,BCPLPEPLXXX,PAGO PROVEEDOR 02700,SHA
10002701,BENEFICIARIO 02701,001000002701,PEN,1982.23,BINPPEPLXXX,PAGO PROVEEDOR 02701,OUR
10002702,BENEFICIARIO 02702,001000002702,PEN,1982.96,SCBLPEPLXXX,PAGO PROVEEDOR 02702,BEN
10002703,BENEFICIARIO 02703,001000002703,PEN,1983.69,CITIPEPLXXX,PAGO PROVEEDOR 02703,SHA
10002704,BENEFICIARIO 02704,001000002704,PEN,1984.42,BCPLPEPLXXX,PAGO PROVEEDOR 02704,OUR
10002705,BENEFICIARIO 02705,001000002705,USD,1985.15,BINPPEPLXXX,PAGO PROVEEDOR 02705,BEN
10002706,BENEFICIARIO 02706,001000002706,PEN,1985.88,SCBLPEPLXXX,PAGO PROVEEDOR 02706,SHA
10002707,BENEFICIARIO 02707,001000002707,PEN,1986.61,CITIPEPLXXX,PAGO PROVEEDOR 02707,OUR
10002708,BENEFICIARIO 02708,001000002708,PEN,1987.34,BCPLPEPLXXX,PAGO PROVEEDOR 02708,BEN
10002709,BENEFICIARIO 02709,001000002709,PEN,1988.07,BINPPEPLXXX,PAGO PROVEEDOR 02709,SHA
10002710,BENEFICIARIO 02710,001000002710,USD,1988.80,SCBLPEPLXXX,PAGO PROVEEDOR 02710,OUR
10002711,BENEFICIARIO 02711,001000002711,PEN,1989.53,CITIPEPLXXX,PAGO PROVEEDOR 02711,BEN
10002712,BENEFICIARIO 02712,001000002712,PEN,1990.26,BCPLPEPLXXX,PAGO PROVEEDOR 02712,SHA
10002713,BENEFICIARIO 02713,001000002713,PEN,1990.99,BINPPEPLXXX,PAGO PROVEEDOR 02713,OUR
10002714,BENEFICIARIO 02714,001000002714,PEN,1991.72,SCBLPEPLXXX,PAGO PROVEEDOR 02714,BEN
10002715,BENEFICIARIO 02715,001000002715,USD,1992.45,CITIPEPLXXX,PAGO PROVEEDOR 02715,SHA
10002716,BENEFICIARIO 02716,001000002716,PEN,1993.18,BCPLPEPLXXX,PAGO PROVEEDOR 02716,OUR
10002717,BENEFICIARIO 02717,001000002717,PEN,1993.91,BINPPEPLXXX,PAGO PROVEEDOR 02717,BEN
10002718,BENEFICIARIO 02718,001000002718,PEN,1994.64,SCBLPEPLXXX,PAGO PROVEEDOR 02718,SHA
10002719,BENEFICIARIO 02719,001000002719,PEN,1995.37,CITIPEPLXXX,PAGO PROVEEDOR 02719,OUR
10002720,BENEFICIARIO 02720,001000002720,USD,1996.10,BCPLPEPLXXX,PAGO PROVEEDOR 02720,BEN
10002721,BENEFICIARIO 02721,001000002721,PEN,1996.83,BINPPEPLXXX,PAGO PROVEEDOR 02721,SHA
10002722,BENEFICIARIO 02722,001000002722,PEN,1997.56,SCBLPEPLXXX,PAGO PROVEEDOR 02722,OUR
10002723,BENEFICIARIO 02723,001000002723,PEN,1998.29,CITIPEPLXXX,PAGO PROVEEDOR 02723,BEN
10002724,BENEFICIARIO 02724,001000002724,PEN,1999.02,BCPLPEPLXXX,PAGO PROVEEDOR 02724,SHA
10002725,BENEFICIARIO 02725,001000002725,USD,1999.75,BINPPEPLXXX,PAGO PROVEEDOR 02725,OUR
10002726,BENEFICIARIO 02726,001000002726,PEN,2000.48,SCBLPEPLXXX,PAGO PROVEEDOR 02726,BEN
10002727,BENEFICIARIO 02727,001000002727,PEN,2001.21,CITIPEPLXXX,PAGO PROVEEDOR 02727,SHA
10002728,BENEFICIARIO 02728,001000002728,PEN,2001.94,BCPLPEPLXXX,PAGO PROVEEDOR 02728,OUR
10002729,BENEFICIARIO 02729,001000002729,PEN,2002.67,BINPPEPLXXX,PAGO PROVEEDOR 02729,BEN
10002730,BENEFICIARIO 02730,001000002730,USD,2003.40,SCBLPEPLXXX,PAGO PROVEEDOR 02730,SHA
10002731,BENEFICIARIO 02731,001000002731,PEN,2004.13,CITIPEPLXXX,PAGO PROVEEDOR 02731,OUR
10002732,BENEFICIARIO 02732,001000002732,PEN,2004.86,BCPLPEPLXXX,PAGO PROVEEDOR 02732,BEN
10002733,BENEFICIARIO 02733,001000002733,PEN,2005.59,BINPPEPLXXX,PAGO PROVEEDOR 02733,SHA
10002734,BENEFICIARIO 02734,001000002734,PEN,2006.32,SCBLPEPLXXX,PAGO PROVEEDOR 02734,OUR
10002735,BENEFICIARIO 02735,001000002735,USD,2007.05,CITIPEPLXXX,PAGO PROVEEDOR 02735,BEN
10002736,BENEFICIARIO 02736,001000002736,PEN,2007.78,BCPLPEPLXXX,PAGO PROVEEDOR 02736,SHA
10002737,BENEFICIARIO 02737,001000002737,PEN,2008.51,BINPPEPLXXX,PAGO PROVEEDOR 02737,OUR
10002738,BENEFICIARIO 02738,001000002738,PEN,2009.24,SCBLPEPLXXX,PAGO PROVEEDOR 02738,BEN
10002739,BENEFICIARIO 02739,001000002739,PEN,2009.97,CITIPEPLXXX,PAGO PROVEEDOR 02739,SHA
10002740,BENEFICIARIO 02740,001000002740,USD,2010.70,BCPLPEPLXXX,PAGO PROVEEDOR 02740,OUR
10002741,BENEFICIARIO 02741,001000002741,PEN,2011.43,BINPPEPLXXX,PAGO PROVEEDOR 02741,BEN
10002742,BENEFICIARIO 02742,001000002742,PEN,2012.16,SCBLPEPLXXX,PAGO PROVEEDOR 02742,SHA
10002743,BENEFICIARIO 02743,001000002743,PEN,2012.89,CITIPEPLXXX,PAGO PROVEEDOR 02743,OUR
10002744,BENEFICIARIO 02744,001000002744,PEN,2013.62,BCPLPEPLXXX,PAGO PROVEEDOR 02744,BEN
10002745,BENEFICIARIO 02745,001000002745,USD,2014.35,BINPPEPLXXX,PAGO PROVEEDOR 02745,SHA
10002746,BENEFICIARIO 02746,001000002746,PEN,2015.08,SCBLPEPLXXX,PAGO PROVEEDOR 02746,OUR
10002747,BENEFICIARIO 02747,001000002747,PEN,2015.81,CITIPEPLXXX,PAGO PROVEEDOR 02747,BEN
10002748,BENEFICIARIO 02748,001000002748,PEN,2016.54,BCPLPEPLXXX,PAGO PROVEEDOR 02748,SHA
10002749,BENEFICIARIO 02749,001000002749,PEN,2017.27,BINPPEPLXXX,PAGO PROVEEDOR 02749,OUR
10002750,BENEFICIARIO 02750,001000002750,USD,2018.00,SCBLPEPLXXX,PAGO PROVEEDOR 02750,BEN
10002751,BENEFICIARIO 02751,001000002751,PEN,2018.73,CITIPEPLXXX,PAGO PROVEEDOR 02751,SHA
10002752,BENEFICIARIO 02752,001000002752,PEN,2019.46,BCPLPEPLXXX,PAGO PROVEEDOR 02752,OUR
10002753,BENEFICIARIO 02753,001000002753,PEN,2020.19,BINPPEPLXXX,PAGO PROVEEDOR 02753,BEN
10002754,BENEFICIARIO 02754,001000002754,PEN,2020.92,SCBLPEPLXXX,PAGO PROVEEDOR 02754,SHA
10002755,BENEFICIARIO 02755,001000002755,USD,2021.65,CITIPEPLXXX,PAGO PROVEEDOR 02755,OUR
10002756,BENEFICIARIO 02756,001000002756,PEN,2022.38,BCPLPEPLXXX,PAGO PROVEEDOR 02756,BEN
10002757,BENEFICIARIO 02757,001000002757,PEN,2023.11,BINPPEPLXXX,PAGO PROVEEDOR 02757,SHA
10002758,BENEFICIARIO 02758,001000002758,PEN,2023.84,SCBLPEPLXXX,PAGO PROVEEDOR 02758,OUR
10002759,BENEFICIARIO 02759,001000002759,PEN,2024.57,CITIPEPLXXX,PAGO PROVEEDOR 02759,BEN
10002760,BENEFICIARIO 02760,001000002760,USD,2025.30,BCPLPEPLXXX,PAGO PROVEEDOR 02760,SHA
10002761,BENEFICIARIO 02761,001000002761,PEN,2026.03,BINPPEPLXXX,PAGO PROVEEDOR 02761,OUR
10002762,BENEFICIARIO 02762,001000002762,PEN,2026.76,SCBLPEPLXXX,PAGO PROVEEDOR 02762,BEN
10002763,BENEFICIARIO 02763,001000002763,PEN,2027.49,CITIPEPLXXX,PAGO PROVEEDOR 02763,SHA
10002764,BENEFICIARIO 02764,001000002764,PEN,2028.22,BCPLPEPLXXX,PAGO PROVEEDOR 02764,OUR
10002765,BENEFICIARIO 02765,001000002765,USD,2028.95,BINPPEPLXXX,PAGO PROVEEDOR 02765,BEN
10002766,BENEFICIARIO 02766,001000002766,PEN,2029.68,SCBLPEPLXXX,PAGO PROVEEDOR 02766,SHA
10002767,BENEFICIARIO 02767,001000002767,PEN,2030.41,CITIPEPLXXX,PAGO PROVEEDOR 02767,OUR
10002768,BENEFICIARIO 02768,001000002768,PEN,2031.14,BCPLPEPLXXX,PAGO PROVEEDOR 02768,BEN
10002769,BENEFICIARIO 02769,001000002769,PEN,2031.87,BINPPEPLXXX,PAGO PROVEEDOR 02769,SHA
10002770,BENEFICIARIO 02770,001000002770,USD,2032.60,SCBLPEPLXXX,PAGO PROVEEDOR 02770,OUR
10002771,BENEFICIARIO 02771,001000002771,PEN,2033.33,CITIPEPLXXX,PAGO PROVEEDOR 02771,BEN
10002772,BENEFICIARIO 02772,001000002772,PEN,2034.06,BCPLPEPLXXX,PAGO PROVEEDOR 02772,SHA
10002773,BENEFICIARIO 02773,001000002773,PEN,2034.79,BINPPEPLXXX,PAGO PROVEEDOR 02773,OUR
10002774,BENEFICIARIO 02774,001000002774,PEN,2035.52,SCBLPEPLXXX,PAGO PROVEEDOR 02774,BEN
10002775,BENEFICIARIO 02775,001000002775,USD,2036.25,CITIPEPLXXX,PAGO PROVEEDOR 02775,SHA
10002776,BENEFICIARIO 02776,001000002776,PEN,2036.98,BCPLPEPLXXX,PAGO PROVEEDOR 02776,OUR
10002777,BENEFICIARIO 02777,001000002777,PEN,2037.71,BINPPEPLXXX,PAGO PROVEEDOR 02777,BEN
10002778,BENEFICIARIO 02778,001000002778,PEN,2038.44,SCBLPEPLXXX,PAGO PROVEEDOR 02778,SHA
10002779,BENEFICIARIO 02779,001000002779,PEN,2039.17,CITIPEPLXXX,PAGO PROVEEDOR 02779,OUR
10002780,BENEFICIARIO 02780,001000002780,USD,2039.90,BCPLPEPLXXX,PAGO PROVEEDOR 02780,BEN
10002781,BENEFICIARIO 02781,001000002781,PEN,2040.63,BINPPEPLXXX,PAGO PROVEEDOR 02781,SHA
10002782,BENEFICIARIO 02782,001000002782,PEN,2041.36,SCBLPEPLXXX,PAGO PROVEEDOR 02782,OUR
10002783,BENEFICIARIO 02783,001000002783,PEN,2042.09,CITIPEPLXXX,PAGO PROVEEDOR 02783,BEN
10002784,BENEFICIARIO 02784,001000002784,PEN,2042.82,BCPLPEPLXXX,PAGO PROVEEDOR 02784,SHA
10002785,BENEFICIARIO 02785,001000002785,USD,2043.55,BINPPEPLXXX,PAGO PROVEEDOR 02785,OUR
10002786,BENEFICIARIO 02786,001000002786,PEN,2044.28,SCBLPEPLXXX,PAGO PROVEEDOR 02786,BEN
10002787,BENEFICIARIO 02787,001000002787,PEN,2045.01,CITIPEPLXXX,PAGO PROVEEDOR 02787,SHA
10002788,BENEFICIARIO 02788,001000002788,PEN,2045.74,BCPLPEPLXXX,PAGO PROVEEDOR 02788,OUR
10002789,BENEFICIARIO 02789,001000002789,PEN,2046.47,BINPPEPLXXX,PAGO PROVEEDOR 02789,BEN
10002790,BENEFICIARIO 02790,001000002790,USD,2047.20,SCBLPEPLXXX,PAGO PROVEEDOR 02790,SHA
10002791,BENEFICIARIO 02791,001000002791,PEN,2047.93,CITIPEPLXXX,PAGO PROVEEDOR 02791,OUR
10002792,BENEFICIARIO 02792,001000002792,PEN,2048.66,BCPLPEPLXXX,PAGO PROVEEDOR 02792,BEN
10002793,BENEFICIARIO 02793,001000002793,PEN,2049.39,BINPPEPLXXX,PAGO PROVEEDOR 02793,SHA
10002794,BENEFICIARIO 02794,001000002794,PEN,2050.12,SCBLPEPLXXX,PAGO PROVEEDOR 02794,OUR
10002795,BENEFICIARIO 02795,001000002795,USD,2050.85,CITIPEPLXXX,PAGO PROVEEDOR 02795,BEN
10002796,BENEFICIARIO 02796,001000002796,PEN,2051.58,BCPLPEPLXXX,PAGO PROVEEDOR 02796,SHA
10002797,BENEFICIARIO 02797,001000002797,PEN,2052.31,BINPPEPLXXX,PAGO PROVEEDOR 02797,OUR
10002798,BENEFICIARIO 02798,001000002798,PEN,2053.04,SCBLPEPLXXX,PAGO PROVEEDOR 02798,BEN
10002799,BENEFICIARIO 02799,001000002799,PEN,2053.77,CITIPEPLXXX,PAGO PROVEEDOR 02799,SHA
10002800,BENEFICIARIO 02800,001000002800,USD,2054.50,BCPLPEPLXXX,PAGO PROVEEDOR 02800,OUR
10002801,BENEFICIARIO 02801,001000002801,PEN,2055.23,BINPPEPLXXX,PAGO PROVEEDOR 02801,BEN
10002802,BENEFICIARIO 02802,001000002802,PEN,2055.96,SCBLPEPLXXX,PAGO PROVEEDOR 02802,SHA
10002803,BENEFICIARIO 02803,001000002803,PEN,2056.69,CITIPEPLXXX,PAGO PROVEEDOR 02803,OUR
10002804,BENEFICIARIO 02804,001000002804,PEN,2057.42,BCPLPEPLXXX,PAGO PROVEEDOR 02804,BEN
10002805,BENEFICIARIO 02805,001000002805,USD,2058.15,BINPPEPLXXX,PAGO PROVEEDOR 02805,SHA
10002806,BENEFICIARIO 02806,001000002806,PEN,2058.88,SCBLPEPLXXX,PAGO PROVEEDOR 02806,OUR
10002807,BENEFICIARIO 02807,001000002807,PEN,2059.61,CITIPEPLXXX,PAGO PROVEEDOR 02807,BEN
10002808,BENEFICIARIO 02808,001000002808,PEN,2060.34,BCPLPEPLXXX,PAGO PROVEEDOR 02808,SHA
10002809,BENEFICIARIO 02809,001000002809,PEN,2061.07,BINPPEPLXXX,PAGO PROVEEDOR 02809,OUR
10002810,BENEFICIARIO 02810,001000002810,USD,2061.80,SCBLPEPLXXX,PAGO PROVEEDOR 02810,BEN
10002811,BENEFICIARIO 02811,001000002811,PEN,2062.53,CITIPEPLXXX,PAGO PROVEEDOR 02811,SHA
10002812,BENEFICIARIO 02812,001000002812,PEN,2063.26,BCPLPEPLXXX,PAGO PROVEEDOR 02812,OUR
10002813,BENEFICIARIO 02813,001000002813,PEN,2063.99,BINPPEPLXXX,PAGO PROVEEDOR 02813,BEN
10002814,BENEFICIARIO 02814,001000002814,PEN,2064.72,SCBLPEPLXXX,PAGO PROVEEDOR 02814,SHA
10002815,BENEFICIARIO 02815,001000002815,USD,2065.45,CITIPEPLXXX,PAGO PROVEEDOR 02815,OUR
10002816,BENEFICIARIO 02816,001000002816,PEN,2066.18,BCPLPEPLXXX,PAGO PROVEEDOR 02816,BEN
10002817,BENEFICIARIO 02817,001000002817,PEN,2066.91,BINPPEPLXXX,PAGO PROVEEDOR 02817,SHA
10002818,BENEFICIARIO 02818,001000002818,PEN,2067.64,SCBLPEPLXXX,PAGO PROVEEDOR 02818,OUR
10002819,BENEFICIARIO 02819,001000002819,PEN,2068.37,CITIPEPLXXX,PAGO PROVEEDOR 02819,BEN
10002820,BENEFICIARIO 02820,001000002820,USD,2069.10,BCPLPEPLXXX,PAGO PROVEEDOR 02820,SHA
10002821,BENEFICIARIO 02821,001000002821,PEN,2069.83,BINPPEPLXXX,PAGO PROVEEDOR 02821,OUR
10002822,BENEFICIARIO 02822,001000002822,PEN,2070.56,SCBLPEPLXXX,PAGO PROVEEDOR 02822,BEN
10002823,BENEFICIARIO 02823,001000002823,PEN,2071.29,CITIPEPLXXX,PAGO PROVEEDOR 02823,SHA
10002824,BENEFICIARIO 02824,001000002824,PEN,2072.02,BCPLPEPLXXX,PAGO PROVEEDOR 02824,OUR
10002825,BENEFICIARIO 02825,001000002825,USD,2072.75,BINPPEPLXXX,PAGO PROVEEDOR 02825,BEN
10002826,BENEFICIARIO 02826,001000002826,PEN,2073.48,SCBLPEPLXXX,PAGO PROVEEDOR 02826,SHA
10002827,BENEFICIARIO 02827,001000002827,PEN,2074.21,CITIPEPLXXX,PAGO PROVEEDOR 02827,OUR
10002828,BENEFICIARIO 02828,001000002828,PEN,2074.94,BCPLPEPLXXX,PAGO PROVEEDOR 02828,BEN
10002829,BENEFICIARIO 02829,001000002829,PEN,2075.67,BINPPEPLXXX,PAGO PROVEEDOR 02829,SHA
10002830,BENEFICIARIO 02830,001000002830,USD,2076.40,SCBLPEPLXXX,PAGO PROVEEDOR 02830,OUR
10002831,BENEFICIARIO 02831,001000002831,PEN,2077.13,CITIPEPLXXX,PAGO PROVEEDOR 02831,BEN
10002832,BENEFICIARIO 02832,001000002832,PEN,2077.86,BCPLPEPLXXX,PAGO PROVEEDOR 02832,SHA
10002833,BENEFICIARIO 02833,001000002833,PEN,2078.59,BINPPEPLXXX,PAGO PROVEEDOR 02833,OUR
10002834,BENEFICIARIO 02834,001000002834,PEN,2079.32,SCBLPEPLXXX,PAGO PROVEEDOR 02834,BEN
10002835,BENEFICIARIO 02835,001000002835,USD,2080.05,CITIPEPLXXX,PAGO PROVEEDOR 02835,SHA
10002836,BENEFICIARIO 02836,001000002836,PEN,2080.78,BCPLPEPLXXX,PAGO PROVEEDOR 02836,OUR
10002837,BENEFICIARIO 02837,001000002837,PEN,2081.51,BINPPEPLXXX,PAGO PROVEEDOR 02837,BEN
10002838,BENEFICIARIO 02838,001000002838,PEN,2082.24,SCBLPEPLXXX,PAGO PROVEEDOR 02838,SHA
10002839,BENEFICIARIO 02839,001000002839,PEN,2082.97,CITIPEPLXXX,PAGO PROVEEDOR 02839,OUR
10002840,BENEFICIARIO 02840,001000002840,USD,2083.70,BCPLPEPLXXX,PAGO PROVEEDOR 02840,BEN
10002841,BENEFICIARIO 02841,001000002841,PEN,2084.43,BINPPEPLXXX,PAGO PROVEEDOR 02841,SHA
10002842,BENEFICIARIO 02842,001000002842,PEN,2085.16,SCBLPEPLXXX,PAGO PROVEEDOR 02842,OUR
10002843,BENEFICIARIO 02843,001000002843,PEN,2085.89,CITIPEPLXXX,PAGO PROVEEDOR 02843,BEN
10002844,BENEFICIARIO 02844,001000002844,PEN,2086.62,BCPLPEPLXXX,PAGO PROVEEDOR 02844,SHA
10002845,BENEFICIARIO 02845,001000002845,USD,2087.35,BINPPEPLXXX,PAGO PROVEEDOR 02845,OUR
10002846,BENEFICIARIO 02846,001000002846,PEN,2088.08,SCBLPEPLXXX,PAGO PROVEEDOR 02846,BEN
10002847,BENEFICIARIO 02847,001000002847,PEN,2088.81,CITIPEPLXXX,PAGO PROVEEDOR 02847,SHA
10002848,BENEFICIARIO 02848,001000002848,PEN,2089.54,BCPLPEPLXXX,PAGO PROVEEDOR 02848,OUR
10002849,BENEFICIARIO 02849,001000002849,PEN,2090.27,BINPPEPLXXX,PAGO PROVEEDOR 02849,BEN
10002850,BENEFICIARIO 02850,001000002850,USD,2091.00,SCBLPEPLXXX,PAGO PROVEEDOR 02850,SHA
10002851,BENEFICIARIO 02851,001000002851,PEN,2091.73,CITIPEPLXXX,PAGO PROVEEDOR 02851,OUR
10002852,BENEFICIARIO 02852,001000002852,PEN,2092.46,BCPLPEPLXXX,PAGO PROVEEDOR 02852,BEN
10002853,BENEFICIARIO 02853,001000002853,PEN,2093.19,BINPPEPLXXX,PAGO PROVEEDOR 02853,SHA
10002854,BENEFICIARIO 02854,001000002854,PEN,2093.92,SCBLPEPLXXX,PAGO PROVEEDOR 02854,OUR
10002855,BENEFICIARIO 02855,001000002855,USD,2094.65,CITIPEPLXXX,PAGO PROVEEDOR 02855,BEN
10002856,BENEFICIARIO 02856,001000002856,PEN,2095.38,BCPLPEPLXXX,PAGO PROVEEDOR 02856,SHA
10002857,BENEFICIARIO 02857,001000002857,PEN,2096.11,BINPPEPLXXX,PAGO PROVEEDOR 02857,OUR
10002858,BENEFICIARIO 02858,001000002858,PEN,2096.84,SCBLPEPLXXX,PAGO PROVEEDOR 02858,BEN
10002859,BENEFICIARIO 02859,001000002859,PEN,2097.57,CITIPEPLXXX,PAGO PROVEEDOR 02859,SHA
10002860,BENEFICIARIO 02860,001000002860,USD,2098.30,BCPLPEPLXXX,PAGO PROVEEDOR 02860,OUR
10002861,BENEFICIARIO 02861,001000002861,PEN,2099.03,BINPPEPLXXX,PAGO PROVEEDOR 02861,BEN
10002862,BENEFICIARIO 02862,001000002862,PEN,2099.76,SCBLPEPLXXX,PAGO PROVEEDOR 02862,SHA
10002863,BENEFICIARIO 02863,001000002863,PEN,2100.49,CITIPEPLXXX,PAGO PROVEEDOR 02863,OUR
10002864,BENEFICIARIO 02864,001000002864,PEN,2101.22,BCPLPEPLXXX,PAGO PROVEEDOR 02864,BEN
10002865,BENEFICIARIO 02865,001000002865,USD,2101.95,BINPPEPLXXX,PAGO PROVEEDOR 02865,SHA
10002866,BENEFICIARIO 02866,001000002866,PEN,2102.68,SCBLPEPLXXX,PAGO PROVEEDOR 02866,OUR
10002867,BENEFICIARIO 02867,001000002867,PEN,2103.41,CITIPEPLXXX,PAGO PROVEEDOR 02867,BEN
10002868,BENEFICIARIO 02868,001000002868,PEN,2104.14,BCPLPEPLXXX,PAGO PROVEEDOR 02868,SHA
10002869,BENEFICIARIO 02869,001000002869,PEN,2104.87,BINPPEPLXXX,PAGO PROVEEDOR 02869,OUR
10002870,BENEFICIARIO 02870,001000002870,USD,2105.60,SCBLPEPLXXX,PAGO PROVEEDOR 02870,BEN
10002871,BENEFICIARIO 02871,001000002871,PEN,2106.33,CITIPEPLXXX,PAGO PROVEEDOR 02871,SHA
10002872,BENEFICIARIO 02872,001000002872,PEN,2107.06,BCPLPEPLXXX,PAGO PROVEEDOR 02872,OUR
10002873,BENEFICIARIO 02873,001000002873,PEN,2107.79,BINPPEPLXXX,PAGO PROVEEDOR 02873,BEN
10002874,BENEFICIARIO 02874,001000002874,PEN,2108.52,SCBLPEPLXXX,PAGO PROVEEDOR 02874,SHA
10002875,BENEFICIARIO 02875,001000002875,USD,2109.25,CITIPEPLXXX,PAGO PROVEEDOR 02875,OUR
10002876,BENEFICIARIO 02876,001000002876,PEN,2109.98,BCPLPEPLXXX,PAGO PROVEEDOR 02876,BEN
10002877,BENEFICIARIO 02877,001000002877,PEN,2110.71,BINPPEPLXXX,PAGO PROVEEDOR 02877,SHA
10002878,BENEFICIARIO 02878,001000002878,PEN,2111.44,SCBLPEPLXXX,PAGO PROVEEDOR 02878,OUR
10002879,BENEFICIARIO 02879,001000002879,PEN,2112.17,CITIPEPLXXX,PAGO PROVEEDOR 02879,BEN
10002880,BENEFICIARIO 02880,001000002880,USD,2112.90,BCPLPEPLXXX,PAGO PROVEEDOR 02880,SHA
10002881,BENEFICIARIO 02881,001000002881,PEN,2113.63,BINPPEPLXXX,PAGO PROVEEDOR 02881,OUR
10002882,BENEFICIARIO 02882,001000002882,PEN,2114.36,SCBLPEPLXXX,PAGO PROVEEDOR 02882,BEN
10002883,BENEFICIARIO 02883,001000002883,PEN,2115.09,CITIPEPLXXX,PAGO PROVEEDOR 02883,SHA
10002884,BENEFICIARIO 02884,001000002884,PEN,2115.82,BCPLPEPLXXX,PAGO PROVEEDOR 02884,OUR
10002885,BENEFICIARIO 02885,001000002885,USD,2116.55,BINPPEPLXXX,PAGO PROVEEDOR 02885,BEN
10002886,BENEFICIARIO 02886,001000002886,PEN,2117.28,SCBLPEPLXXX,PAGO PROVEEDOR 02886,SHA
10002887,BENEFICIARIO 02887,001000002887,PEN,2118.01,CITIPEPLXXX,PAGO PROVEEDOR 02887,OUR
10002888,BENEFICIARIO 02888,001000002888,PEN,2118.74,BCPLPEPLXXX,PAGO PROVEEDOR 02888,BEN
10002889,BENEFICIARIO 02889,001000002889,PEN,2119.47,BINPPEPLXXX,PAGO PROVEEDOR 02889,SHA
10002890,BENEFICIARIO 02890,001000002890,USD,2120.20,SCBLPEPLXXX,PAGO PROVEEDOR 02890,OUR
10002891,BENEFICIARIO 02891,001000002891,PEN,2120.93,CITIPEPLXXX,PAGO PROVEEDOR 02891,BEN
10002892,BENEFICIARIO 02892,001000002892,PEN,2121.66,BCPLPEPLXXX,PAGO PROVEEDOR 02892,SHA
10002893,BENEFICIARIO 02893,001000002893,PEN,2122.39,BINPPEPLXXX,PAGO PROVEEDOR 02893,OUR
10002894,BENEFICIARIO 02894,001000002894,PEN,2123.12,SCBLPEPLXXX,PAGO PROVEEDOR 02894,BEN
10002895,BENEFICIARIO 02895,001000002895,USD,2123.85,CITIPEPLXXX,PAGO PROVEEDOR 02895,SHA
10002896,BENEFICIARIO 02896,001000002896,PEN,2124.58,BCPLPEPLXXX,PAGO PROVEEDOR 02896,OUR
10002897,BENEFICIARIO 02897,001000002897,PEN,2125.31,BINPPEPLXXX,PAGO PROVEEDOR 02897,BEN
10002898,BENEFICIARIO 02898,001000002898,PEN,2126.04,SCBLPEPLXXX,PAGO PROVEEDOR 02898,SHA
10002899,BENEFICIARIO 02899,001000002899,PEN,2126.77,CITIPEPLXXX,PAGO PROVEEDOR 02899,OUR
10002900,BENEFICIARIO 02900,001000002900,USD,2127.50,BCPLPEPLXXX,PAGO PROVEEDOR 02900,BEN
10002901,BENEFICIARIO 02901,001000002901,PEN,2128.23,BINPPEPLXXX,PAGO PROVEEDOR 02901,SHA
10002902,BENEFICIARIO 02902,001000002902,PEN,2128.96,SCBLPEPLXXX,PAGO PROVEEDOR 02902,OUR
10002903,BENEFICIARIO 02903,001000002903,PEN,2129.69,CITIPEPLXXX,PAGO PROVEEDOR 02903,BEN
10002904,BENEFICIARIO 02904,001000002904,PEN,2130.42,BCPLPEPLXXX,PAGO PROVEEDOR 02904,SHA
10002905,BENEFICIARIO 02905,001000002905,USD,2131.15,BINPPEPLXXX,PAGO PROVEEDOR 02905,OUR
10002906,BENEFICIARIO 02906,001000002906,PEN,2131.88,SCBLPEPLXXX,PAGO PROVEEDOR 02906,BEN
10002907,BENEFICIARIO 02907,001000002907,PEN,2132.61,CITIPEPLXXX,PAGO PROVEEDOR 02907,SHA
10002908,BENEFICIARIO 02908,001000002908,PEN,2133.34,BCPLPEPLXXX,PAGO PROVEEDOR 02908,OUR
10002909,BENEFICIARIO 02909,001000002909,PEN,2134.07,BINPPEPLXXX,PAGO PROVEEDOR 02909,BEN
10002910,BENEFICIARIO 02910,001000002910,USD,2134.80,SCBLPEPLXXX,PAGO PROVEEDOR 02910,SHA
10002911,BENEFICIARIO 02911,001000002911,PEN,2135.53,CITIPEPLXXX,PAGO PROVEEDOR 02911,OUR
10002912,BENEFICIARIO 02912,001000002912,PEN,2136.26,BCPLPEPLXXX,PAGO PROVEEDOR 02912,BEN
10002913,BENEFICIARIO 02913,001000002913,PEN,2136.99,BINPPEPLXXX,PAGO PROVEEDOR 02913,SHA
10002914,BENEFICIARIO 02914,001000002914,PEN,2137.72,SCBLPEPLXXX,PAGO PROVEEDOR 02914,OUR
10002915,BENEFICIARIO 02915,001000002915,USD,2138.45,CITIPEPLXXX,PAGO PROVEEDOR 02915,BEN
10002916,BENEFICIARIO 02916,001000002916,PEN,2139.18,BCPLPEPLXXX,PAGO PROVEEDOR 02916,SHA
10002917,BENEFICIARIO 02917,001000002917,PEN,2139.91,BINPPEPLXXX,PAGO PROVEEDOR 02917,OUR
10002918,BENEFICIARIO 02918,001000002918,PEN,2140.64,SCBLPEPLXXX,PAGO PROVEEDOR 02918,BEN
10002919,BENEFICIARIO 02919,001000002919,PEN,2141.37,CITIPEPLXXX,PAGO PROVEEDOR 02919,SHA
10002920,BENEFICIARIO 02920,001000002920,USD,2142.10,BCPLPEPLXXX,PAGO PROVEEDOR 02920,OUR
10002921,BENEFICIARIO 02921,001000002921,PEN,2142.83,BINPPEPLXXX,PAGO PROVEEDOR 02921,BEN
10002922,BENEFICIARIO 02922,001000002922,PEN,2143.56,SCBLPEPLXXX,PAGO PROVEEDOR 02922,SHA
10002923,BENEFICIARIO 02923,001000002923,PEN,2144.29,CITIPEPLXXX,PAGO PROVEEDOR 02923,OUR
10002924,BENEFICIARIO 02924,001000002924,PEN,2145.02,BCPLPEPLXXX,PAGO PROVEEDOR 02924,BEN
10002925,BENEFICIARIO 02925,001000002925,USD,2145.75,BINPPEPLXXX,PAGO PROVEEDOR 02925,SHA
10002926,BENEFICIARIO 02926,001000002926,PEN,2146.48,SCBLPEPLXXX,PAGO PROVEEDOR 02926,OUR
10002927,BENEFICIARIO 02927,001000002927,PEN,2147.21,CITIPEPLXXX,PAGO PROVEEDOR 02927,BEN
10002928,BENEFICIARIO 02928,001000002928,PEN,2147.94,BCPLPEPLXXX,PAGO PROVEEDOR 02928,SHA
10002929,BENEFICIARIO 02929,001000002929,PEN,2148.67,BINPPEPLXXX,PAGO PROVEEDOR 02929,OUR
10002930,BENEFICIARIO 02930,001000002930,USD,2149.40,SCBLPEPLXXX,PAGO PROVEEDOR 02930,BEN
10002931,BENEFICIARIO 02931,001000002931,PEN,2150.13,CITIPEPLXXX,PAGO PROVEEDOR 02931,SHA
10002932,BENEFICIARIO 02932,001000002932,PEN,2150.86,BCPLPEPLXXX,PAGO PROVEEDOR 02932,OUR
10002933,BENEFICIARIO 02933,001000002933,PEN,2151.59,BINPPEPLXXX,PAGO PROVEEDOR 02933,BEN
10002934,BENEFICIARIO 02934,001000002934,PEN,2152.32,SCBLPEPLXXX,PAGO PROVEEDOR 02934,SHA
10002935,BENEFICIARIO 02935,001000002935,USD,2153.05,CITIPEPLXXX,PAGO PROVEEDOR 02935,OUR
10002936,BENEFICIARIO 02936,001000002936,PEN,2153.78,BCPLPEPLXXX,PAGO PROVEEDOR 02936,BEN
10002937,BENEFICIARIO 02937,001000002937,PEN,2154.51,BINPPEPLXXX,PAGO PROVEEDOR 02937,SHA
10002938,BENEFICIARIO 02938,001000002938,PEN,2155.24,SCBLPEPLXXX,PAGO PROVEEDOR 02938,OUR
10002939,BENEFICIARIO 02939,001000002939,PEN,2155.97,CITIPEPLXXX,PAGO PROVEEDOR 02939,BEN
10002940,BENEFICIARIO 02940,001000002940,USD,2156.70,BCPLPEPLXXX,PAGO PROVEEDOR 02940,SHA
10002941,BENEFICIARIO 02941,001000002941,PEN,2157.43,BINPPEPLXXX,PAGO PROVEEDOR 02941,OUR
10002942,BENEFICIARIO 02942,001000002942,PEN,2158.16,SCBLPEPLXXX,PAGO PROVEEDOR 02942,BEN
10002943,BENEFICIARIO 02943,001000002943,PEN,2158.89,CITIPEPLXXX,PAGO PROVEEDOR 02943,SHA
10002944,BENEFICIARIO 02944,001000002944,PEN,2159.62,BCPLPEPLXXX,PAGO PROVEEDOR 02944,OUR
10002945,BENEFICIARIO 02945,001000002945,USD,2160.35,BINPPEPLXXX,PAGO PROVEEDOR 02945,BEN
10002946,BENEFICIARIO 02946,001000002946,PEN,2161.08,SCBLPEPLXXX,PAGO PROVEEDOR 02946,SHA
10002947,BENEFICIARIO 02947,001000002947,PEN,2161.81,CITIPEPLXXX,PAGO PROVEEDOR 02947,OUR
10002948,BENEFICIARIO 02948,001000002948,PEN,2162.54,BCPLPEPLXXX,PAGO PROVEEDOR 02948,BEN
10002949,BENEFICIARIO 02949,001000002949,PEN,2163.27,BINPPEPLXXX,PAGO PROVEEDOR 02949,SHA
10002950,BENEFICIARIO 02950,001000002950,USD,2164.00,SCBLPEPLXXX,PAGO PROVEEDOR 02950,OUR
10002951,BENEFICIARIO 02951,001000002951,PEN,2164.73,CITIPEPLXXX,PAGO PROVEEDOR 02951,BEN
10002952,BENEFICIARIO 02952,001000002952,PEN,2165.46,BCPLPEPLXXX,PAGO PROVEEDOR 02952,SHA
10002953,BENEFICIARIO 02953,001000002953,PEN,2166.19,BINPPEPLXXX,PAGO PROVEEDOR 02953,OUR
10002954,BENEFICIARIO 02954,001000002954,PEN,2166.92,SCBLPEPLXXX,PAGO PROVEEDOR 02954,BEN
10002955,BENEFICIARIO 02955,001000002955,USD,2167.65,CITIPEPLXXX,PAGO PROVEEDOR 02955,SHA
10002956,BENEFICIARIO 02956,001000002956,PEN,2168.38,BCPLPEPLXXX,PAGO PROVEEDOR 02956,OUR
10002957,BENEFICIARIO 02957,001000002957,PEN,2169.11,BINPPEPLXXX,PAGO PROVEEDOR 02957,BEN
10002958,BENEFICIARIO 02958,001000002958,PEN,2169.84,SCBLPEPLXXX,PAGO PROVEEDOR 02958,SHA
10002959,BENEFICIARIO 02959,001000002959,PEN,2170.57,CITIPEPLXXX,PAGO PROVEEDOR 02959,OUR
10002960,BENEFICIARIO 02960,001000002960,USD,2171.30,BCPLPEPLXXX,PAGO PROVEEDOR 02960,BEN
10002961,BENEFICIARIO 02961,001000002961,PEN,2172.03,BINPPEPLXXX,PAGO PROVEEDOR 02961,SHA
10002962,BENEFICIARIO 02962,001000002962,PEN,2172.76,SCBLPEPLXXX,PAGO PROVEEDOR 02962,OUR
10002963,BENEFICIARIO 02963,001000002963,PEN,2173.49,CITIPEPLXXX,PAGO PROVEEDOR 02963,BEN
10002964,BENEFICIARIO 02964,001000002964,PEN,2174.22,BCPLPEPLXXX,PAGO PROVEEDOR 02964,SHA
10002965,BENEFICIARIO 02965,001000002965,USD,2174.95,BINPPEPLXXX,PAGO PROVEEDOR 02965,OUR
10002966,BENEFICIARIO 02966,001000002966,PEN,2175.68,SCBLPEPLXXX,PAGO PROVEEDOR 02966,BEN
10002967,BENEFICIARIO 02967,001000002967,PEN,2176.41,CITIPEPLXXX,PAGO PROVEEDOR 02967,SHA
10002968,BENEFICIARIO 02968,001000002968,PEN,2177.14,BCPLPEPLXXX,PAGO PROVEEDOR 02968,OUR
10002969,BENEFICIARIO 02969,001000002969,PEN,2177.87,BINPPEPLXXX,PAGO PROVEEDOR 02969,BEN
10002970,BENEFICIARIO 02970,001000002970,USD,2178.60,SCBLPEPLXXX,PAGO PROVEEDOR 02970,SHA
10002971,BENEFICIARIO 02971,001000002971,PEN,2179.33,CITIPEPLXXX,PAGO PROVEEDOR 02971,OUR
10002972,BENEFICIARIO 02972,001000002972,PEN,2180.06,BCPLPEPLXXX,PAGO PROVEEDOR 02972,BEN
10002973,BENEFICIARIO 02973,001000002973,PEN,2180.79,BINPPEPLXXX,PAGO PROVEEDOR 02973,SHA
10002974,BENEFICIARIO 02974,001000002974,PEN,2181.52,SCBLPEPLXXX,PAGO PROVEEDOR 02974,OUR
10002975,BENEFICIARIO 02975,001000002975,USD,2182.25,CITIPEPLXXX,PAGO PROVEEDOR 02975,BEN
10002976,BENEFICIARIO 02976,001000002976,PEN,2182.98,BCPLPEPLXXX,PAGO PROVEEDOR 02976,SHA
10002977,BENEFICIARIO 02977,001000002977,PEN,2183.71,BINPPEPLXXX,PAGO PROVEEDOR 02977,OUR
10002978,BENEFICIARIO 02978,001000002978,PEN,2184.44,SCBLPEPLXXX,PAGO PROVEEDOR 02978,BEN
10002979,BENEFICIARIO 02979,001000002979,PEN,2185.17,CITIPEPLXXX,PAGO PROVEEDOR 02979,SHA
10002980,BENEFICIARIO 02980,001000002980,USD,2185.90,BCPLPEPLXXX,PAGO PROVEEDOR 02980,OUR
10002981,BENEFICIARIO 02981,001000002981,PEN,2186.63,BINPPEPLXXX,PAGO PROVEEDOR 02981,BEN
10002982,BENEFICIARIO 02982,001000002982,PEN,2187.36,SCBLPEPLXXX,PAGO PROVEEDOR 02982,SHA
10002983,BENEFICIARIO 02983,001000002983,PEN,2188.09,CITIPEPLXXX,PAGO PROVEEDOR 02983,OUR
10002984,BENEFICIARIO 02984,001000002984,PEN,2188.82,BCPLPEPLXXX,PAGO PROVEEDOR 02984,BEN
10002985,BENEFICIARIO 02985,001000002985,USD,2189.55,BINPPEPLXXX,PAGO PROVEEDOR 02985,SHA
10002986,BENEFICIARIO 02986,001000002986,PEN,2190.28,SCBLPEPLXXX,PAGO PROVEEDOR 02986,OUR
10002987,BENEFICIARIO 02987,001000002987,PEN,2191.01,CITIPEPLXXX,PAGO PROVEEDOR 02987,BEN
10002988,BENEFICIARIO 02988,001000002988,PEN,2191.74,BCPLPEPLXXX,PAGO PROVEEDOR 02988,SHA
10002989,BENEFICIARIO 02989,001000002989,PEN,2192.47,BINPPEPLXXX,PAGO PROVEEDOR 02989,OUR
10002990,BENEFICIARIO 02990,001000002990,USD,2193.20,SCBLPEPLXXX,PAGO PROVEEDOR 02990,BEN
10002991,BENEFICIARIO 02991,001000002991,PEN,2193.93,CITIPEPLXXX,PAGO PROVEEDOR 02991,SHA
10002992,BENEFICIARIO 02992,001000002992,PEN,2194.66,BCPLPEPLXXX,PAGO PROVEEDOR 02992,OUR
10002993,BENEFICIARIO 02993,001000002993,PEN,2195.39,BINPPEPLXXX,PAGO PROVEEDOR 02993,BEN
10002994,BENEFICIARIO 02994,001000002994,PEN,2196.12,SCBLPEPLXXX,PAGO PROVEEDOR 02994,SHA
10002995,BENEFICIARIO 02995,001000002995,USD,2196.85,CITIPEPLXXX,PAGO PROVEEDOR 02995,OUR
10002996,BENEFICIARIO 02996,001000002996,PEN,2197.58,BCPLPEPLXXX,PAGO PROVEEDOR 02996,BEN
10002997,BENEFICIARIO 02997,001000002997,PEN,2198.31,BINPPEPLXXX,PAGO PROVEEDOR 02997,SHA
10002998,BENEFICIARIO 02998,001000002998,PEN,2199.04,SCBLPEPLXXX,PAGO PROVEEDOR 02998,OUR
10002999,BENEFICIARIO 02999,001000002999,PEN,2199.77,CITIPEPLXXX,PAGO PROVEEDOR 02999,BEN
10003000,BENEFICIARIO 03000,001000003000,USD,2200.50,BCPLPEPLXXX,PAGO PROVEEDOR 03000,SHA
10003001,BENEFICIARIO 03001,001000003001,PEN,2201.23,BINPPEPLXXX,PAGO PROVEEDOR 03001,OUR
10003002,BENEFICIARIO 03002,001000003002,PEN,2201.96,SCBLPEPLXXX,PAGO PROVEEDOR 03002,BEN
10003003,BENEFICIARIO 03003,001000003003,PEN,2202.69,CITIPEPLXXX,PAGO PROVEEDOR 03003,SHA
10003004,BENEFICIARIO 03004,001000003004,PEN,2203.42,BCPLPEPLXXX,PAGO PROVEEDOR 03004,OUR
10003005,BENEFICIARIO 03005,001000003005,USD,2204.15,BINPPEPLXXX,PAGO PROVEEDOR 03005,BEN
10003006,BENEFICIARIO 03006,001000003006,PEN,2204.88,SCBLPEPLXXX,PAGO PROVEEDOR 03006,SHA
10003007,BENEFICIARIO 03007,001000003007,PEN,2205.61,CITIPEPLXXX,PAGO PROVEEDOR 03007,OUR
10003008,BENEFICIARIO 03008,001000003008,PEN,2206.34,BCPLPEPLXXX,PAGO PROVEEDOR 03008,BEN
10003009,BENEFICIARIO 03009,001000003009,PEN,2207.07,BINPPEPLXXX,PAGO PROVEEDOR 03009,SHA
10003010,BENEFICIARIO 03010,001000003010,USD,2207.80,SCBLPEPLXXX,PAGO PROVEEDOR 03010,OUR
10003011,BENEFICIARIO 03011,001000003011,PEN,2208.53,CITIPEPLXXX,PAGO PROVEEDOR 03011,BEN
10003012,BENEFICIARIO 03012,001000003012,PEN,2209.26,BCPLPEPLXXX,PAGO PROVEEDOR 03012,SHA
10003013,BENEFICIARIO 03013,001000003013,PEN,2209.99,BINPPEPLXXX,PAGO PROVEEDOR 03013,OUR
10003014,BENEFICIARIO 03014,001000003014,PEN,2210.72,SCBLPEPLXXX,PAGO PROVEEDOR 03014,BEN
10003015,BENEFICIARIO 03015,001000003015,USD,2211.45,CITIPEPLXXX,PAGO PROVEEDOR 03015,SHA
10003016,BENEFICIARIO 03016,001000003016,PEN,2212.18,BCPLPEPLXXX,PAGO PROVEEDOR 03016,OUR
10003017,BENEFICIARIO 03017,001000003017,PEN,2212.91,BINPPEPLXXX,PAGO PROVEEDOR 03017,BEN
10003018,BENEFICIARIO 03018,001000003018,PEN,2213.64,SCBLPEPLXXX,PAGO PROVEEDOR 03018,SHA
10003019,BENEFICIARIO 03019,001000003019,PEN,2214.37,CITIPEPLXXX,PAGO PROVEEDOR 03019,OUR
10003020,BENEFICIARIO 03020,001000003020,USD,2215.10,BCPLPEPLXXX,PAGO PROVEEDOR 03020,BEN
10003021,BENEFICIARIO 03021,001000003021,PEN,2215.83,BINPPEPLXXX,PAGO PROVEEDOR 03021,SHA
10003022,BENEFICIARIO 03022,001000003022,PEN,2216.56,SCBLPEPLXXX,PAGO PROVEEDOR 03022,OUR
10003023,BENEFICIARIO 03023,001000003023,PEN,2217.29,CITIPEPLXXX,PAGO PROVEEDOR 03023,BEN
10003024,BENEFICIARIO 03024,001000003024,PEN,2218.02,BCPLPEPLXXX,PAGO PROVEEDOR 03024,SHA
10003025,BENEFICIARIO 03025,001000003025,USD,2218.75,BINPPEPLXXX,PAGO PROVEEDOR 03025,OUR
10003026,BENEFICIARIO 03026,001000003026,PEN,2219.48,SCBLPEPLXXX,PAGO PROVEEDOR 03026,BEN
10003027,BENEFICIARIO 03027,001000003027,PEN,2220.21,CITIPEPLXXX,PAGO PROVEEDOR 03027,SHA
10003028,BENEFICIARIO 03028,001000003028,PEN,2220.94,BCPLPEPLXXX,PAGO PROVEEDOR 03028,OUR
10003029,BENEFICIARIO 03029,001000003029,PEN,2221.67,BINPPEPLXXX,PAGO PROVEEDOR 03029,BEN
10003030,BENEFICIARIO 03030,001000003030,USD,2222.40,SCBLPEPLXXX,PAGO PROVEEDOR 03030,SHA
10003031,BENEFICIARIO 03031,001000003031,PEN,2223.13,CITIPEPLXXX,PAGO PROVEEDOR 03031,OUR
10003032,BENEFICIARIO 03032,001000003032,PEN,2223.86,BCPLPEPLXXX,PAGO PROVEEDOR 03032,BEN
10003033,BENEFICIARIO 03033,001000003033,PEN,2224.59,BINPPEPLXXX,PAGO PROVEEDOR 03033,SHA
10003034,BENEFICIARIO 03034,001000003034,PEN,2225.32,SCBLPEPLXXX,PAGO PROVEEDOR 03034,OUR
10003035,BENEFICIARIO 03035,001000003035,USD,2226.05,CITIPEPLXXX,PAGO PROVEEDOR 03035,BEN
10003036,BENEFICIARIO 03036,001000003036,PEN,2226.78,BCPLPEPLXXX,PAGO PROVEEDOR 03036,SHA
10003037,BENEFICIARIO 03037,001000003037,PEN,2227.51,BINPPEPLXXX,PAGO PROVEEDOR 03037,OUR
10003038,BENEFICIARIO 03038,001000003038,PEN,2228.24,SCBLPEPLXXX,PAGO PROVEEDOR 03038,BEN
10003039,BENEFICIARIO 03039,001000003039,PEN,2228.97,CITIPEPLXXX,PAGO PROVEEDOR 03039,SHA
10003040,BENEFICIARIO 03040,001000003040,USD,2229.70,BCPLPEPLXXX,PAGO PROVEEDOR 03040,OUR
10003041,BENEFICIARIO 03041,001000003041,PEN,2230.43,BINPPEPLXXX,PAGO PROVEEDOR 03041,BEN
10003042,BENEFICIARIO 03042,001000003042,PEN,2231.16,SCBLPEPLXXX,PAGO PROVEEDOR 03042,SHA
10003043,BENEFICIARIO 03043,001000003043,PEN,2231.89,CITIPEPLXXX,PAGO PROVEEDOR 03043,OUR
10003044,BENEFICIARIO 03044,001000003044,PEN,2232.62,BCPLPEPLXXX,PAGO PROVEEDOR 03044,BEN
10003045,BENEFICIARIO 03045,001000003045,USD,2233.35,BINPPEPLXXX,PAGO PROVEEDOR 03045,SHA
10003046,BENEFICIARIO 03046,001000003046,PEN,2234.08,SCBLPEPLXXX,PAGO PROVEEDOR 03046,OUR
10003047,BENEFICIARIO 03047,001000003047,PEN,2234.81,CITIPEPLXXX,PAGO PROVEEDOR 03047,BEN
10003048,BENEFICIARIO 03048,001000003048,PEN,2235.54,BCPLPEPLXXX,PAGO PROVEEDOR 03048,SHA
10003049,BENEFICIARIO 03049,001000003049,PEN,2236.27,BINPPEPLXXX,PAGO PROVEEDOR 03049,OUR
10003050,BENEFICIARIO 03050,001000003050,USD,2237.00,SCBLPEPLXXX,PAGO PROVEEDOR 03050,BEN
10003051,BENEFICIARIO 03051,001000003051,PEN,2237.73,CITIPEPLXXX,PAGO PROVEEDOR 03051,SHA
10003052,BENEFICIARIO 03052,001000003052,PEN,2238.46,BCPLPEPLXXX,PAGO PROVEEDOR 03052,OUR
10003053,BENEFICIARIO 03053,001000003053,PEN,2239.19,BINPPEPLXXX,PAGO PROVEEDOR 03053,BEN
10003054,BENEFICIARIO 03054,001000003054,PEN,2239.92,SCBLPEPLXXX,PAGO PROVEEDOR 03054,SHA
10003055,BENEFICIARIO 03055,001000003055,USD,2240.65,CITIPEPLXXX,PAGO PROVEEDOR 03055,OUR
10003056,BENEFICIARIO 03056,001000003056,PEN,2241.38,BCPLPEPLXXX,PAGO PROVEEDOR 03056,BEN
10003057,BENEFICIARIO 03057,001000003057,PEN,2242.11,BINPPEPLXXX,PAGO PROVEEDOR 03057,SHA
10003058,BENEFICIARIO 03058,001000003058,PEN,2242.84,SCBLPEPLXXX,PAGO PROVEEDOR 03058,OUR
10003059,BENEFICIARIO 03059,001000003059,PEN,2243.57,CITIPEPLXXX,PAGO PROVEEDOR 03059,BEN
10003060,BENEFICIARIO 03060,001000003060,USD,2244.30,BCPLPEPLXXX,PAGO PROVEEDOR 03060,SHA
10003061,BENEFICIARIO 03061,001000003061,PEN,2245.03,BINPPEPLXXX,PAGO PROVEEDOR 03061,OUR
10003062,BENEFICIARIO 03062,001000003062,PEN,2245.76,SCBLPEPLXXX,PAGO PROVEEDOR 03062,BEN
10003063,BENEFICIARIO 03063,001000003063,PEN,2246.49,CITIPEPLXXX,PAGO PROVEEDOR 03063,SHA
10003064,BENEFICIARIO 03064,001000003064,PEN,2247.22,BCPLPEPLXXX,PAGO PROVEEDOR 03064,OUR
10003065,BENEFICIARIO 03065,001000003065,USD,2247.95,BINPPEPLXXX,PAGO PROVEEDOR 03065,BEN
10003066,BENEFICIARIO 03066,001000003066,PEN,2248.68,SCBLPEPLXXX,PAGO PROVEEDOR 03066,SHA
10003067,BENEFICIARIO 03067,001000003067,PEN,2249.41,CITIPEPLXXX,PAGO PROVEEDOR 03067,OUR
10003068,BENEFICIARIO 03068,001000003068,PEN,2250.14,BCPLPEPLXXX,PAGO PROVEEDOR 03068,BEN
10003069,BENEFICIARIO 03069,001000003069,PEN,2250.87,BINPPEPLXXX,PAGO PROVEEDOR 03069,SHA
10003070,BENEFICIARIO 03070,001000003070,USD,2251.60,SCBLPEPLXXX,PAGO PROVEEDOR 03070,OUR
10003071,BENEFICIARIO 03071,001000003071,PEN,2252.33,CITIPEPLXXX,PAGO PROVEEDOR 03071,BEN
10003072,BENEFICIARIO 03072,001000003072,PEN,2253.06,BCPLPEPLXXX,PAGO PROVEEDOR 03072,SHA
10003073,BENEFICIARIO 03073,001000003073,PEN,2253.79,BINPPEPLXXX,PAGO PROVEEDOR 03073,OUR
10003074,BENEFICIARIO 03074,001000003074,PEN,2254.52,SCBLPEPLXXX,PAGO PROVEEDOR 03074,BEN
10003075,BENEFICIARIO 03075,001000003075,USD,2255.25,CITIPEPLXXX,PAGO PROVEEDOR 03075,SHA
10003076,BENEFICIARIO 03076,001000003076,PEN,2255.98,BCPLPEPLXXX,PAGO PROVEEDOR 03076,OUR
10003077,BENEFICIARIO 03077,001000003077,PEN,2256.71,BINPPEPLXXX,PAGO PROVEEDOR 03077,BEN
10003078,BENEFICIARIO 03078,001000003078,PEN,2257.44,SCBLPEPLXXX,PAGO PROVEEDOR 03078,SHA
10003079,BENEFICIARIO 03079,001000003079,PEN,2258.17,CITIPEPLXXX,PAGO PROVEEDOR 03079,OUR
10003080,BENEFICIARIO 03080,001000003080,USD,2258.90,BCPLPEPLXXX,PAGO PROVEEDOR 03080,BEN
10003081,BENEFICIARIO 03081,001000003081,PEN,2259.63,BINPPEPLXXX,PAGO PROVEEDOR 03081,SHA
10003082,BENEFICIARIO 03082,001000003082,PEN,2260.36,SCBLPEPLXXX,PAGO PROVEEDOR 03082,OUR
10003083,BENEFICIARIO 03083,001000003083,PEN,2261.09,CITIPEPLXXX,PAGO PROVEEDOR 03083,BEN
10003084,BENEFICIARIO 03084,001000003084,PEN,2261.82,BCPLPEPLXXX,PAGO PROVEEDOR 03084,SHA
10003085,BENEFICIARIO 03085,001000003085,USD,2262.55,BINPPEPLXXX,PAGO PROVEEDOR 03085,OUR
10003086,BENEFICIARIO 03086,001000003086,PEN,2263.28,SCBLPEPLXXX,PAGO PROVEEDOR 03086,BEN
10003087,BENEFICIARIO 03087,001000003087,PEN,2264.01,CITIPEPLXXX,PAGO PROVEEDOR 03087,SHA
10003088,BENEFICIARIO 03088,001000003088,PEN,2264.74,BCPLPEPLXXX,PAGO PROVEEDOR 03088,OUR
10003089,BENEFICIARIO 03089,001000003089,PEN,2265.47,BINPPEPLXXX,PAGO PROVEEDOR 03089,BEN
10003090,BENEFICIARIO 03090,001000003090,USD,2266.20,SCBLPEPLXXX,PAGO PROVEEDOR 03090,SHA
10003091,BENEFICIARIO 03091,001000003091,PEN,2266.93,CITIPEPLXXX,PAGO PROVEEDOR 03091,OUR
10003092,BENEFICIARIO 03092,001000003092,PEN,2267.66,BCPLPEPLXXX,PAGO PROVEEDOR 03092,BEN
10003093,BENEFICIARIO 03093,001000003093,PEN,2268.39,BINPPEPLXXX,PAGO PROVEEDOR 03093,SHA
10003094,BENEFICIARIO 03094,001000003094,PEN,2269.12,SCBLPEPLXXX,PAGO PROVEEDOR 03094,OUR
10003095,BENEFICIARIO 03095,001000003095,USD,2269.85,CITIPEPLXXX,PAGO PROVEEDOR 03095,BEN
10003096,BENEFICIARIO 03096,001000003096,PEN,2270.58,BCPLPEPLXXX,PAGO PROVEEDOR 03096,SHA
10003097,BENEFICIARIO 03097,001000003097,PEN,2271.31,BINPPEPLXXX,PAGO PROVEEDOR 03097,OUR
10003098,BENEFICIARIO 03098,001000003098,PEN,2272.04,SCBLPEPLXXX,PAGO PROVEEDOR 03098,BEN
10003099,BENEFICIARIO 03099,001000003099,PEN,2272.77,CITIPEPLXXX,PAGO PROVEEDOR 03099,SHA
10003100,BENEFICIARIO 03100,001000003100,USD,2273.50,BCPLPEPLXXX,PAGO PROVEEDOR 03100,OUR
10003101,BENEFICIARIO 03101,001000003101,PEN,2274.23,BINPPEPLXXX,PAGO PROVEEDOR 03101,BEN
10003102,BENEFICIARIO 03102,001000003102,PEN,2274.96,SCBLPEPLXXX,PAGO PROVEEDOR 03102,SHA
10003103,BENEFICIARIO 03103,001000003103,PEN,2275.69,CITIPEPLXXX,PAGO PROVEEDOR 03103,OUR
10003104,BENEFICIARIO 03104,001000003104,PEN,2276.42,BCPLPEPLXXX,PAGO PROVEEDOR 03104,BEN
10003105,BENEFICIARIO 03105,001000003105,USD,2277.15,BINPPEPLXXX,PAGO PROVEEDOR 03105,SHA
10003106,BENEFICIARIO 03106,001000003106,PEN,2277.88,SCBLPEPLXXX,PAGO PROVEEDOR 03106,OUR
10003107,BENEFICIARIO 03107,001000003107,PEN,2278.61,CITIPEPLXXX,PAGO PROVEEDOR 03107,BEN
10003108,BENEFICIARIO 03108,001000003108,PEN,2279.34,BCPLPEPLXXX,PAGO PROVEEDOR 03108,SHA
10003109,BENEFICIARIO 03109,001000003109,PEN,2280.07,BINPPEPLXXX,PAGO PROVEEDOR 03109,OUR
10003110,BENEFICIARIO 03110,001000003110,USD,2280.80,SCBLPEPLXXX,PAGO PROVEEDOR 03110,BEN
10003111,BENEFICIARIO 03111,001000003111,PEN,2281.53,CITIPEPLXXX,PAGO PROVEEDOR 03111,SHA
10003112,BENEFICIARIO 03112,001000003112,PEN,2282.26,BCPLPEPLXXX,PAGO PROVEEDOR 03112,OUR
10003113,BENEFICIARIO 03113,001000003113,PEN,2282.99,BINPPEPLXXX,PAGO PROVEEDOR 03113,BEN
10003114,BENEFICIARIO 03114,001000003114,PEN,2283.72,SCBLPEPLXXX,PAGO PROVEEDOR 03114,SHA
10003115,BENEFICIARIO 03115,001000003115,USD,2284.45,CITIPEPLXXX,PAGO PROVEEDOR 03115,OUR
10003116,BENEFICIARIO 03116,001000003116,PEN,2285.18,BCPLPEPLXXX,PAGO PROVEEDOR 03116,BEN
10003117,BENEFICIARIO 03117,001000003117,PEN,2285.91,BINPPEPLXXX,PAGO PROVEEDOR 03117,SHA
10003118,BENEFICIARIO 03118,001000003118,PEN,2286.64,SCBLPEPLXXX,PAGO PROVEEDOR 03118,OUR
10003119,BENEFICIARIO 03119,001000003119,PEN,2287.37,CITIPEPLXXX,PAGO PROVEEDOR 03119,BEN
10003120,BENEFICIARIO 03120,001000003120,USD,2288.10,BCPLPEPLXXX,PAGO PROVEEDOR 03120,SHA
10003121,BENEFICIARIO 03121,001000003121,PEN,2288.83,BINPPEPLXXX,PAGO PROVEEDOR 03121,OUR
10003122,BENEFICIARIO 03122,001000003122,PEN,2289.56,SCBLPEPLXXX,PAGO PROVEEDOR 03122,BEN
10003123,BENEFICIARIO 03123,001000003123,PEN,2290.29,CITIPEPLXXX,PAGO PROVEEDOR 03123,SHA
10003124,BENEFICIARIO 03124,001000003124,PEN,2291.02,BCPLPEPLXXX,PAGO PROVEEDOR 03124,OUR
10003125,BENEFICIARIO 03125,001000003125,USD,2291.75,BINPPEPLXXX,PAGO PROVEEDOR 03125,BEN
10003126,BENEFICIARIO 03126,001000003126,PEN,2292.48,SCBLPEPLXXX,PAGO PROVEEDOR 03126,SHA
10003127,BENEFICIARIO 03127,001000003127,PEN,2293.21,CITIPEPLXXX,PAGO PROVEEDOR 03127,OUR
10003128,BENEFICIARIO 03128,001000003128,PEN,2293.94,BCPLPEPLXXX,PAGO PROVEEDOR 03128,BEN
10003129,BENEFICIARIO 03129,001000003129,PEN,2294.67,BINPPEPLXXX,PAGO PROVEEDOR 03129,SHA
10003130,BENEFICIARIO 03130,001000003130,USD,2295.40,SCBLPEPLXXX,PAGO PROVEEDOR 03130,OUR
10003131,BENEFICIARIO 03131,001000003131,PEN,2296.13,CITIPEPLXXX,PAGO PROVEEDOR 03131,BEN
10003132,BENEFICIARIO 03132,001000003132,PEN,2296.86,BCPLPEPLXXX,PAGO PROVEEDOR 03132,SHA
10003133,BENEFICIARIO 03133,001000003133,PEN,2297.59,BINPPEPLXXX,PAGO PROVEEDOR 03133,OUR
10003134,BENEFICIARIO 03134,001000003134,PEN,2298.32,SCBLPEPLXXX,PAGO PROVEEDOR 03134,BEN
10003135,BENEFICIARIO 03135,001000003135,USD,2299.05,CITIPEPLXXX,PAGO PROVEEDOR 03135,SHA
10003136,BENEFICIARIO 03136,001000003136,PEN,2299.78,BCPLPEPLXXX,PAGO PROVEEDOR 03136,OUR
10003137,BENEFICIARIO 03137,001000003137,PEN,2300.51,BINPPEPLXXX,PAGO PROVEEDOR 03137,BEN
10003138,BENEFICIARIO 03138,001000003138,PEN,2301.24,SCBLPEPLXXX,PAGO PROVEEDOR 03138,SHA
10003139,BENEFICIARIO 03139,001000003139,PEN,2301.97,CITIPEPLXXX,PAGO PROVEEDOR 03139,OUR
10003140,BENEFICIARIO 03140,001000003140,USD,2302.70,BCPLPEPLXXX,PAGO PROVEEDOR 03140,BEN
10003141,BENEFICIARIO 03141,001000003141,PEN,2303.43,BINPPEPLXXX,PAGO PROVEEDOR 03141,SHA
10003142,BENEFICIARIO 03142,001000003142,PEN,2304.16,SCBLPEPLXXX,PAGO PROVEEDOR 03142,OUR
10003143,BENEFICIARIO 03143,001000003143,PEN,2304.89,CITIPEPLXXX,PAGO PROVEEDOR 03143,BEN
10003144,BENEFICIARIO 03144,001000003144,PEN,2305.62,BCPLPEPLXXX,PAGO PROVEEDOR 03144,SHA
10003145,BENEFICIARIO 03145,001000003145,USD,2306.35,BINPPEPLXXX,PAGO PROVEEDOR 03145,OUR
10003146,BENEFICIARIO 03146,001000003146,PEN,2307.08,SCBLPEPLXXX,PAGO PROVEEDOR 03146,BEN
10003147,BENEFICIARIO 03147,001000003147,PEN,2307.81,CITIPEPLXXX,PAGO PROVEEDOR 03147,SHA
10003148,BENEFICIARIO 03148,001000003148,PEN,2308.54,BCPLPEPLXXX,PAGO PROVEEDOR 03148,OUR
10003149,BENEFICIARIO 03149,001000003149,PEN,2309.27,BINPPEPLXXX,PAGO PROVEEDOR 03149,BEN
10003150,BENEFICIARIO 03150,001000003150,USD,2310.00,SCBLPEPLXXX,PAGO PROVEEDOR 03150,SHA
10003151,BENEFICIARIO 03151,001000003151,PEN,2310.73,CITIPEPLXXX,PAGO PROVEEDOR 03151,OUR
10003152,BENEFICIARIO 03152,001000003152,PEN,2311.46,BCPLPEPLXXX,PAGO PROVEEDOR 03152,BEN
10003153,BENEFICIARIO 03153,001000003153,PEN,2312.19,BINPPEPLXXX,PAGO PROVEEDOR 03153,SHA
10003154,BENEFICIARIO 03154,001000003154,PEN,2312.92,SCBLPEPLXXX,PAGO PROVEEDOR 03154,OUR
10003155,BENEFICIARIO 03155,001000003155,USD,2313.65,CITIPEPLXXX,PAGO PROVEEDOR 03155,BEN
10003156,BENEFICIARIO 03156,001000003156,PEN,2314.38,BCPLPEPLXXX,PAGO PROVEEDOR 03156,SHA
10003157,BENEFICIARIO 03157,001000003157,PEN,2315.11,BINPPEPLXXX,PAGO PROVEEDOR 03157,OUR
10003158,BENEFICIARIO 03158,001000003158,PEN,2315.84,SCBLPEPLXXX,PAGO PROVEEDOR 03158,BEN
10003159,BENEFICIARIO 03159,001000003159,PEN,2316.57,CITIPEPLXXX,PAGO PROVEEDOR 03159,SHA
10003160,BENEFICIARIO 03160,001000003160,USD,2317.30,BCPLPEPLXXX,PAGO PROVEEDOR 03160,OUR
10003161,BENEFICIARIO 03161,001000003161,PEN,2318.03,BINPPEPLXXX,PAGO PROVEEDOR 03161,BEN
10003162,BENEFICIARIO 03162,001000003162,PEN,2318.76,SCBLPEPLXXX,PAGO PROVEEDOR 03162,SHA
10003163,BENEFICIARIO 03163,001000003163,PEN,2319.49,CITIPEPLXXX,PAGO PROVEEDOR 03163,OUR
10003164,BENEFICIARIO 03164,001000003164,PEN,2320.22,BCPLPEPLXXX,PAGO PROVEEDOR 03164,BEN
10003165,BENEFICIARIO 03165,001000003165,USD,2320.95,BINPPEPLXXX,PAGO PROVEEDOR 03165,SHA
10003166,BENEFICIARIO 03166,001000003166,PEN,2321.68,SCBLPEPLXXX,PAGO PROVEEDOR 03166,OUR
10003167,BENEFICIARIO 03167,001000003167,PEN,2322.41,CITIPEPLXXX,PAGO PROVEEDOR 03167,BEN
10003168,BENEFICIARIO 03168,001000003168,PEN,2323.14,BCPLPEPLXXX,PAGO PROVEEDOR 03168,SHA
10003169,BENEFICIARIO 03169,001000003169,PEN,2323.87,BINPPEPLXXX,PAGO PROVEEDOR 03169,OUR
10003170,BENEFICIARIO 03170,001000003170,USD,2324.60,SCBLPEPLXXX,PAGO PROVEEDOR 03170,BEN
10003171,BENEFICIARIO 03171,001000003171,PEN,2325.33,CITIPEPLXXX,PAGO PROVEEDOR 03171,SHA
10003172,BENEFICIARIO 03172,001000003172,PEN,2326.06,BCPLPEPLXXX,PAGO PROVEEDOR 03172,OUR
10003173,BENEFICIARIO 03173,001000003173,PEN,2326.79,BINPPEPLXXX,PAGO PROVEEDOR 03173,BEN
10003174,BENEFICIARIO 03174,001000003174,PEN,2327.52,SCBLPEPLXXX,PAGO PROVEEDOR 03174,SHA
10003175,BENEFICIARIO 03175,001000003175,USD,2328.25,CITIPEPLXXX,PAGO PROVEEDOR 03175,OUR
10003176,BENEFICIARIO 03176,001000003176,PEN,2328.98,BCPLPEPLXXX,PAGO PROVEEDOR 03176,BEN
10003177,BENEFICIARIO 03177,001000003177,PEN,2329.71,BINPPEPLXXX,PAGO PROVEEDOR 03177,SHA
10003178,BENEFICIARIO 03178,001000003178,PEN,2330.44,SCBLPEPLXXX,PAGO PROVEEDOR 03178,OUR
10003179,BENEFICIARIO 03179,001000003179,PEN,2331.17,CITIPEPLXXX,PAGO PROVEEDOR 03179,BEN
10003180,BENEFICIARIO 03180,001000003180,USD,2331.90,BCPLPEPLXXX,PAGO PROVEEDOR 03180,SHA
10003181,BENEFICIARIO 03181,001000003181,PEN,2332.63,BINPPEPLXXX,PAGO PROVEEDOR 03181,OUR
10003182,BENEFICIARIO 03182,001000003182,PEN,2333.36,SCBLPEPLXXX,PAGO PROVEEDOR 03182,BEN
10003183,BENEFICIARIO 03183,001000003183,PEN,2334.09,CITIPEPLXXX,PAGO PROVEEDOR 03183,SHA
10003184,BENEFICIARIO 03184,001000003184,PEN,2334.82,BCPLPEPLXXX,PAGO PROVEEDOR 03184,OUR
10003185,BENEFICIARIO 03185,001000003185,USD,2335.55,BINPPEPLXXX,PAGO PROVEEDOR 03185,BEN
10003186,BENEFICIARIO 03186,001000003186,PEN,2336.28,SCBLPEPLXXX,PAGO PROVEEDOR 03186,SHA
10003187,BENEFICIARIO 03187,001000003187,PEN,2337.01,CITIPEPLXXX,PAGO PROVEEDOR 03187,OUR
10003188,BENEFICIARIO 03188,001000003188,PEN,2337.74,BCPLPEPLXXX,PAGO PROVEEDOR 03188,BEN
10003189,BENEFICIARIO 03189,001000003189,PEN,2338.47,BINPPEPLXXX,PAGO PROVEEDOR 03189,SHA
10003190,BENEFICIARIO 03190,001000003190,USD,2339.20,SCBLPEPLXXX,PAGO PROVEEDOR 03190,OUR
10003191,BENEFICIARIO 03191,001000003191,PEN,2339.93,CITIPEPLXXX,PAGO PROVEEDOR 03191,BEN
10003192,BENEFICIARIO 03192,001000003192,PEN,2340.66,BCPLPEPLXXX,PAGO PROVEEDOR 03192,SHA
10003193,BENEFICIARIO 03193,001000003193,PEN,2341.39,BINPPEPLXXX,PAGO PROVEEDOR 03193,OUR
10003194,BENEFICIARIO 03194,001000003194,PEN,2342.12,SCBLPEPLXXX,PAGO PROVEEDOR 03194,BEN
10003195,BENEFICIARIO 03195,001000003195,USD,2342.85,CITIPEPLXXX,PAGO PROVEEDOR 03195,SHA
10003196,BENEFICIARIO 03196,001000003196,PEN,2343.58,BCPLPEPLXXX,PAGO PROVEEDOR 03196,OUR
10003197,BENEFICIARIO 03197,001000003197,PEN,2344.31,BINPPEPLXXX,PAGO PROVEEDOR 03197,BEN
10003198,BENEFICIARIO 03198,001000003198,PEN,2345.04,SCBLPEPLXXX,PAGO PROVEEDOR 03198,SHA
10003199,BENEFICIARIO 03199,001000003199,PEN,2345.77,CITIPEPLXXX,PAGO PROVEEDOR 03199,OUR
10003200,BENEFICIARIO 03200,001000003200,USD,2346.50,BCPLPEPLXXX,PAGO PROVEEDOR 03200,BEN
10003201,BENEFICIARIO 03201,001000003201,PEN,2347.23,BINPPEPLXXX,PAGO PROVEEDOR 03201,SHA
10003202,BENEFICIARIO 03202,001000003202,PEN,2347.96,SCBLPEPLXXX,PAGO PROVEEDOR 03202,OUR
10003203,BENEFICIARIO 03203,001000003203,PEN,2348.69,CITIPEPLXXX,PAGO PROVEEDOR 03203,BEN
10003204,BENEFICIARIO 03204,001000003204,PEN,2349.42,BCPLPEPLXXX,PAGO PROVEEDOR 03204,SHA
10003205,BENEFICIARIO 03205,001000003205,USD,2350.15,BINPPEPLXXX,PAGO PROVEEDOR 03205,OUR
10003206,BENEFICIARIO 03206,001000003206,PEN,2350.88,SCBLPEPLXXX,PAGO PROVEEDOR 03206,BEN
10003207,BENEFICIARIO 03207,001000003207,PEN,2351.61,CITIPEPLXXX,PAGO PROVEEDOR 03207,SHA
10003208,BENEFICIARIO 03208,001000003208,PEN,2352.34,BCPLPEPLXXX,PAGO PROVEEDOR 03208,OUR
10003209,BENEFICIARIO 03209,001000003209,PEN,2353.07,BINPPEPLXXX,PAGO PROVEEDOR 03209,BEN
10003210,BENEFICIARIO 03210,001000003210,USD,2353.80,SCBLPEPLXXX,PAGO PROVEEDOR 03210,SHA
10003211,BENEFICIARIO 03211,001000003211,PEN,2354.53,CITIPEPLXXX,PAGO PROVEEDOR 03211,OUR
10003212,BENEFICIARIO 03212,001000003212,PEN,2355.26,BCPLPEPLXXX,PAGO PROVEEDOR 03212,BEN
10003213,BENEFICIARIO 03213,001000003213,PEN,2355.99,BINPPEPLXXX,PAGO PROVEEDOR 03213,SHA
10003214,BENEFICIARIO 03214,001000003214,PEN,2356.72,SCBLPEPLXXX,PAGO PROVEEDOR 03214,OUR
10003215,BENEFICIARIO 03215,001000003215,USD,2357.45,CITIPEPLXXX,PAGO PROVEEDOR 03215,BEN
10003216,BENEFICIARIO 03216,001000003216,PEN,2358.18,BCPLPEPLXXX,PAGO PROVEEDOR 03216,SHA
10003217,BENEFICIARIO 03217,001000003217,PEN,2358.91,BINPPEPLXXX,PAGO PROVEEDOR 03217,OUR
10003218,BENEFICIARIO 03218,001000003218,PEN,2359.64,SCBLPEPLXXX,PAGO PROVEEDOR 03218,BEN
10003219,BENEFICIARIO 03219,001000003219,PEN,2360.37,CITIPEPLXXX,PAGO PROVEEDOR 03219,SHA
10003220,BENEFICIARIO 03220,001000003220,USD,2361.10,BCPLPEPLXXX,PAGO PROVEEDOR 03220,OUR
10003221,BENEFICIARIO 03221,001000003221,PEN,2361.83,BINPPEPLXXX,PAGO PROVEEDOR 03221,BEN
10003222,BENEFICIARIO 03222,001000003222,PEN,2362.56,SCBLPEPLXXX,PAGO PROVEEDOR 03222,SHA
10003223,BENEFICIARIO 03223,001000003223,PEN,2363.29,CITIPEPLXXX,PAGO PROVEEDOR 03223,OUR
10003224,BENEFICIARIO 03224,001000003224,PEN,2364.02,BCPLPEPLXXX,PAGO PROVEEDOR 03224,BEN
10003225,BENEFICIARIO 03225,001000003225,USD,2364.75,BINPPEPLXXX,PAGO PROVEEDOR 03225,SHA
10003226,BENEFICIARIO 03226,001000003226,PEN,2365.48,SCBLPEPLXXX,PAGO PROVEEDOR 03226,OUR
10003227,BENEFICIARIO 03227,001000003227,PEN,2366.21,CITIPEPLXXX,PAGO PROVEEDOR 03227,BEN
10003228,BENEFICIARIO 03228,001000003228,PEN,2366.94,BCPLPEPLXXX,PAGO PROVEEDOR 03228,SHA
10003229,BENEFICIARIO 03229,001000003229,PEN,2367.67,BINPPEPLXXX,PAGO PROVEEDOR 03229,OUR
10003230,BENEFICIARIO 03230,001000003230,USD,2368.40,SCBLPEPLXXX,PAGO PROVEEDOR 03230,BEN
10003231,BENEFICIARIO 03231,001000003231,PEN,2369.13,CITIPEPLXXX,PAGO PROVEEDOR 03231,SHA
10003232,BENEFICIARIO 03232,001000003232,PEN,2369.86,BCPLPEPLXXX,PAGO PROVEEDOR 03232,OUR
10003233,BENEFICIARIO 03233,001000003233,PEN,2370.59,BINPPEPLXXX,PAGO PROVEEDOR 03233,BEN
10003234,BENEFICIARIO 03234,001000003234,PEN,2371.32,SCBLPEPLXXX,PAGO PROVEEDOR 03234,SHA
10003235,BENEFICIARIO 03235,001000003235,USD,2372.05,CITIPEPLXXX,PAGO PROVEEDOR 03235,OUR
10003236,BENEFICIARIO 03236,001000003236,PEN,2372.78,BCPLPEPLXXX,PAGO PROVEEDOR 03236,BEN
10003237,BENEFICIARIO 03237,001000003237,PEN,2373.51,BINPPEPLXXX,PAGO PROVEEDOR 03237,SHA
10003238,BENEFICIARIO 03238,001000003238,PEN,2374.24,SCBLPEPLXXX,PAGO PROVEEDOR 03238,OUR
10003239,BENEFICIARIO 03239,001000003239,PEN,2374.97,CITIPEPLXXX,PAGO PROVEEDOR 03239,BEN
10003240,BENEFICIARIO 03240,001000003240,USD,2375.70,BCPLPEPLXXX,PAGO PROVEEDOR 03240,SHA
10003241,BENEFICIARIO 03241,001000003241,PEN,2376.43,BINPPEPLXXX,PAGO PROVEEDOR 03241,OUR
10003242,BENEFICIARIO 03242,001000003242,PEN,2377.16,SCBLPEPLXXX,PAGO PROVEEDOR 03242,BEN
10003243,BENEFICIARIO 03243,001000003243,PEN,2377.89,CITIPEPLXXX,PAGO PROVEEDOR 03243,SHA
10003244,BENEFICIARIO 03244,001000003244,PEN,2378.62,BCPLPEPLXXX,PAGO PROVEEDOR 03244,OUR
10003245,BENEFICIARIO 03245,001000003245,USD,2379.35,BINPPEPLXXX,PAGO PROVEEDOR 03245,BEN
10003246,BENEFICIARIO 03246,001000003246,PEN,2380.08,SCBLPEPLXXX,PAGO PROVEEDOR 03246,SHA
10003247,BENEFICIARIO 03247,001000003247,PEN,2380.81,CITIPEPLXXX,PAGO PROVEEDOR 03247,OUR
10003248,BENEFICIARIO 03248,001000003248,PEN,2381.54,BCPLPEPLXXX,PAGO PROVEEDOR 03248,BEN
10003249,BENEFICIARIO 03249,001000003249,PEN,2382.27,BINPPEPLXXX,PAGO PROVEEDOR 03249,SHA
10003250,BENEFICIARIO 03250,001000003250,USD,2383.00,SCBLPEPLXXX,PAGO PROVEEDOR 03250,OUR
10003251,BENEFICIARIO 03251,001000003251,PEN,2383.73,CITIPEPLXXX,PAGO PROVEEDOR 03251,BEN
10003252,BENEFICIARIO 03252,001000003252,PEN,2384.46,BCPLPEPLXXX,PAGO PROVEEDOR 03252,SHA
10003253,BENEFICIARIO 03253,001000003253,PEN,2385.19,BINPPEPLXXX,PAGO PROVEEDOR 03253,OUR
10003254,BENEFICIARIO 03254,001000003254,PEN,2385.92,SCBLPEPLXXX,PAGO PROVEEDOR 03254,BEN
10003255,BENEFICIARIO 03255,001000003255,USD,2386.65,CITIPEPLXXX,PAGO PROVEEDOR 03255,SHA
10003256,BENEFICIARIO 03256,001000003256,PEN,2387.38,BCPLPEPLXXX,PAGO PROVEEDOR 03256,OUR
10003257,BENEFICIARIO 03257,001000003257,PEN,2388.11,BINPPEPLXXX,PAGO PROVEEDOR 03257,BEN
10003258,BENEFICIARIO 03258,001000003258,PEN,2388.84,SCBLPEPLXXX,PAGO PROVEEDOR 03258,SHA
10003259,BENEFICIARIO 03259,001000003259,PEN,2389.57,CITIPEPLXXX,PAGO PROVEEDOR 03259,OUR
10003260,BENEFICIARIO 03260,001000003260,USD,2390.30,BCPLPEPLXXX,PAGO PROVEEDOR 03260,BEN
10003261,BENEFICIARIO 03261,001000003261,PEN,2391.03,BINPPEPLXXX,PAGO PROVEEDOR 03261,SHA
10003262,BENEFICIARIO 03262,001000003262,PEN,2391.76,SCBLPEPLXXX,PAGO PROVEEDOR 03262,OUR
10003263,BENEFICIARIO 03263,001000003263,PEN,2392.49,CITIPEPLXXX,PAGO PROVEEDOR 03263,BEN
10003264,BENEFICIARIO 03264,001000003264,PEN,2393.22,BCPLPEPLXXX,PAGO PROVEEDOR 03264,SHA
10003265,BENEFICIARIO 03265,001000003265,USD,2393.95,BINPPEPLXXX,PAGO PROVEEDOR 03265,OUR
10003266,BENEFICIARIO 03266,001000003266,PEN,2394.68,SCBLPEPLXXX,PAGO PROVEEDOR 03266,BEN
10003267,BENEFICIARIO 03267,001000003267,PEN,2395.41,CITIPEPLXXX,PAGO PROVEEDOR 03267,SHA
10003268,BENEFICIARIO 03268,001000003268,PEN,2396.14,BCPLPEPLXXX,PAGO PROVEEDOR 03268,OUR
10003269,BENEFICIARIO 03269,001000003269,PEN,2396.87,BINPPEPLXXX,PAGO PROVEEDOR 03269,BEN
10003270,BENEFICIARIO 03270,001000003270,USD,2397.60,SCBLPEPLXXX,PAGO PROVEEDOR 03270,SHA
10003271,BENEFICIARIO 03271,001000003271,PEN,2398.33,CITIPEPLXXX,PAGO PROVEEDOR 03271,OUR
10003272,BENEFICIARIO 03272,001000003272,PEN,2399.06,BCPLPEPLXXX,PAGO PROVEEDOR 03272,BEN
10003273,BENEFICIARIO 03273,001000003273,PEN,2399.79,BINPPEPLXXX,PAGO PROVEEDOR 03273,SHA
10003274,BENEFICIARIO 03274,001000003274,PEN,2400.52,SCBLPEPLXXX,PAGO PROVEEDOR 03274,OUR
10003275,BENEFICIARIO 03275,001000003275,USD,2401.25,CITIPEPLXXX,PAGO PROVEEDOR 03275,BEN
10003276,BENEFICIARIO 03276,001000003276,PEN,2401.98,BCPLPEPLXXX,PAGO PROVEEDOR 03276,SHA
10003277,BENEFICIARIO 03277,001000003277,PEN,2402.71,BINPPEPLXXX,PAGO PROVEEDOR 03277,OUR
10003278,BENEFICIARIO 03278,001000003278,PEN,2403.44,SCBLPEPLXXX,PAGO PROVEEDOR 03278,BEN
10003279,BENEFICIARIO 03279,001000003279,PEN,2404.17,CITIPEPLXXX,PAGO PROVEEDOR 03279,SHA
10003280,BENEFICIARIO 03280,001000003280,USD,2404.90,BCPLPEPLXXX,PAGO PROVEEDOR 03280,OUR
10003281,BENEFICIARIO 03281,001000003281,PEN,2405.63,BINPPEPLXXX,PAGO PROVEEDOR 03281,BEN
10003282,BENEFICIARIO 03282,001000003282,PEN,2406.36,SCBLPEPLXXX,PAGO PROVEEDOR 03282,SHA
10003283,BENEFICIARIO 03283,001000003283,PEN,2407.09,CITIPEPLXXX,PAGO PROVEEDOR 03283,OUR
10003284,BENEFICIARIO 03284,001000003284,PEN,2407.82,BCPLPEPLXXX,PAGO PROVEEDOR 03284,BEN
10003285,BENEFICIARIO 03285,001000003285,USD,2408.55,BINPPEPLXXX,PAGO PROVEEDOR 03285,SHA
10003286,BENEFICIARIO 03286,001000003286,PEN,2409.28,SCBLPEPLXXX,PAGO PROVEEDOR 03286,OUR
10003287,BENEFICIARIO 03287,001000003287,PEN,2410.01,CITIPEPLXXX,PAGO PROVEEDOR 03287,BEN
10003288,BENEFICIARIO 03288,001000003288,PEN,2410.74,BCPLPEPLXXX,PAGO PROVEEDOR 03288,SHA
10003289,BENEFICIARIO 03289,001000003289,PEN,2411.47,BINPPEPLXXX,PAGO PROVEEDOR 03289,OUR
10003290,BENEFICIARIO 03290,001000003290,USD,2412.20,SCBLPEPLXXX,PAGO PROVEEDOR 03290,BEN
10003291,BENEFICIARIO 03291,001000003291,PEN,2412.93,CITIPEPLXXX,PAGO PROVEEDOR 03291,SHA
10003292,BENEFICIARIO 03292,001000003292,PEN,2413.66,BCPLPEPLXXX,PAGO PROVEEDOR 03292,OUR
10003293,BENEFICIARIO 03293,001000003293,PEN,2414.39,BINPPEPLXXX,PAGO PROVEEDOR 03293,BEN
10003294,BENEFICIARIO 03294,001000003294,PEN,2415.12,SCBLPEPLXXX,PAGO PROVEEDOR 03294,SHA
10003295,BENEFICIARIO 03295,001000003295,USD,2415.85,CITIPEPLXXX,PAGO PROVEEDOR 03295,OUR
10003296,BENEFICIARIO 03296,001000003296,PEN,2416.58,BCPLPEPLXXX,PAGO PROVEEDOR 03296,BEN
10003297,BENEFICIARIO 03297,001000003297,PEN,2417.31,BINPPEPLXXX,PAGO PROVEEDOR 03297,SHA
10003298,BENEFICIARIO 03298,001000003298,PEN,2418.04,SCBLPEPLXXX,PAGO PROVEEDOR 03298,OUR
10003299,BENEFICIARIO 03299,001000003299,PEN,2418.77,CITIPEPLXXX,PAGO PROVEEDOR 03299,BEN
10003300,BENEFICIARIO 03300,001000003300,USD,2419.50,BCPLPEPLXXX,PAGO PROVEEDOR 03300,SHA
10003301,BENEFICIARIO 03301,001000003301,PEN,2420.23,BINPPEPLXXX,PAGO PROVEEDOR 03301,OUR
10003302,BENEFICIARIO 03302,001000003302,PEN,2420.96,SCBLPEPLXXX,PAGO PROVEEDOR 03302,BEN
10003303,BENEFICIARIO 03303,001000003303,PEN,2421.69,CITIPEPLXXX,PAGO PROVEEDOR 03303,SHA
10003304,BENEFICIARIO 03304,001000003304,PEN,2422.42,BCPLPEPLXXX,PAGO PROVEEDOR 03304,OUR
10003305,BENEFICIARIO 03305,001000003305,USD,2423.15,BINPPEPLXXX,PAGO PROVEEDOR 03305,BEN
10003306,BENEFICIARIO 03306,001000003306,PEN,2423.88,SCBLPEPLXXX,PAGO PROVEEDOR 03306,SHA
10003307,BENEFICIARIO 03307,001000003307,PEN,2424.61,CITIPEPLXXX,PAGO PROVEEDOR 03307,OUR
10003308,BENEFICIARIO 03308,001000003308,PEN,2425.34,BCPLPEPLXXX,PAGO PROVEEDOR 03308,BEN
10003309,BENEFICIARIO 03309,001000003309,PEN,2426.07,BINPPEPLXXX,PAGO PROVEEDOR 03309,SHA
10003310,BENEFICIARIO 03310,001000003310,USD,2426.80,SCBLPEPLXXX,PAGO PROVEEDOR 03310,OUR
10003311,BENEFICIARIO 03311,001000003311,PEN,2427.53,CITIPEPLXXX,PAGO PROVEEDOR 03311,BEN
10003312,BENEFICIARIO 03312,001000003312,PEN,2428.26,BCPLPEPLXXX,PAGO PROVEEDOR 03312,SHA
10003313,BENEFICIARIO 03313,001000003313,PEN,2428.99,BINPPEPLXXX,PAGO PROVEEDOR 03313,OUR
10003314,BENEFICIARIO 03314,001000003314,PEN,2429.72,SCBLPEPLXXX,PAGO PROVEEDOR 03314,BEN
10003315,BENEFICIARIO 03315,001000003315,USD,2430.45,CITIPEPLXXX,PAGO PROVEEDOR 03315,SHA
10003316,BENEFICIARIO 03316,001000003316,PEN,2431.18,BCPLPEPLXXX,PAGO PROVEEDOR 03316,OUR
10003317,BENEFICIARIO 03317,001000003317,PEN,2431.91,BINPPEPLXXX,PAGO PROVEEDOR 03317,BEN
10003318,BENEFICIARIO 03318,001000003318,PEN,2432.64,SCBLPEPLXXX,PAGO PROVEEDOR 03318,SHA
10003319,BENEFICIARIO 03319,001000003319,PEN,2433.37,CITIPEPLXXX,PAGO PROVEEDOR 03319,OUR
10003320,BENEFICIARIO 03320,001000003320,USD,2434.10,BCPLPEPLXXX,PAGO PROVEEDOR 03320,BEN
10003321,BENEFICIARIO 03321,001000003321,PEN,2434.83,BINPPEPLXXX,PAGO PROVEEDOR 03321,SHA
10003322,BENEFICIARIO 03322,001000003322,PEN,2435.56,SCBLPEPLXXX,PAGO PROVEEDOR 03322,OUR
10003323,BENEFICIARIO 03323,001000003323,PEN,2436.29,CITIPEPLXXX,PAGO PROVEEDOR 03323,BEN
10003324,BENEFICIARIO 03324,001000003324,PEN,2437.02,BCPLPEPLXXX,PAGO PROVEEDOR 03324,SHA
10003325,BENEFICIARIO 03325,001000003325,USD,2437.75,BINPPEPLXXX,PAGO PROVEEDOR 03325,OUR
10003326,BENEFICIARIO 03326,001000003326,PEN,2438.48,SCBLPEPLXXX,PAGO PROVEEDOR 03326,BEN
10003327,BENEFICIARIO 03327,001000003327,PEN,2439.21,CITIPEPLXXX,PAGO PROVEEDOR 03327,SHA
10003328,BENEFICIARIO 03328,001000003328,PEN,2439.94,BCPLPEPLXXX,PAGO PROVEEDOR 03328,OUR
10003329,BENEFICIARIO 03329,001000003329,PEN,2440.67,BINPPEPLXXX,PAGO PROVEEDOR 03329,BEN
10003330,BENEFICIARIO 03330,001000003330,USD,2441.40,SCBLPEPLXXX,PAGO PROVEEDOR 03330,SHA
10003331,BENEFICIARIO 03331,001000003331,PEN,2442.13,CITIPEPLXXX,PAGO PROVEEDOR 03331,OUR
10003332,BENEFICIARIO 03332,001000003332,PEN,2442.86,BCPLPEPLXXX,PAGO PROVEEDOR 03332,BEN
10003333,BENEFICIARIO 03333,001000003333,PEN,2443.59,BINPPEPLXXX,PAGO PROVEEDOR 03333,SHA
10003334,BENEFICIARIO 03334,001000003334,PEN,2444.32,SCBLPEPLXXX,PAGO PROVEEDOR 03334,OUR
10003335,BENEFICIARIO 03335,001000003335,USD,2445.05,CITIPEPLXXX,PAGO PROVEEDOR 03335,BEN
10003336,BENEFICIARIO 03336,001000003336,PEN,2445.78,BCPLPEPLXXX,PAGO PROVEEDOR 03336,SHA
10003337,BENEFICIARIO 03337,001000003337,PEN,2446.51,BINPPEPLXXX,PAGO PROVEEDOR 03337,OUR
10003338,BENEFICIARIO 03338,001000003338,PEN,2447.24,SCBLPEPLXXX,PAGO PROVEEDOR 03338,BEN
10003339,BENEFICIARIO 03339,001000003339,PEN,2447.97,CITIPEPLXXX,PAGO PROVEEDOR 03339,SHA
10003340,BENEFICIARIO 03340,001000003340,USD,2448.70,BCPLPEPLXXX,PAGO PROVEEDOR 03340,OUR
10003341,BENEFICIARIO 03341,001000003341,PEN,2449.43,BINPPEPLXXX,PAGO PROVEEDOR 03341,BEN
10003342,BENEFICIARIO 03342,001000003342,PEN,2450.16,SCBLPEPLXXX,PAGO PROVEEDOR 03342,SHA
10003343,BENEFICIARIO 03343,001000003343,PEN,2450.89,CITIPEPLXXX,PAGO PROVEEDOR 03343,OUR
10003344,BENEFICIARIO 03344,001000003344,PEN,2451.62,BCPLPEPLXXX,PAGO PROVEEDOR 03344,BEN
10003345,BENEFICIARIO 03345,001000003345,USD,2452.35,BINPPEPLXXX,PAGO PROVEEDOR 03345,SHA
10003346,BENEFICIARIO 03346,001000003346,PEN,2453.08,SCBLPEPLXXX,PAGO PROVEEDOR 03346,OUR
10003347,BENEFICIARIO 03347,001000003347,PEN,2453.81,CITIPEPLXXX,PAGO PROVEEDOR 03347,BEN
10003348,BENEFICIARIO 03348,001000003348,PEN,2454.54,BCPLPEPLXXX,PAGO PROVEEDOR 03348,SHA
10003349,BENEFICIARIO 03349,001000003349,PEN,2455.27,BINPPEPLXXX,PAGO PROVEEDOR 03349,OUR
10003350,BENEFICIARIO 03350,001000003350,USD,2456.00,SCBLPEPLXXX,PAGO PROVEEDOR 03350,BEN
10003351,BENEFICIARIO 03351,001000003351,PEN,2456.73,CITIPEPLXXX,PAGO PROVEEDOR 03351,SHA
10003352,BENEFICIARIO 03352,001000003352,PEN,2457.46,BCPLPEPLXXX,PAGO PROVEEDOR 03352,OUR
10003353,BENEFICIARIO 03353,001000003353,PEN,2458.19,BINPPEPLXXX,PAGO PROVEEDOR 03353,BEN
10003354,BENEFICIARIO 03354,001000003354,PEN,2458.92,SCBLPEPLXXX,PAGO PROVEEDOR 03354,SHA
10003355,BENEFICIARIO 03355,001000003355,USD,2459.65,CITIPEPLXXX,PAGO PROVEEDOR 03355,OUR
10003356,BENEFICIARIO 03356,001000003356,PEN,2460.38,BCPLPEPLXXX,PAGO PROVEEDOR 03356,BEN
10003357,BENEFICIARIO 03357,001000003357,PEN,2461.11,BINPPEPLXXX,PAGO PROVEEDOR 03357,SHA
10003358,BENEFICIARIO 03358,001000003358,PEN,2461.84,SCBLPEPLXXX,PAGO PROVEEDOR 03358,OUR
10003359,BENEFICIARIO 03359,001000003359,PEN,2462.57,CITIPEPLXXX,PAGO PROVEEDOR 03359,BEN
10003360,BENEFICIARIO 03360,001000003360,USD,2463.30,BCPLPEPLXXX,PAGO PROVEEDOR 03360,SHA
10003361,BENEFICIARIO 03361,001000003361,PEN,2464.03,BINPPEPLXXX,PAGO PROVEEDOR 03361,OUR
10003362,BENEFICIARIO 03362,001000003362,PEN,2464.76,SCBLPEPLXXX,PAGO PROVEEDOR 03362,BEN
10003363,BENEFICIARIO 03363,001000003363,PEN,2465.49,CITIPEPLXXX,PAGO PROVEEDOR 03363,SHA
10003364,BENEFICIARIO 03364,001000003364,PEN,2466.22,BCPLPEPLXXX,PAGO PROVEEDOR 03364,OUR
10003365,BENEFICIARIO 03365,001000003365,USD,2466.95,BINPPEPLXXX,PAGO PROVEEDOR 03365,BEN
10003366,BENEFICIARIO 03366,001000003366,PEN,2467.68,SCBLPEPLXXX,PAGO PROVEEDOR 03366,SHA
10003367,BENEFICIARIO 03367,001000003367,PEN,2468.41,CITIPEPLXXX,PAGO PROVEEDOR 03367,OUR
10003368,BENEFICIARIO 03368,001000003368,PEN,2469.14,BCPLPEPLXXX,PAGO PROVEEDOR 03368,BEN
10003369,BENEFICIARIO 03369,001000003369,PEN,2469.87,BINPPEPLXXX,PAGO PROVEEDOR 03369,SHA
10003370,BENEFICIARIO 03370,001000003370,USD,2470.60,SCBLPEPLXXX,PAGO PROVEEDOR 03370,OUR
10003371,BENEFICIARIO 03371,001000003371,PEN,2471.33,CITIPEPLXXX,PAGO PROVEEDOR 03371,BEN
10003372,BENEFICIARIO 03372,001000003372,PEN,2472.06,BCPLPEPLXXX,PAGO PROVEEDOR 03372,SHA
10003373,BENEFICIARIO 03373,001000003373,PEN,2472.79,BINPPEPLXXX,PAGO PROVEEDOR 03373,OUR
10003374,BENEFICIARIO 03374,001000003374,PEN,2473.52,SCBLPEPLXXX,PAGO PROVEEDOR 03374,BEN
10003375,BENEFICIARIO 03375,001000003375,USD,2474.25,CITIPEPLXXX,PAGO PROVEEDOR 03375,SHA
10003376,BENEFICIARIO 03376,001000003376,PEN,2474.98,BCPLPEPLXXX,PAGO PROVEEDOR 03376,OUR
10003377,BENEFICIARIO 03377,001000003377,PEN,2475.71,BINPPEPLXXX,PAGO PROVEEDOR 03377,BEN
10003378,BENEFICIARIO 03378,001000003378,PEN,2476.44,SCBLPEPLXXX,PAGO PROVEEDOR 03378,SHA
10003379,BENEFICIARIO 03379,001000003379,PEN,2477.17,CITIPEPLXXX,PAGO PROVEEDOR 03379,OUR
10003380,BENEFICIARIO 03380,001000003380,USD,2477.90,BCPLPEPLXXX,PAGO PROVEEDOR 03380,BEN
10003381,BENEFICIARIO 03381,001000003381,PEN,2478.63,BINPPEPLXXX,PAGO PROVEEDOR 03381,SHA
10003382,BENEFICIARIO 03382,001000003382,PEN,2479.36,SCBLPEPLXXX,PAGO PROVEEDOR 03382,OUR
10003383,BENEFICIARIO 03383,001000003383,PEN,2480.09,CITIPEPLXXX,PAGO PROVEEDOR 03383,BEN
10003384,BENEFICIARIO 03384,001000003384,PEN,2480.82,BCPLPEPLXXX,PAGO PROVEEDOR 03384,SHA
10003385,BENEFICIARIO 03385,001000003385,USD,2481.55,BINPPEPLXXX,PAGO PROVEEDOR 03385,OUR
10003386,BENEFICIARIO 03386,001000003386,PEN,2482.28,SCBLPEPLXXX,PAGO PROVEEDOR 03386,BEN
10003387,BENEFICIARIO 03387,001000003387,PEN,2483.01,CITIPEPLXXX,PAGO PROVEEDOR 03387,SHA
10003388,BENEFICIARIO 03388,001000003388,PEN,2483.74,BCPLPEPLXXX,PAGO PROVEEDOR 03388,OUR
10003389,BENEFICIARIO 03389,001000003389,PEN,2484.47,BINPPEPLXXX,PAGO PROVEEDOR 03389,BEN
10003390,BENEFICIARIO 03390,001000003390,USD,2485.20,SCBLPEPLXXX,PAGO PROVEEDOR 03390,SHA
10003391,BENEFICIARIO 03391,001000003391,PEN,2485.93,CITIPEPLXXX,PAGO PROVEEDOR 03391,OUR
10003392,BENEFICIARIO 03392,001000003392,PEN,2486.66,BCPLPEPLXXX,PAGO PROVEEDOR 03392,BEN
10003393,BENEFICIARIO 03393,001000003393,PEN,2487.39,BINPPEPLXXX,PAGO PROVEEDOR 03393,SHA
10003394,BENEFICIARIO 03394,001000003394,PEN,2488.12,SCBLPEPLXXX,PAGO PROVEEDOR 03394,OUR
10003395,BENEFICIARIO 03395,001000003395,USD,2488.85,CITIPEPLXXX,PAGO PROVEEDOR 03395,BEN
10003396,BENEFICIARIO 03396,001000003396,PEN,2489.58,BCPLPEPLXXX,PAGO PROVEEDOR 03396,SHA
10003397,BENEFICIARIO 03397,001000003397,PEN,2490.31,BINPPEPLXXX,PAGO PROVEEDOR 03397,OUR
10003398,BENEFICIARIO 03398,001000003398,PEN,2491.04,SCBLPEPLXXX,PAGO PROVEEDOR 03398,BEN
10003399,BENEFICIARIO 03399,001000003399,PEN,2491.77,CITIPEPLXXX,PAGO PROVEEDOR 03399,SHA
10003400,BENEFICIARIO 03400,001000003400,USD,2492.50,BCPLPEPLXXX,PAGO PROVEEDOR 03400,OUR
10003401,BENEFICIARIO 03401,001000003401,PEN,2493.23,BINPPEPLXXX,PAGO PROVEEDOR 03401,BEN
10003402,BENEFICIARIO 03402,001000003402,PEN,2493.96,SCBLPEPLXXX,PAGO PROVEEDOR 03402,SHA
10003403,BENEFICIARIO 03403,001000003403,PEN,2494.69,CITIPEPLXXX,PAGO PROVEEDOR 03403,OUR
10003404,BENEFICIARIO 03404,001000003404,PEN,2495.42,BCPLPEPLXXX,PAGO PROVEEDOR 03404,BEN
10003405,BENEFICIARIO 03405,001000003405,USD,2496.15,BINPPEPLXXX,PAGO PROVEEDOR 03405,SHA
10003406,BENEFICIARIO 03406,001000003406,PEN,2496.88,SCBLPEPLXXX,PAGO PROVEEDOR 03406,OUR
10003407,BENEFICIARIO 03407,001000003407,PEN,2497.61,CITIPEPLXXX,PAGO PROVEEDOR 03407,BEN
10003408,BENEFICIARIO 03408,001000003408,PEN,2498.34,BCPLPEPLXXX,PAGO PROVEEDOR 03408,SHA
10003409,BENEFICIARIO 03409,001000003409,PEN,2499.07,BINPPEPLXXX,PAGO PROVEEDOR 03409,OUR
10003410,BENEFICIARIO 03410,001000003410,USD,2499.80,SCBLPEPLXXX,PAGO PROVEEDOR 03410,BEN
10003411,BENEFICIARIO 03411,001000003411,PEN,2500.53,CITIPEPLXXX,PAGO PROVEEDOR 03411,SHA
10003412,BENEFICIARIO 03412,001000003412,PEN,2501.26,BCPLPEPLXXX,PAGO PROVEEDOR 03412,OUR
10003413,BENEFICIARIO 03413,001000003413,PEN,2501.99,BINPPEPLXXX,PAGO PROVEEDOR 03413,BEN
10003414,BENEFICIARIO 03414,001000003414,PEN,2502.72,SCBLPEPLXXX,PAGO PROVEEDOR 03414,SHA
10003415,BENEFICIARIO 03415,001000003415,USD,2503.45,CITIPEPLXXX,PAGO PROVEEDOR 03415,OUR
10003416,BENEFICIARIO 03416,001000003416,PEN,2504.18,BCPLPEPLXXX,PAGO PROVEEDOR 03416,BEN
10003417,BENEFICIARIO 03417,001000003417,PEN,2504.91,BINPPEPLXXX,PAGO PROVEEDOR 03417,SHA
10003418,BENEFICIARIO 03418,001000003418,PEN,2505.64,SCBLPEPLXXX,PAGO PROVEEDOR 03418,OUR
10003419,BENEFICIARIO 03419,001000003419,PEN,2506.37,CITIPEPLXXX,PAGO PROVEEDOR 03419,BEN
10003420,BENEFICIARIO 03420,001000003420,USD,2507.10,BCPLPEPLXXX,PAGO PROVEEDOR 03420,SHA
10003421,BENEFICIARIO 03421,001000003421,PEN,2507.83,BINPPEPLXXX,PAGO PROVEEDOR 03421,OUR
10003422,BENEFICIARIO 03422,001000003422,PEN,2508.56,SCBLPEPLXXX,PAGO PROVEEDOR 03422,BEN
10003423,BENEFICIARIO 03423,001000003423,PEN,2509.29,CITIPEPLXXX,PAGO PROVEEDOR 03423,SHA
10003424,BENEFICIARIO 03424,001000003424,PEN,2510.02,BCPLPEPLXXX,PAGO PROVEEDOR 03424,OUR
10003425,BENEFICIARIO 03425,001000003425,USD,2510.75,BINPPEPLXXX,PAGO PROVEEDOR 03425,BEN
10003426,BENEFICIARIO 03426,001000003426,PEN,2511.48,SCBLPEPLXXX,PAGO PROVEEDOR 03426,SHA
10003427,BENEFICIARIO 03427,001000003427,PEN,2512.21,CITIPEPLXXX,PAGO PROVEEDOR 03427,OUR
10003428,BENEFICIARIO 03428,001000003428,PEN,2512.94,BCPLPEPLXXX,PAGO PROVEEDOR 03428,BEN
10003429,BENEFICIARIO 03429,001000003429,PEN,2513.67,BINPPEPLXXX,PAGO PROVEEDOR 03429,SHA
10003430,BENEFICIARIO 03430,001000003430,USD,2514.40,SCBLPEPLXXX,PAGO PROVEEDOR 03430,OUR
10003431,BENEFICIARIO 03431,001000003431,PEN,2515.13,CITIPEPLXXX,PAGO PROVEEDOR 03431,BEN
10003432,BENEFICIARIO 03432,001000003432,PEN,2515.86,BCPLPEPLXXX,PAGO PROVEEDOR 03432,SHA
10003433,BENEFICIARIO 03433,001000003433,PEN,2516.59,BINPPEPLXXX,PAGO PROVEEDOR 03433,OUR
10003434,BENEFICIARIO 03434,001000003434,PEN,2517.32,SCBLPEPLXXX,PAGO PROVEEDOR 03434,BEN
10003435,BENEFICIARIO 03435,001000003435,USD,2518.05,CITIPEPLXXX,PAGO PROVEEDOR 03435,SHA
10003436,BENEFICIARIO 03436,001000003436,PEN,2518.78,BCPLPEPLXXX,PAGO PROVEEDOR 03436,OUR
10003437,BENEFICIARIO 03437,001000003437,PEN,2519.51,BINPPEPLXXX,PAGO PROVEEDOR 03437,BEN
10003438,BENEFICIARIO 03438,001000003438,PEN,2520.24,SCBLPEPLXXX,PAGO PROVEEDOR 03438,SHA
10003439,BENEFICIARIO 03439,001000003439,PEN,2520.97,CITIPEPLXXX,PAGO PROVEEDOR 03439,OUR
10003440,BENEFICIARIO 03440,001000003440,USD,2521.70,BCPLPEPLXXX,PAGO PROVEEDOR 03440,BEN
10003441,BENEFICIARIO 03441,001000003441,PEN,2522.43,BINPPEPLXXX,PAGO PROVEEDOR 03441,SHA
10003442,BENEFICIARIO 03442,001000003442,PEN,2523.16,SCBLPEPLXXX,PAGO PROVEEDOR 03442,OUR
10003443,BENEFICIARIO 03443,001000003443,PEN,2523.89,CITIPEPLXXX,PAGO PROVEEDOR 03443,BEN
10003444,BENEFICIARIO 03444,001000003444,PEN,2524.62,BCPLPEPLXXX,PAGO PROVEEDOR 03444,SHA
10003445,BENEFICIARIO 03445,001000003445,USD,2525.35,BINPPEPLXXX,PAGO PROVEEDOR 03445,OUR
10003446,BENEFICIARIO 03446,001000003446,PEN,2526.08,SCBLPEPLXXX,PAGO PROVEEDOR 03446,BEN
10003447,BENEFICIARIO 03447,001000003447,PEN,2526.81,CITIPEPLXXX,PAGO PROVEEDOR 03447,SHA
10003448,BENEFICIARIO 03448,001000003448,PEN,2527.54,BCPLPEPLXXX,PAGO PROVEEDOR 03448,OUR
10003449,BENEFICIARIO 03449,001000003449,PEN,2528.27,BINPPEPLXXX,PAGO PROVEEDOR 03449,BEN
10003450,BENEFICIARIO 03450,001000003450,USD,2529.00,SCBLPEPLXXX,PAGO PROVEEDOR 03450,SHA
10003451,BENEFICIARIO 03451,001000003451,PEN,2529.73,CITIPEPLXXX,PAGO PROVEEDOR 03451,OUR
10003452,BENEFICIARIO 03452,001000003452,PEN,2530.46,BCPLPEPLXXX,PAGO PROVEEDOR 03452,BEN
10003453,BENEFICIARIO 03453,001000003453,PEN,2531.19,BINPPEPLXXX,PAGO PROVEEDOR 03453,SHA
10003454,BENEFICIARIO 03454,001000003454,PEN,2531.92,SCBLPEPLXXX,PAGO PROVEEDOR 03454,OUR
10003455,BENEFICIARIO 03455,001000003455,USD,2532.65,CITIPEPLXXX,PAGO PROVEEDOR 03455,BEN
10003456,BENEFICIARIO 03456,001000003456,PEN,2533.38,BCPLPEPLXXX,PAGO PROVEEDOR 03456,SHA
10003457,BENEFICIARIO 03457,001000003457,PEN,2534.11,BINPPEPLXXX,PAGO PROVEEDOR 03457,OUR
10003458,BENEFICIARIO 03458,001000003458,PEN,2534.84,SCBLPEPLXXX,PAGO PROVEEDOR 03458,BEN
10003459,BENEFICIARIO 03459,001000003459,PEN,2535.57,CITIPEPLXXX,PAGO PROVEEDOR 03459,SHA
10003460,BENEFICIARIO 03460,001000003460,USD,2536.30,BCPLPEPLXXX,PAGO PROVEEDOR 03460,OUR
10003461,BENEFICIARIO 03461,001000003461,PEN,2537.03,BINPPEPLXXX,PAGO PROVEEDOR 03461,BEN
10003462,BENEFICIARIO 03462,001000003462,PEN,2537.76,SCBLPEPLXXX,PAGO PROVEEDOR 03462,SHA
10003463,BENEFICIARIO 03463,001000003463,PEN,2538.49,CITIPEPLXXX,PAGO PROVEEDOR 03463,OUR
10003464,BENEFICIARIO 03464,001000003464,PEN,2539.22,BCPLPEPLXXX,PAGO PROVEEDOR 03464,BEN
10003465,BENEFICIARIO 03465,001000003465,USD,2539.95,BINPPEPLXXX,PAGO PROVEEDOR 03465,SHA
10003466,BENEFICIARIO 03466,001000003466,PEN,2540.68,SCBLPEPLXXX,PAGO PROVEEDOR 03466,OUR
10003467,BENEFICIARIO 03467,001000003467,PEN,2541.41,CITIPEPLXXX,PAGO PROVEEDOR 03467,BEN
10003468,BENEFICIARIO 03468,001000003468,PEN,2542.14,BCPLPEPLXXX,PAGO PROVEEDOR 03468,SHA
10003469,BENEFICIARIO 03469,001000003469,PEN,2542.87,BINPPEPLXXX,PAGO PROVEEDOR 03469,OUR
10003470,BENEFICIARIO 03470,001000003470,USD,2543.60,SCBLPEPLXXX,PAGO PROVEEDOR 03470,BEN
10003471,BENEFICIARIO 03471,001000003471,PEN,2544.33,CITIPEPLXXX,PAGO PROVEEDOR 03471,SHA
10003472,BENEFICIARIO 03472,001000003472,PEN,2545.06,BCPLPEPLXXX,PAGO PROVEEDOR 03472,OUR
10003473,BENEFICIARIO 03473,001000003473,PEN,2545.79,BINPPEPLXXX,PAGO PROVEEDOR 03473,BEN
10003474,BENEFICIARIO 03474,001000003474,PEN,2546.52,SCBLPEPLXXX,PAGO PROVEEDOR 03474,SHA
10003475,BENEFICIARIO 03475,001000003475,USD,2547.25,CITIPEPLXXX,PAGO PROVEEDOR 03475,OUR
10003476,BENEFICIARIO 03476,001000003476,PEN,2547.98,BCPLPEPLXXX,PAGO PROVEEDOR 03476,BEN
10003477,BENEFICIARIO 03477,001000003477,PEN,2548.71,BINPPEPLXXX,PAGO PROVEEDOR 03477,SHA
10003478,BENEFICIARIO 03478,001000003478,PEN,2549.44,SCBLPEPLXXX,PAGO PROVEEDOR 03478,OUR
10003479,BENEFICIARIO 03479,001000003479,PEN,2550.17,CITIPEPLXXX,PAGO PROVEEDOR 03479,BEN
10003480,BENEFICIARIO 03480,001000003480,USD,2550.90,BCPLPEPLXXX,PAGO PROVEEDOR 03480,SHA
10003481,BENEFICIARIO 03481,001000003481,PEN,2551.63,BINPPEPLXXX,PAGO PROVEEDOR 03481,OUR
10003482,BENEFICIARIO 03482,001000003482,PEN,2552.36,SCBLPEPLXXX,PAGO PROVEEDOR 03482,BEN
10003483,BENEFICIARIO 03483,001000003483,PEN,2553.09,CITIPEPLXXX,PAGO PROVEEDOR 03483,SHA
10003484,BENEFICIARIO 03484,001000003484,PEN,2553.82,BCPLPEPLXXX,PAGO PROVEEDOR 03484,OUR
10003485,BENEFICIARIO 03485,001000003485,USD,2554.55,BINPPEPLXXX,PAGO PROVEEDOR 03485,BEN
10003486,BENEFICIARIO 03486,001000003486,PEN,2555.28,SCBLPEPLXXX,PAGO PROVEEDOR 03486,SHA
10003487,BENEFICIARIO 03487,001000003487,PEN,2556.01,CITIPEPLXXX,PAGO PROVEEDOR 03487,OUR
10003488,BENEFICIARIO 03488,001000003488,PEN,2556.74,BCPLPEPLXXX,PAGO PROVEEDOR 03488,BEN
10003489,BENEFICIARIO 03489,001000003489,PEN,2557.47,BINPPEPLXXX,PAGO PROVEEDOR 03489,SHA
10003490,BENEFICIARIO 03490,001000003490,USD,2558.20,SCBLPEPLXXX,PAGO PROVEEDOR 03490,OUR
10003491,BENEFICIARIO 03491,001000003491,PEN,2558.93,CITIPEPLXXX,PAGO PROVEEDOR 03491,BEN
10003492,BENEFICIARIO 03492,001000003492,PEN,2559.66,BCPLPEPLXXX,PAGO PROVEEDOR 03492,SHA
10003493,BENEFICIARIO 03493,001000003493,PEN,2560.39,BINPPEPLXXX,PAGO PROVEEDOR 03493,OUR
10003494,BENEFICIARIO 03494,001000003494,PEN,2561.12,SCBLPEPLXXX,PAGO PROVEEDOR 03494,BEN
10003495,BENEFICIARIO 03495,001000003495,USD,2561.85,CITIPEPLXXX,PAGO PROVEEDOR 03495,SHA
10003496,BENEFICIARIO 03496,001000003496,PEN,2562.58,BCPLPEPLXXX,PAGO PROVEEDOR 03496,OUR
10003497,BENEFICIARIO 03497,001000003497,PEN,2563.31,BINPPEPLXXX,PAGO PROVEEDOR 03497,BEN
10003498,BENEFICIARIO 03498,001000003498,PEN,2564.04,SCBLPEPLXXX,PAGO PROVEEDOR 03498,SHA
10003499,BENEFICIARIO 03499,001000003499,PEN,2564.77,CITIPEPLXXX,PAGO PROVEEDOR 03499,OUR
10003500,BENEFICIARIO 03500,001000003500,USD,2565.50,BCPLPEPLXXX,PAGO PROVEEDOR 03500,BEN
10003501,BENEFICIARIO 03501,001000003501,PEN,2566.23,BINPPEPLXXX,PAGO PROVEEDOR 03501,SHA
10003502,BENEFICIARIO 03502,001000003502,PEN,2566.96,SCBLPEPLXXX,PAGO PROVEEDOR 03502,OUR
10003503,BENEFICIARIO 03503,001000003503,PEN,2567.69,CITIPEPLXXX,PAGO PROVEEDOR 03503,BEN
10003504,BENEFICIARIO 03504,001000003504,PEN,2568.42,BCPLPEPLXXX,PAGO PROVEEDOR 03504,SHA
10003505,BENEFICIARIO 03505,001000003505,USD,2569.15,BINPPEPLXXX,PAGO PROVEEDOR 03505,OUR
10003506,BENEFICIARIO 03506,001000003506,PEN,2569.88,SCBLPEPLXXX,PAGO PROVEEDOR 03506,BEN
10003507,BENEFICIARIO 03507,001000003507,PEN,2570.61,CITIPEPLXXX,PAGO PROVEEDOR 03507,SHA
10003508,BENEFICIARIO 03508,001000003508,PEN,2571.34,BCPLPEPLXXX,PAGO PROVEEDOR 03508,OUR
10003509,BENEFICIARIO 03509,001000003509,PEN,2572.07,BINPPEPLXXX,PAGO PROVEEDOR 03509,BEN
10003510,BENEFICIARIO 03510,001000003510,USD,2572.80,SCBLPEPLXXX,PAGO PROVEEDOR 03510,SHA
10003511,BENEFICIARIO 03511,001000003511,PEN,2573.53,CITIPEPLXXX,PAGO PROVEEDOR 03511,OUR
10003512,BENEFICIARIO 03512,001000003512,PEN,2574.26,BCPLPEPLXXX,PAGO PROVEEDOR 03512,BEN
10003513,BENEFICIARIO 03513,001000003513,PEN,2574.99,BINPPEPLXXX,PAGO PROVEEDOR 03513,SHA
10003514,BENEFICIARIO 03514,001000003514,PEN,2575.72,SCBLPEPLXXX,PAGO PROVEEDOR 03514,OUR
10003515,BENEFICIARIO 03515,001000003515,USD,2576.45,CITIPEPLXXX,PAGO PROVEEDOR 03515,BEN
10003516,BENEFICIARIO 03516,001000003516,PEN,2577.18,BCPLPEPLXXX,PAGO PROVEEDOR 03516,SHA
10003517,BENEFICIARIO 03517,001000003517,PEN,2577.91,BINPPEPLXXX,PAGO PROVEEDOR 03517,OUR
10003518,BENEFICIARIO 03518,001000003518,PEN,2578.64,SCBLPEPLXXX,PAGO PROVEEDOR 03518,BEN
10003519,BENEFICIARIO 03519,001000003519,PEN,2579.37,CITIPEPLXXX,PAGO PROVEEDOR 03519,SHA
10003520,BENEFICIARIO 03520,001000003520,USD,2580.10,BCPLPEPLXXX,PAGO PROVEEDOR 03520,OUR
10003521,BENEFICIARIO 03521,001000003521,PEN,2580.83,BINPPEPLXXX,PAGO PROVEEDOR 03521,BEN
10003522,BENEFICIARIO 03522,001000003522,PEN,2581.56,SCBLPEPLXXX,PAGO PROVEEDOR 03522,SHA
10003523,BENEFICIARIO 03523,001000003523,PEN,2582.29,CITIPEPLXXX,PAGO PROVEEDOR 03523,OUR
10003524,BENEFICIARIO 03524,001000003524,PEN,2583.02,BCPLPEPLXXX,PAGO PROVEEDOR 03524,BEN
10003525,BENEFICIARIO 03525,001000003525,USD,2583.75,BINPPEPLXXX,PAGO PROVEEDOR 03525,SHA
10003526,BENEFICIARIO 03526,001000003526,PEN,2584.48,SCBLPEPLXXX,PAGO PROVEEDOR 03526,OUR
10003527,BENEFICIARIO 03527,001000003527,PEN,2585.21,CITIPEPLXXX,PAGO PROVEEDOR 03527,BEN
10003528,BENEFICIARIO 03528,001000003528,PEN,2585.94,BCPLPEPLXXX,PAGO PROVEEDOR 03528,SHA
10003529,BENEFICIARIO 03529,001000003529,PEN,2586.67,BINPPEPLXXX,PAGO PROVEEDOR 03529,OUR
10003530,BENEFICIARIO 03530,001000003530,USD,2587.40,SCBLPEPLXXX,PAGO PROVEEDOR 03530,BEN
10003531,BENEFICIARIO 03531,001000003531,PEN,2588.13,CITIPEPLXXX,PAGO PROVEEDOR 03531,SHA
10003532,BENEFICIARIO 03532,001000003532,PEN,2588.86,BCPLPEPLXXX,PAGO PROVEEDOR 03532,OUR
10003533,BENEFICIARIO 03533,001000003533,PEN,2589.59,BINPPEPLXXX,PAGO PROVEEDOR 03533,BEN
10003534,BENEFICIARIO 03534,001000003534,PEN,2590.32,SCBLPEPLXXX,PAGO PROVEEDOR 03534,SHA
10003535,BENEFICIARIO 03535,001000003535,USD,2591.05,CITIPEPLXXX,PAGO PROVEEDOR 03535,OUR
10003536,BENEFICIARIO 03536,001000003536,PEN,2591.78,BCPLPEPLXXX,PAGO PROVEEDOR 03536,BEN
10003537,BENEFICIARIO 03537,001000003537,PEN,2592.51,BINPPEPLXXX,PAGO PROVEEDOR 03537,SHA
10003538,BENEFICIARIO 03538,001000003538,PEN,2593.24,SCBLPEPLXXX,PAGO PROVEEDOR 03538,OUR
10003539,BENEFICIARIO 03539,001000003539,PEN,2593.97,CITIPEPLXXX,PAGO PROVEEDOR 03539,BEN
10003540,BENEFICIARIO 03540,001000003540,USD,2594.70,BCPLPEPLXXX,PAGO PROVEEDOR 03540,SHA
10003541,BENEFICIARIO 03541,001000003541,PEN,2595.43,BINPPEPLXXX,PAGO PROVEEDOR 03541,OUR
10003542,BENEFICIARIO 03542,001000003542,PEN,2596.16,SCBLPEPLXXX,PAGO PROVEEDOR 03542,BEN
10003543,BENEFICIARIO 03543,001000003543,PEN,2596.89,CITIPEPLXXX,PAGO PROVEEDOR 03543,SHA
10003544,BENEFICIARIO 03544,001000003544,PEN,2597.62,BCPLPEPLXXX,PAGO PROVEEDOR 03544,OUR
10003545,BENEFICIARIO 03545,001000003545,USD,2598.35,BINPPEPLXXX,PAGO PROVEEDOR 03545,BEN
10003546,BENEFICIARIO 03546,001000003546,PEN,2599.08,SCBLPEPLXXX,PAGO PROVEEDOR 03546,SHA
10003547,BENEFICIARIO 03547,001000003547,PEN,2599.81,CITIPEPLXXX,PAGO PROVEEDOR 03547,OUR
10003548,BENEFICIARIO 03548,001000003548,PEN,2600.54,BCPLPEPLXXX,PAGO PROVEEDOR 03548,BEN
10003549,BENEFICIARIO 03549,001000003549,PEN,2601.27,BINPPEPLXXX,PAGO PROVEEDOR 03549,SHA
10003550,BENEFICIARIO 03550,001000003550,USD,2602.00,SCBLPEPLXXX,PAGO PROVEEDOR 03550,OUR
10003551,BENEFICIARIO 03551,001000003551,PEN,2602.73,CITIPEPLXXX,PAGO PROVEEDOR 03551,BEN
10003552,BENEFICIARIO 03552,001000003552,PEN,2603.46,BCPLPEPLXXX,PAGO PROVEEDOR 03552,SHA
10003553,BENEFICIARIO 03553,001000003553,PEN,2604.19,BINPPEPLXXX,PAGO PROVEEDOR 03553,OUR
10003554,BENEFICIARIO 03554,001000003554,PEN,2604.92,SCBLPEPLXXX,PAGO PROVEEDOR 03554,BEN
10003555,BENEFICIARIO 03555,001000003555,USD,2605.65,CITIPEPLXXX,PAGO PROVEEDOR 03555,SHA
10003556,BENEFICIARIO 03556,001000003556,PEN,2606.38,BCPLPEPLXXX,PAGO PROVEEDOR 03556,OUR
10003557,BENEFICIARIO 03557,001000003557,PEN,2607.11,BINPPEPLXXX,PAGO PROVEEDOR 03557,BEN
10003558,BENEFICIARIO 03558,001000003558,PEN,2607.84,SCBLPEPLXXX,PAGO PROVEEDOR 03558,SHA
10003559,BENEFICIARIO 03559,001000003559,PEN,2608.57,CITIPEPLXXX,PAGO PROVEEDOR 03559,OUR
10003560,BENEFICIARIO 03560,001000003560,USD,2609.30,BCPLPEPLXXX,PAGO PROVEEDOR 03560,BEN
10003561,BENEFICIARIO 03561,001000003561,PEN,2610.03,BINPPEPLXXX,PAGO PROVEEDOR 03561,SHA
10003562,BENEFICIARIO 03562,001000003562,PEN,2610.76,SCBLPEPLXXX,PAGO PROVEEDOR 03562,OUR
10003563,BENEFICIARIO 03563,001000003563,PEN,2611.49,CITIPEPLXXX,PAGO PROVEEDOR 03563,BEN
10003564,BENEFICIARIO 03564,001000003564,PEN,2612.22,BCPLPEPLXXX,PAGO PROVEEDOR 03564,SHA
10003565,BENEFICIARIO 03565,001000003565,USD,2612.95,BINPPEPLXXX,PAGO PROVEEDOR 03565,OUR
10003566,BENEFICIARIO 03566,001000003566,PEN,2613.68,SCBLPEPLXXX,PAGO PROVEEDOR 03566,BEN
10003567,BENEFICIARIO 03567,001000003567,PEN,2614.41,CITIPEPLXXX,PAGO PROVEEDOR 03567,SHA
10003568,BENEFICIARIO 03568,001000003568,PEN,2615.14,BCPLPEPLXXX,PAGO PROVEEDOR 03568,OUR
10003569,BENEFICIARIO 03569,001000003569,PEN,2615.87,BINPPEPLXXX,PAGO PROVEEDOR 03569,BEN
10003570,BENEFICIARIO 03570,001000003570,USD,2616.60,SCBLPEPLXXX,PAGO PROVEEDOR 03570,SHA
10003571,BENEFICIARIO 03571,001000003571,PEN,2617.33,CITIPEPLXXX,PAGO PROVEEDOR 03571,OUR
10003572,BENEFICIARIO 03572,001000003572,PEN,2618.06,BCPLPEPLXXX,PAGO PROVEEDOR 03572,BEN
10003573,BENEFICIARIO 03573,001000003573,PEN,2618.79,BINPPEPLXXX,PAGO PROVEEDOR 03573,SHA
10003574,BENEFICIARIO 03574,001000003574,PEN,2619.52,SCBLPEPLXXX,PAGO PROVEEDOR 03574,OUR
10003575,BENEFICIARIO 03575,001000003575,USD,2620.25,CITIPEPLXXX,PAGO PROVEEDOR 03575,BEN
10003576,BENEFICIARIO 03576,001000003576,PEN,2620.98,BCPLPEPLXXX,PAGO PROVEEDOR 03576,SHA
10003577,BENEFICIARIO 03577,001000003577,PEN,2621.71,BINPPEPLXXX,PAGO PROVEEDOR 03577,OUR
10003578,BENEFICIARIO 03578,001000003578,PEN,2622.44,SCBLPEPLXXX,PAGO PROVEEDOR 03578,BEN
10003579,BENEFICIARIO 03579,001000003579,PEN,2623.17,CITIPEPLXXX,PAGO PROVEEDOR 03579,SHA
10003580,BENEFICIARIO 03580,001000003580,USD,2623.90,BCPLPEPLXXX,PAGO PROVEEDOR 03580,OUR
10003581,BENEFICIARIO 03581,001000003581,PEN,2624.63,BINPPEPLXXX,PAGO PROVEEDOR 03581,BEN
10003582,BENEFICIARIO 03582,001000003582,PEN,2625.36,SCBLPEPLXXX,PAGO PROVEEDOR 03582,SHA
10003583,BENEFICIARIO 03583,001000003583,PEN,2626.09,CITIPEPLXXX,PAGO PROVEEDOR 03583,OUR
10003584,BENEFICIARIO 03584,001000003584,PEN,2626.82,BCPLPEPLXXX,PAGO PROVEEDOR 03584,BEN
10003585,BENEFICIARIO 03585,001000003585,USD,2627.55,BINPPEPLXXX,PAGO PROVEEDOR 03585,SHA
10003586,BENEFICIARIO 03586,001000003586,PEN,2628.28,SCBLPEPLXXX,PAGO PROVEEDOR 03586,OUR
10003587,BENEFICIARIO 03587,001000003587,PEN,2629.01,CITIPEPLXXX,PAGO PROVEEDOR 03587,BEN
10003588,BENEFICIARIO 03588,001000003588,PEN,2629.74,BCPLPEPLXXX,PAGO PROVEEDOR 03588,SHA
10003589,BENEFICIARIO 03589,001000003589,PEN,2630.47,BINPPEPLXXX,PAGO PROVEEDOR 03589,OUR
10003590,BENEFICIARIO 03590,001000003590,USD,2631.20,SCBLPEPLXXX,PAGO PROVEEDOR 03590,BEN
10003591,BENEFICIARIO 03591,001000003591,PEN,2631.93,CITIPEPLXXX,PAGO PROVEEDOR 03591,SHA
10003592,BENEFICIARIO 03592,001000003592,PEN,2632.66,BCPLPEPLXXX,PAGO PROVEEDOR 03592,OUR
10003593,BENEFICIARIO 03593,001000003593,PEN,2633.39,BINPPEPLXXX,PAGO PROVEEDOR 03593,BEN
10003594,BENEFICIARIO 03594,001000003594,PEN,2634.12,SCBLPEPLXXX,PAGO PROVEEDOR 03594,SHA
10003595,BENEFICIARIO 03595,001000003595,USD,2634.85,CITIPEPLXXX,PAGO PROVEEDOR 03595,OUR
10003596,BENEFICIARIO 03596,001000003596,PEN,2635.58,BCPLPEPLXXX,PAGO PROVEEDOR 03596,BEN
10003597,BENEFICIARIO 03597,001000003597,PEN,2636.31,BINPPEPLXXX,PAGO PROVEEDOR 03597,SHA
10003598,BENEFICIARIO 03598,001000003598,PEN,2637.04,SCBLPEPLXXX,PAGO PROVEEDOR 03598,OUR
10003599,BENEFICIARIO 03599,001000003599,PEN,2637.77,CITIPEPLXXX,PAGO PROVEEDOR 03599,BEN
10003600,BENEFICIARIO 03600,001000003600,USD,2638.50,BCPLPEPLXXX,PAGO PROVEEDOR 03600,SHA
10003601,BENEFICIARIO 03601,001000003601,PEN,2639.23,BINPPEPLXXX,PAGO PROVEEDOR 03601,OUR
10003602,BENEFICIARIO 03602,001000003602,PEN,2639.96,SCBLPEPLXXX,PAGO PROVEEDOR 03602,BEN
10003603,BENEFICIARIO 03603,001000003603,PEN,2640.69,CITIPEPLXXX,PAGO PROVEEDOR 03603,SHA
10003604,BENEFICIARIO 03604,001000003604,PEN,2641.42,BCPLPEPLXXX,PAGO PROVEEDOR 03604,OUR
10003605,BENEFICIARIO 03605,001000003605,USD,2642.15,BINPPEPLXXX,PAGO PROVEEDOR 03605,BEN
10003606,BENEFICIARIO 03606,001000003606,PEN,2642.88,SCBLPEPLXXX,PAGO PROVEEDOR 03606,SHA
10003607,BENEFICIARIO 03607,001000003607,PEN,2643.61,CITIPEPLXXX,PAGO PROVEEDOR 03607,OUR
10003608,BENEFICIARIO 03608,001000003608,PEN,2644.34,BCPLPEPLXXX,PAGO PROVEEDOR 03608,BEN
10003609,BENEFICIARIO 03609,001000003609,PEN,2645.07,BINPPEPLXXX,PAGO PROVEEDOR 03609,SHA
10003610,BENEFICIARIO 03610,001000003610,USD,2645.80,SCBLPEPLXXX,PAGO PROVEEDOR 03610,OUR
10003611,BENEFICIARIO 03611,001000003611,PEN,2646.53,CITIPEPLXXX,PAGO PROVEEDOR 03611,BEN
10003612,BENEFICIARIO 03612,001000003612,PEN,2647.26,BCPLPEPLXXX,PAGO PROVEEDOR 03612,SHA
10003613,BENEFICIARIO 03613,001000003613,PEN,2647.99,BINPPEPLXXX,PAGO PROVEEDOR 03613,OUR
10003614,BENEFICIARIO 03614,001000003614,PEN,2648.72,SCBLPEPLXXX,PAGO PROVEEDOR 03614,BEN
10003615,BENEFICIARIO 03615,001000003615,USD,2649.45,CITIPEPLXXX,PAGO PROVEEDOR 03615,SHA
10003616,BENEFICIARIO 03616,001000003616,PEN,2650.18,BCPLPEPLXXX,PAGO PROVEEDOR 03616,OUR
10003617,BENEFICIARIO 03617,001000003617,PEN,2650.91,BINPPEPLXXX,PAGO PROVEEDOR 03617,BEN
10003618,BENEFICIARIO 03618,001000003618,PEN,2651.64,SCBLPEPLXXX,PAGO PROVEEDOR 03618,SHA
10003619,BENEFICIARIO 03619,001000003619,PEN,2652.37,CITIPEPLXXX,PAGO PROVEEDOR 03619,OUR
10003620,BENEFICIARIO 03620,001000003620,USD,2653.10,BCPLPEPLXXX,PAGO PROVEEDOR 03620,BEN
10003621,BENEFICIARIO 03621,001000003621,PEN,2653.83,BINPPEPLXXX,PAGO PROVEEDOR 03621,SHA
10003622,BENEFICIARIO 03622,001000003622,PEN,2654.56,SCBLPEPLXXX,PAGO PROVEEDOR 03622,OUR
10003623,BENEFICIARIO 03623,001000003623,PEN,2655.29,CITIPEPLXXX,PAGO PROVEEDOR 03623,BEN
10003624,BENEFICIARIO 03624,001000003624,PEN,2656.02,BCPLPEPLXXX,PAGO PROVEEDOR 03624,SHA
10003625,BENEFICIARIO 03625,001000003625,USD,2656.75,BINPPEPLXXX,PAGO PROVEEDOR 03625,OUR
10003626,BENEFICIARIO 03626,001000003626,PEN,2657.48,SCBLPEPLXXX,PAGO PROVEEDOR 03626,BEN
10003627,BENEFICIARIO 03627,001000003627,PEN,2658.21,CITIPEPLXXX,PAGO PROVEEDOR 03627,SHA
10003628,BENEFICIARIO 03628,001000003628,PEN,2658.94,BCPLPEPLXXX,PAGO PROVEEDOR 03628,OUR
10003629,BENEFICIARIO 03629,001000003629,PEN,2659.67,BINPPEPLXXX,PAGO PROVEEDOR 03629,BEN
10003630,BENEFICIARIO 03630,001000003630,USD,2660.40,SCBLPEPLXXX,PAGO PROVEEDOR 03630,SHA
10003631,BENEFICIARIO 03631,001000003631,PEN,2661.13,CITIPEPLXXX,PAGO PROVEEDOR 03631,OUR
10003632,BENEFICIARIO 03632,001000003632,PEN,2661.86,BCPLPEPLXXX,PAGO PROVEEDOR 03632,BEN
10003633,BENEFICIARIO 03633,001000003633,PEN,2662.59,BINPPEPLXXX,PAGO PROVEEDOR 03633,SHA
10003634,BENEFICIARIO 03634,001000003634,PEN,2663.32,SCBLPEPLXXX,PAGO PROVEEDOR 03634,OUR
10003635,BENEFICIARIO 03635,001000003635,USD,2664.05,CITIPEPLXXX,PAGO PROVEEDOR 03635,BEN
10003636,BENEFICIARIO 03636,001000003636,PEN,2664.78,BCPLPEPLXXX,PAGO PROVEEDOR 03636,SHA
10003637,BENEFICIARIO 03637,001000003637,PEN,2665.51,BINPPEPLXXX,PAGO PROVEEDOR 03637,OUR
10003638,BENEFICIARIO 03638,001000003638,PEN,2666.24,SCBLPEPLXXX,PAGO PROVEEDOR 03638,BEN
10003639,BENEFICIARIO 03639,001000003639,PEN,2666.97,CITIPEPLXXX,PAGO PROVEEDOR 03639,SHA
10003640,BENEFICIARIO 03640,001000003640,USD,2667.70,BCPLPEPLXXX,PAGO PROVEEDOR 03640,OUR
10003641,BENEFICIARIO 03641,001000003641,PEN,2668.43,BINPPEPLXXX,PAGO PROVEEDOR 03641,BEN
10003642,BENEFICIARIO 03642,001000003642,PEN,2669.16,SCBLPEPLXXX,PAGO PROVEEDOR 03642,SHA
10003643,BENEFICIARIO 03643,001000003643,PEN,2669.89,CITIPEPLXXX,PAGO PROVEEDOR 03643,OUR
10003644,BENEFICIARIO 03644,001000003644,PEN,2670.62,BCPLPEPLXXX,PAGO PROVEEDOR 03644,BEN
10003645,BENEFICIARIO 03645,001000003645,USD,2671.35,BINPPEPLXXX,PAGO PROVEEDOR 03645,SHA
10003646,BENEFICIARIO 03646,001000003646,PEN,2672.08,SCBLPEPLXXX,PAGO PROVEEDOR 03646,OUR
10003647,BENEFICIARIO 03647,001000003647,PEN,2672.81,CITIPEPLXXX,PAGO PROVEEDOR 03647,BEN
10003648,BENEFICIARIO 03648,001000003648,PEN,2673.54,BCPLPEPLXXX,PAGO PROVEEDOR 03648,SHA
10003649,BENEFICIARIO 03649,001000003649,PEN,2674.27,BINPPEPLXXX,PAGO PROVEEDOR 03649,OUR
10003650,BENEFICIARIO 03650,001000003650,USD,2675.00,SCBLPEPLXXX,PAGO PROVEEDOR 03650,BEN
10003651,BENEFICIARIO 03651,001000003651,PEN,2675.73,CITIPEPLXXX,PAGO PROVEEDOR 03651,SHA
10003652,BENEFICIARIO 03652,001000003652,PEN,2676.46,BCPLPEPLXXX,PAGO PROVEEDOR 03652,OUR
10003653,BENEFICIARIO 03653,001000003653,PEN,2677.19,BINPPEPLXXX,PAGO PROVEEDOR 03653,BEN
10003654,BENEFICIARIO 03654,001000003654,PEN,2677.92,SCBLPEPLXXX,PAGO PROVEEDOR 03654,SHA
10003655,BENEFICIARIO 03655,001000003655,USD,2678.65,CITIPEPLXXX,PAGO PROVEEDOR 03655,OUR
10003656,BENEFICIARIO 03656,001000003656,PEN,2679.38,BCPLPEPLXXX,PAGO PROVEEDOR 03656,BEN
10003657,BENEFICIARIO 03657,001000003657,PEN,2680.11,BINPPEPLXXX,PAGO PROVEEDOR 03657,SHA
10003658,BENEFICIARIO 03658,001000003658,PEN,2680.84,SCBLPEPLXXX,PAGO PROVEEDOR 03658,OUR
10003659,BENEFICIARIO 03659,001000003659,PEN,2681.57,CITIPEPLXXX,PAGO PROVEEDOR 03659,BEN
10003660,BENEFICIARIO 03660,001000003660,USD,2682.30,BCPLPEPLXXX,PAGO PROVEEDOR 03660,SHA
10003661,BENEFICIARIO 03661,001000003661,PEN,2683.03,BINPPEPLXXX,PAGO PROVEEDOR 03661,OUR
10003662,BENEFICIARIO 03662,001000003662,PEN,2683.76,SCBLPEPLXXX,PAGO PROVEEDOR 03662,BEN
10003663,BENEFICIARIO 03663,001000003663,PEN,2684.49,CITIPEPLXXX,PAGO PROVEEDOR 03663,SHA
10003664,BENEFICIARIO 03664,001000003664,PEN,2685.22,BCPLPEPLXXX,PAGO PROVEEDOR 03664,OUR
10003665,BENEFICIARIO 03665,001000003665,USD,2685.95,BINPPEPLXXX,PAGO PROVEEDOR 03665,BEN
10003666,BENEFICIARIO 03666,001000003666,PEN,2686.68,SCBLPEPLXXX,PAGO PROVEEDOR 03666,SHA
10003667,BENEFICIARIO 03667,001000003667,PEN,2687.41,CITIPEPLXXX,PAGO PROVEEDOR 03667,OUR
10003668,BENEFICIARIO 03668,001000003668,PEN,2688.14,BCPLPEPLXXX,PAGO PROVEEDOR 03668,BEN
10003669,BENEFICIARIO 03669,001000003669,PEN,2688.87,BINPPEPLXXX,PAGO PROVEEDOR 03669,SHA
10003670,BENEFICIARIO 03670,001000003670,USD,2689.60,SCBLPEPLXXX,PAGO PROVEEDOR 03670,OUR
10003671,BENEFICIARIO 03671,001000003671,PEN,2690.33,CITIPEPLXXX,PAGO PROVEEDOR 03671,BEN
10003672,BENEFICIARIO 03672,001000003672,PEN,2691.06,BCPLPEPLXXX,PAGO PROVEEDOR 03672,SHA
10003673,BENEFICIARIO 03673,001000003673,PEN,2691.79,BINPPEPLXXX,PAGO PROVEEDOR 03673,OUR
10003674,BENEFICIARIO 03674,001000003674,PEN,2692.52,SCBLPEPLXXX,PAGO PROVEEDOR 03674,BEN
10003675,BENEFICIARIO 03675,001000003675,USD,2693.25,CITIPEPLXXX,PAGO PROVEEDOR 03675,SHA
10003676,BENEFICIARIO 03676,001000003676,PEN,2693.98,BCPLPEPLXXX,PAGO PROVEEDOR 03676,OUR
10003677,BENEFICIARIO 03677,001000003677,PEN,2694.71,BINPPEPLXXX,PAGO PROVEEDOR 03677,BEN
10003678,BENEFICIARIO 03678,001000003678,PEN,2695.44,SCBLPEPLXXX,PAGO PROVEEDOR 03678,SHA
10003679,BENEFICIARIO 03679,001000003679,PEN,2696.17,CITIPEPLXXX,PAGO PROVEEDOR 03679,OUR
10003680,BENEFICIARIO 03680,001000003680,USD,2696.90,BCPLPEPLXXX,PAGO PROVEEDOR 03680,BEN
10003681,BENEFICIARIO 03681,001000003681,PEN,2697.63,BINPPEPLXXX,PAGO PROVEEDOR 03681,SHA
10003682,BENEFICIARIO 03682,001000003682,PEN,2698.36,SCBLPEPLXXX,PAGO PROVEEDOR 03682,OUR
10003683,BENEFICIARIO 03683,001000003683,PEN,2699.09,CITIPEPLXXX,PAGO PROVEEDOR 03683,BEN
10003684,BENEFICIARIO 03684,001000003684,PEN,2699.82,BCPLPEPLXXX,PAGO PROVEEDOR 03684,SHA
10003685,BENEFICIARIO 03685,001000003685,USD,2700.55,BINPPEPLXXX,PAGO PROVEEDOR 03685,OUR
10003686,BENEFICIARIO 03686,001000003686,PEN,2701.28,SCBLPEPLXXX,PAGO PROVEEDOR 03686,BEN
10003687,BENEFICIARIO 03687,001000003687,PEN,2702.01,CITIPEPLXXX,PAGO PROVEEDOR 03687,SHA
10003688,BENEFICIARIO 03688,001000003688,PEN,2702.74,BCPLPEPLXXX,PAGO PROVEEDOR 03688,OUR
10003689,BENEFICIARIO 03689,001000003689,PEN,2703.47,BINPPEPLXXX,PAGO PROVEEDOR 03689,BEN
10003690,BENEFICIARIO 03690,001000003690,USD,2704.20,SCBLPEPLXXX,PAGO PROVEEDOR 03690,SHA
10003691,BENEFICIARIO 03691,001000003691,PEN,2704.93,CITIPEPLXXX,PAGO PROVEEDOR 03691,OUR
10003692,BENEFICIARIO 03692,001000003692,PEN,2705.66,BCPLPEPLXXX,PAGO PROVEEDOR 03692,BEN
10003693,BENEFICIARIO 03693,001000003693,PEN,2706.39,BINPPEPLXXX,PAGO PROVEEDOR 03693,SHA
10003694,BENEFICIARIO 03694,001000003694,PEN,2707.12,SCBLPEPLXXX,PAGO PROVEEDOR 03694,OUR
10003695,BENEFICIARIO 03695,001000003695,USD,2707.85,CITIPEPLXXX,PAGO PROVEEDOR 03695,BEN
10003696,BENEFICIARIO 03696,001000003696,PEN,2708.58,BCPLPEPLXXX,PAGO PROVEEDOR 03696,SHA
10003697,BENEFICIARIO 03697,001000003697,PEN,2709.31,BINPPEPLXXX,PAGO PROVEEDOR 03697,OUR
10003698,BENEFICIARIO 03698,001000003698,PEN,2710.04,SCBLPEPLXXX,PAGO PROVEEDOR 03698,BEN
10003699,BENEFICIARIO 03699,001000003699,PEN,2710.77,CITIPEPLXXX,PAGO PROVEEDOR 03699,SHA
10003700,BENEFICIARIO 03700,001000003700,USD,2711.50,BCPLPEPLXXX,PAGO PROVEEDOR 03700,OUR
10003701,BENEFICIARIO 03701,001000003701,PEN,2712.23,BINPPEPLXXX,PAGO PROVEEDOR 03701,BEN
10003702,BENEFICIARIO 03702,001000003702,PEN,2712.96,SCBLPEPLXXX,PAGO PROVEEDOR 03702,SHA
10003703,BENEFICIARIO 03703,001000003703,PEN,2713.69,CITIPEPLXXX,PAGO PROVEEDOR 03703,OUR
10003704,BENEFICIARIO 03704,001000003704,PEN,2714.42,BCPLPEPLXXX,PAGO PROVEEDOR 03704,BEN
10003705,BENEFICIARIO 03705,001000003705,USD,2715.15,BINPPEPLXXX,PAGO PROVEEDOR 03705,SHA
10003706,BENEFICIARIO 03706,001000003706,PEN,2715.88,SCBLPEPLXXX,PAGO PROVEEDOR 03706,OUR
10003707,BENEFICIARIO 03707,001000003707,PEN,2716.61,CITIPEPLXXX,PAGO PROVEEDOR 03707,BEN
10003708,BENEFICIARIO 03708,001000003708,PEN,2717.34,BCPLPEPLXXX,PAGO PROVEEDOR 03708,SHA
10003709,BENEFICIARIO 03709,001000003709,PEN,2718.07,BINPPEPLXXX,PAGO PROVEEDOR 03709,OUR
10003710,BENEFICIARIO 03710,001000003710,USD,2718.80,SCBLPEPLXXX,PAGO PROVEEDOR 03710,BEN
10003711,BENEFICIARIO 03711,001000003711,PEN,2719.53,CITIPEPLXXX,PAGO PROVEEDOR 03711,SHA
10003712,BENEFICIARIO 03712,001000003712,PEN,2720.26,BCPLPEPLXXX,PAGO PROVEEDOR 03712,OUR
10003713,BENEFICIARIO 03713,001000003713,PEN,2720.99,BINPPEPLXXX,PAGO PROVEEDOR 03713,BEN
10003714,BENEFICIARIO 03714,001000003714,PEN,2721.72,SCBLPEPLXXX,PAGO PROVEEDOR 03714,SHA
10003715,BENEFICIARIO 03715,001000003715,USD,2722.45,CITIPEPLXXX,PAGO PROVEEDOR 03715,OUR
10003716,BENEFICIARIO 03716,001000003716,PEN,2723.18,BCPLPEPLXXX,PAGO PROVEEDOR 03716,BEN
10003717,BENEFICIARIO 03717,001000003717,PEN,2723.91,BINPPEPLXXX,PAGO PROVEEDOR 03717,SHA
10003718,BENEFICIARIO 03718,001000003718,PEN,2724.64,SCBLPEPLXXX,PAGO PROVEEDOR 03718,OUR
10003719,BENEFICIARIO 03719,001000003719,PEN,2725.37,CITIPEPLXXX,PAGO PROVEEDOR 03719,BEN
10003720,BENEFICIARIO 03720,001000003720,USD,2726.10,BCPLPEPLXXX,PAGO PROVEEDOR 03720,SHA
10003721,BENEFICIARIO 03721,001000003721,PEN,2726.83,BINPPEPLXXX,PAGO PROVEEDOR 03721,OUR
10003722,BENEFICIARIO 03722,001000003722,PEN,2727.56,SCBLPEPLXXX,PAGO PROVEEDOR 03722,BEN
10003723,BENEFICIARIO 03723,001000003723,PEN,2728.29,CITIPEPLXXX,PAGO PROVEEDOR 03723,SHA
10003724,BENEFICIARIO 03724,001000003724,PEN,2729.02,BCPLPEPLXXX,PAGO PROVEEDOR 03724,OUR
10003725,BENEFICIARIO 03725,001000003725,USD,2729.75,BINPPEPLXXX,PAGO PROVEEDOR 03725,BEN
10003726,BENEFICIARIO 03726,001000003726,PEN,2730.48,SCBLPEPLXXX,PAGO PROVEEDOR 03726,SHA
10003727,BENEFICIARIO 03727,001000003727,PEN,2731.21,CITIPEPLXXX,PAGO PROVEEDOR 03727,OUR
10003728,BENEFICIARIO 03728,001000003728,PEN,2731.94,BCPLPEPLXXX,PAGO PROVEEDOR 03728,BEN
10003729,BENEFICIARIO 03729,001000003729,PEN,2732.67,BINPPEPLXXX,PAGO PROVEEDOR 03729,SHA
10003730,BENEFICIARIO 03730,001000003730,USD,2733.40,SCBLPEPLXXX,PAGO PROVEEDOR 03730,OUR
10003731,BENEFICIARIO 03731,001000003731,PEN,2734.13,CITIPEPLXXX,PAGO PROVEEDOR 03731,BEN
10003732,BENEFICIARIO 03732,001000003732,PEN,2734.86,BCPLPEPLXXX,PAGO PROVEEDOR 03732,SHA
10003733,BENEFICIARIO 03733,001000003733,PEN,2735.59,BINPPEPLXXX,PAGO PROVEEDOR 03733,OUR
10003734,BENEFICIARIO 03734,001000003734,PEN,2736.32,SCBLPEPLXXX,PAGO PROVEEDOR 03734,BEN
10003735,BENEFICIARIO 03735,001000003735,USD,2737.05,CITIPEPLXXX,PAGO PROVEEDOR 03735,SHA
10003736,BENEFICIARIO 03736,001000003736,PEN,2737.78,BCPLPEPLXXX,PAGO PROVEEDOR 03736,OUR
10003737,BENEFICIARIO 03737,001000003737,PEN,2738.51,BINPPEPLXXX,PAGO PROVEEDOR 03737,BEN
10003738,BENEFICIARIO 03738,001000003738,PEN,2739.24,SCBLPEPLXXX,PAGO PROVEEDOR 03738,SHA
10003739,BENEFICIARIO 03739,001000003739,PEN,2739.97,CITIPEPLXXX,PAGO PROVEEDOR 03739,OUR
10003740,BENEFICIARIO 03740,001000003740,USD,2740.70,BCPLPEPLXXX,PAGO PROVEEDOR 03740,BEN
10003741,BENEFICIARIO 03741,001000003741,PEN,2741.43,BINPPEPLXXX,PAGO PROVEEDOR 03741,SHA
10003742,BENEFICIARIO 03742,001000003742,PEN,2742.16,SCBLPEPLXXX,PAGO PROVEEDOR 03742,OUR
10003743,BENEFICIARIO 03743,001000003743,PEN,2742.89,CITIPEPLXXX,PAGO PROVEEDOR 03743,BEN
10003744,BENEFICIARIO 03744,001000003744,PEN,2743.62,BCPLPEPLXXX,PAGO PROVEEDOR 03744,SHA
10003745,BENEFICIARIO 03745,001000003745,USD,2744.35,BINPPEPLXXX,PAGO PROVEEDOR 03745,OUR
10003746,BENEFICIARIO 03746,001000003746,PEN,2745.08,SCBLPEPLXXX,PAGO PROVEEDOR 03746,BEN
10003747,BENEFICIARIO 03747,001000003747,PEN,2745.81,CITIPEPLXXX,PAGO PROVEEDOR 03747,SHA
10003748,BENEFICIARIO 03748,001000003748,PEN,2746.54,BCPLPEPLXXX,PAGO PROVEEDOR 03748,OUR
10003749,BENEFICIARIO 03749,001000003749,PEN,2747.27,BINPPEPLXXX,PAGO PROVEEDOR 03749,BEN
10003750,BENEFICIARIO 03750,001000003750,USD,2748.00,SCBLPEPLXXX,PAGO PROVEEDOR 03750,SHA
10003751,BENEFICIARIO 03751,001000003751,PEN,2748.73,CITIPEPLXXX,PAGO PROVEEDOR 03751,OUR
10003752,BENEFICIARIO 03752,001000003752,PEN,2749.46,BCPLPEPLXXX,PAGO PROVEEDOR 03752,BEN
10003753,BENEFICIARIO 03753,001000003753,PEN,2750.19,BINPPEPLXXX,PAGO PROVEEDOR 03753,SHA
10003754,BENEFICIARIO 03754,001000003754,PEN,2750.92,SCBLPEPLXXX,PAGO PROVEEDOR 03754,OUR
10003755,BENEFICIARIO 03755,001000003755,USD,2751.65,CITIPEPLXXX,PAGO PROVEEDOR 03755,BEN
10003756,BENEFICIARIO 03756,001000003756,PEN,2752.38,BCPLPEPLXXX,PAGO PROVEEDOR 03756,SHA
10003757,BENEFICIARIO 03757,001000003757,PEN,2753.11,BINPPEPLXXX,PAGO PROVEEDOR 03757,OUR
10003758,BENEFICIARIO 03758,001000003758,PEN,2753.84,SCBLPEPLXXX,PAGO PROVEEDOR 03758,BEN
10003759,BENEFICIARIO 03759,001000003759,PEN,2754.57,CITIPEPLXXX,PAGO PROVEEDOR 03759,SHA
10003760,BENEFICIARIO 03760,001000003760,USD,2755.30,BCPLPEPLXXX,PAGO PROVEEDOR 03760,OUR
10003761,BENEFICIARIO 03761,001000003761,PEN,2756.03,BINPPEPLXXX,PAGO PROVEEDOR 03761,BEN
10003762,BENEFICIARIO 03762,001000003762,PEN,2756.76,SCBLPEPLXXX,PAGO PROVEEDOR 03762,SHA
10003763,BENEFICIARIO 03763,001000003763,PEN,2757.49,CITIPEPLXXX,PAGO PROVEEDOR 03763,OUR
10003764,BENEFICIARIO 03764,001000003764,PEN,2758.22,BCPLPEPLXXX,PAGO PROVEEDOR 03764,BEN
10003765,BENEFICIARIO 03765,001000003765,USD,2758.95,BINPPEPLXXX,PAGO PROVEEDOR 03765,SHA
10003766,BENEFICIARIO 03766,001000003766,PEN,2759.68,SCBLPEPLXXX,PAGO PROVEEDOR 03766,OUR
10003767,BENEFICIARIO 03767,001000003767,PEN,2760.41,CITIPEPLXXX,PAGO PROVEEDOR 03767,BEN
10003768,BENEFICIARIO 03768,001000003768,PEN,2761.14,BCPLPEPLXXX,PAGO PROVEEDOR 03768,SHA
10003769,BENEFICIARIO 03769,001000003769,PEN,2761.87,BINPPEPLXXX,PAGO PROVEEDOR 03769,OUR
10003770,BENEFICIARIO 03770,001000003770,USD,2762.60,SCBLPEPLXXX,PAGO PROVEEDOR 03770,BEN
10003771,BENEFICIARIO 03771,001000003771,PEN,2763.33,CITIPEPLXXX,PAGO PROVEEDOR 03771,SHA
10003772,BENEFICIARIO 03772,001000003772,PEN,2764.06,BCPLPEPLXXX,PAGO PROVEEDOR 03772,OUR
10003773,BENEFICIARIO 03773,001000003773,PEN,2764.79,BINPPEPLXXX,PAGO PROVEEDOR 03773,BEN
10003774,BENEFICIARIO 03774,001000003774,PEN,2765.52,SCBLPEPLXXX,PAGO PROVEEDOR 03774,SHA
10003775,BENEFICIARIO 03775,001000003775,USD,2766.25,CITIPEPLXXX,PAGO PROVEEDOR 03775,OUR
10003776,BENEFICIARIO 03776,001000003776,PEN,2766.98,BCPLPEPLXXX,PAGO PROVEEDOR 03776,BEN
10003777,BENEFICIARIO 03777,001000003777,PEN,2767.71,BINPPEPLXXX,PAGO PROVEEDOR 03777,SHA
10003778,BENEFICIARIO 03778,001000003778,PEN,2768.44,SCBLPEPLXXX,PAGO PROVEEDOR 03778,OUR
10003779,BENEFICIARIO 03779,001000003779,PEN,2769.17,CITIPEPLXXX,PAGO PROVEEDOR 03779,BEN
10003780,BENEFICIARIO 03780,001000003780,USD,2769.90,BCPLPEPLXXX,PAGO PROVEEDOR 03780,SHA
10003781,BENEFICIARIO 03781,001000003781,PEN,2770.63,BINPPEPLXXX,PAGO PROVEEDOR 03781,OUR
10003782,BENEFICIARIO 03782,001000003782,PEN,2771.36,SCBLPEPLXXX,PAGO PROVEEDOR 03782,BEN
10003783,BENEFICIARIO 03783,001000003783,PEN,2772.09,CITIPEPLXXX,PAGO PROVEEDOR 03783,SHA
10003784,BENEFICIARIO 03784,001000003784,PEN,2772.82,BCPLPEPLXXX,PAGO PROVEEDOR 03784,OUR
10003785,BENEFICIARIO 03785,001000003785,USD,2773.55,BINPPEPLXXX,PAGO PROVEEDOR 03785,BEN
10003786,BENEFICIARIO 03786,001000003786,PEN,2774.28,SCBLPEPLXXX,PAGO PROVEEDOR 03786,SHA
10003787,BENEFICIARIO 03787,001000003787,PEN,2775.01,CITIPEPLXXX,PAGO PROVEEDOR 03787,OUR
10003788,BENEFICIARIO 03788,001000003788,PEN,2775.74,BCPLPEPLXXX,PAGO PROVEEDOR 03788,BEN
10003789,BENEFICIARIO 03789,001000003789,PEN,2776.47,BINPPEPLXXX,PAGO PROVEEDOR 03789,SHA
10003790,BENEFICIARIO 03790,001000003790,USD,2777.20,SCBLPEPLXXX,PAGO PROVEEDOR 03790,OUR
10003791,BENEFICIARIO 03791,001000003791,PEN,2777.93,CITIPEPLXXX,PAGO PROVEEDOR 03791,BEN
10003792,BENEFICIARIO 03792,001000003792,PEN,2778.66,BCPLPEPLXXX,PAGO PROVEEDOR 03792,SHA
10003793,BENEFICIARIO 03793,001000003793,PEN,2779.39,BINPPEPLXXX,PAGO PROVEEDOR 03793,OUR
10003794,BENEFICIARIO 03794,001000003794,PEN,2780.12,SCBLPEPLXXX,PAGO PROVEEDOR 03794,BEN
10003795,BENEFICIARIO 03795,001000003795,USD,2780.85,CITIPEPLXXX,PAGO PROVEEDOR 03795,SHA
10003796,BENEFICIARIO 03796,001000003796,PEN,2781.58,BCPLPEPLXXX,PAGO PROVEEDOR 03796,OUR
10003797,BENEFICIARIO 03797,001000003797,PEN,2782.31,BINPPEPLXXX,PAGO PROVEEDOR 03797,BEN
10003798,BENEFICIARIO 03798,001000003798,PEN,2783.04,SCBLPEPLXXX,PAGO PROVEEDOR 03798,SHA
10003799,BENEFICIARIO 03799,001000003799,PEN,2783.77,CITIPEPLXXX,PAGO PROVEEDOR 03799,OUR
10003800,BENEFICIARIO 03800,001000003800,USD,2784.50,BCPLPEPLXXX,PAGO PROVEEDOR 03800,BEN
10003801,BENEFICIARIO 03801,001000003801,PEN,2785.23,BINPPEPLXXX,PAGO PROVEEDOR 03801,SHA
10003802,BENEFICIARIO 03802,001000003802,PEN,2785.96,SCBLPEPLXXX,PAGO PROVEEDOR 03802,OUR
10003803,BENEFICIARIO 03803,001000003803,PEN,2786.69,CITIPEPLXXX,PAGO PROVEEDOR 03803,BEN
10003804,BENEFICIARIO 03804,001000003804,PEN,2787.42,BCPLPEPLXXX,PAGO PROVEEDOR 03804,SHA
10003805,BENEFICIARIO 03805,001000003805,USD,2788.15,BINPPEPLXXX,PAGO PROVEEDOR 03805,OUR
10003806,BENEFICIARIO 03806,001000003806,PEN,2788.88,SCBLPEPLXXX,PAGO PROVEEDOR 03806,BEN
10003807,BENEFICIARIO 03807,001000003807,PEN,2789.61,CITIPEPLXXX,PAGO PROVEEDOR 03807,SHA
10003808,BENEFICIARIO 03808,001000003808,PEN,2790.34,BCPLPEPLXXX,PAGO PROVEEDOR 03808,OUR
10003809,BENEFICIARIO 03809,001000003809,PEN,2791.07,BINPPEPLXXX,PAGO PROVEEDOR 03809,BEN
10003810,BENEFICIARIO 03810,001000003810,USD,2791.80,SCBLPEPLXXX,PAGO PROVEEDOR 03810,SHA
10003811,BENEFICIARIO 03811,001000003811,PEN,2792.53,CITIPEPLXXX,PAGO PROVEEDOR 03811,OUR
10003812,BENEFICIARIO 03812,001000003812,PEN,2793.26,BCPLPEPLXXX,PAGO PROVEEDOR 03812,BEN
10003813,BENEFICIARIO 03813,001000003813,PEN,2793.99,BINPPEPLXXX,PAGO PROVEEDOR 03813,SHA
10003814,BENEFICIARIO 03814,001000003814,PEN,2794.72,SCBLPEPLXXX,PAGO PROVEEDOR 03814,OUR
10003815,BENEFICIARIO 03815,001000003815,USD,2795.45,CITIPEPLXXX,PAGO PROVEEDOR 03815,BEN
10003816,BENEFICIARIO 03816,001000003816,PEN,2796.18,BCPLPEPLXXX,PAGO PROVEEDOR 03816,SHA
10003817,BENEFICIARIO 03817,001000003817,PEN,2796.91,BINPPEPLXXX,PAGO PROVEEDOR 03817,OUR
10003818,BENEFICIARIO 03818,001000003818,PEN,2797.64,SCBLPEPLXXX,PAGO PROVEEDOR 03818,BEN
10003819,BENEFICIARIO 03819,001000003819,PEN,2798.37,CITIPEPLXXX,PAGO PROVEEDOR 03819,SHA
10003820,BENEFICIARIO 03820,001000003820,USD,2799.10,BCPLPEPLXXX,PAGO PROVEEDOR 03820,OUR
10003821,BENEFICIARIO 03821,001000003821,PEN,2799.83,BINPPEPLXXX,PAGO PROVEEDOR 03821,BEN
10003822,BENEFICIARIO 03822,001000003822,PEN,2800.56,SCBLPEPLXXX,PAGO PROVEEDOR 03822,SHA
10003823,BENEFICIARIO 03823,001000003823,PEN,2801.29,CITIPEPLXXX,PAGO PROVEEDOR 03823,OUR
10003824,BENEFICIARIO 03824,001000003824,PEN,2802.02,BCPLPEPLXXX,PAGO PROVEEDOR 03824,BEN
10003825,BENEFICIARIO 03825,001000003825,USD,2802.75,BINPPEPLXXX,PAGO PROVEEDOR 03825,SHA
10003826,BENEFICIARIO 03826,001000003826,PEN,2803.48,SCBLPEPLXXX,PAGO PROVEEDOR 03826,OUR
10003827,BENEFICIARIO 03827,001000003827,PEN,2804.21,CITIPEPLXXX,PAGO PROVEEDOR 03827,BEN
10003828,BENEFICIARIO 03828,001000003828,PEN,2804.94,BCPLPEPLXXX,PAGO PROVEEDOR 03828,SHA
10003829,BENEFICIARIO 03829,001000003829,PEN,2805.67,BINPPEPLXXX,PAGO PROVEEDOR 03829,OUR
10003830,BENEFICIARIO 03830,001000003830,USD,2806.40,SCBLPEPLXXX,PAGO PROVEEDOR 03830,BEN
10003831,BENEFICIARIO 03831,001000003831,PEN,2807.13,CITIPEPLXXX,PAGO PROVEEDOR 03831,SHA
10003832,BENEFICIARIO 03832,001000003832,PEN,2807.86,BCPLPEPLXXX,PAGO PROVEEDOR 03832,OUR
10003833,BENEFICIARIO 03833,001000003833,PEN,2808.59,BINPPEPLXXX,PAGO PROVEEDOR 03833,BEN
10003834,BENEFICIARIO 03834,001000003834,PEN,2809.32,SCBLPEPLXXX,PAGO PROVEEDOR 03834,SHA
10003835,BENEFICIARIO 03835,001000003835,USD,2810.05,CITIPEPLXXX,PAGO PROVEEDOR 03835,OUR
10003836,BENEFICIARIO 03836,001000003836,PEN,2810.78,BCPLPEPLXXX,PAGO PROVEEDOR 03836,BEN
10003837,BENEFICIARIO 03837,001000003837,PEN,2811.51,BINPPEPLXXX,PAGO PROVEEDOR 03837,SHA
10003838,BENEFICIARIO 03838,001000003838,PEN,2812.24,SCBLPEPLXXX,PAGO PROVEEDOR 03838,OUR
10003839,BENEFICIARIO 03839,001000003839,PEN,2812.97,CITIPEPLXXX,PAGO PROVEEDOR 03839,BEN
10003840,BENEFICIARIO 03840,001000003840,USD,2813.70,BCPLPEPLXXX,PAGO PROVEEDOR 03840,SHA
10003841,BENEFICIARIO 03841,001000003841,PEN,2814.43,BINPPEPLXXX,PAGO PROVEEDOR 03841,OUR
10003842,BENEFICIARIO 03842,001000003842,PEN,2815.16,SCBLPEPLXXX,PAGO PROVEEDOR 03842,BEN
10003843,BENEFICIARIO 03843,001000003843,PEN,2815.89,CITIPEPLXXX,PAGO PROVEEDOR 03843,SHA
10003844,BENEFICIARIO 03844,001000003844,PEN,2816.62,BCPLPEPLXXX,PAGO PROVEEDOR 03844,OUR
10003845,BENEFICIARIO 03845,001000003845,USD,2817.35,BINPPEPLXXX,PAGO PROVEEDOR 03845,BEN
10003846,BENEFICIARIO 03846,001000003846,PEN,2818.08,SCBLPEPLXXX,PAGO PROVEEDOR 03846,SHA
10003847,BENEFICIARIO 03847,001000003847,PEN,2818.81,CITIPEPLXXX,PAGO PROVEEDOR 03847,OUR
10003848,BENEFICIARIO 03848,001000003848,PEN,2819.54,BCPLPEPLXXX,PAGO PROVEEDOR 03848,BEN
10003849,BENEFICIARIO 03849,001000003849,PEN,2820.27,BINPPEPLXXX,PAGO PROVEEDOR 03849,SHA
10003850,BENEFICIARIO 03850,001000003850,USD,2821.00,SCBLPEPLXXX,PAGO PROVEEDOR 03850,OUR
10003851,BENEFICIARIO 03851,001000003851,PEN,2821.73,CITIPEPLXXX,PAGO PROVEEDOR 03851,BEN
10003852,BENEFICIARIO 03852,001000003852,PEN,2822.46,BCPLPEPLXXX,PAGO PROVEEDOR 03852,SHA
10003853,BENEFICIARIO 03853,001000003853,PEN,2823.19,BINPPEPLXXX,PAGO PROVEEDOR 03853,OUR
10003854,BENEFICIARIO 03854,001000003854,PEN,2823.92,SCBLPEPLXXX,PAGO PROVEEDOR 03854,BEN
10003855,BENEFICIARIO 03855,001000003855,USD,2824.65,CITIPEPLXXX,PAGO PROVEEDOR 03855,SHA
10003856,BENEFICIARIO 03856,001000003856,PEN,2825.38,BCPLPEPLXXX,PAGO PROVEEDOR 03856,OUR
10003857,BENEFICIARIO 03857,001000003857,PEN,2826.11,BINPPEPLXXX,PAGO PROVEEDOR 03857,BEN
10003858,BENEFICIARIO 03858,001000003858,PEN,2826.84,SCBLPEPLXXX,PAGO PROVEEDOR 03858,SHA
10003859,BENEFICIARIO 03859,001000003859,PEN,2827.57,CITIPEPLXXX,PAGO PROVEEDOR 03859,OUR
10003860,BENEFICIARIO 03860,001000003860,USD,2828.30,BCPLPEPLXXX,PAGO PROVEEDOR 03860,BEN
10003861,BENEFICIARIO 03861,001000003861,PEN,2829.03,BINPPEPLXXX,PAGO PROVEEDOR 03861,SHA
10003862,BENEFICIARIO 03862,001000003862,PEN,2829.76,SCBLPEPLXXX,PAGO PROVEEDOR 03862,OUR
10003863,BENEFICIARIO 03863,001000003863,PEN,2830.49,CITIPEPLXXX,PAGO PROVEEDOR 03863,BEN
10003864,BENEFICIARIO 03864,001000003864,PEN,2831.22,BCPLPEPLXXX,PAGO PROVEEDOR 03864,SHA
10003865,BENEFICIARIO 03865,001000003865,USD,2831.95,BINPPEPLXXX,PAGO PROVEEDOR 03865,OUR
10003866,BENEFICIARIO 03866,001000003866,PEN,2832.68,SCBLPEPLXXX,PAGO PROVEEDOR 03866,BEN
10003867,BENEFICIARIO 03867,001000003867,PEN,2833.41,CITIPEPLXXX,PAGO PROVEEDOR 03867,SHA
10003868,BENEFICIARIO 03868,001000003868,PEN,2834.14,BCPLPEPLXXX,PAGO PROVEEDOR 03868,OUR
10003869,BENEFICIARIO 03869,001000003869,PEN,2834.87,BINPPEPLXXX,PAGO PROVEEDOR 03869,BEN
10003870,BENEFICIARIO 03870,001000003870,USD,2835.60,SCBLPEPLXXX,PAGO PROVEEDOR 03870,SHA
10003871,BENEFICIARIO 03871,001000003871,PEN,2836.33,CITIPEPLXXX,PAGO PROVEEDOR 03871,OUR
10003872,BENEFICIARIO 03872,001000003872,PEN,2837.06,BCPLPEPLXXX,PAGO PROVEEDOR 03872,BEN
10003873,BENEFICIARIO 03873,001000003873,PEN,2837.79,BINPPEPLXXX,PAGO PROVEEDOR 03873,SHA
10003874,BENEFICIARIO 03874,001000003874,PEN,2838.52,SCBLPEPLXXX,PAGO PROVEEDOR 03874,OUR
10003875,BENEFICIARIO 03875,001000003875,USD,2839.25,CITIPEPLXXX,PAGO PROVEEDOR 03875,BEN
10003876,BENEFICIARIO 03876,001000003876,PEN,2839.98,BCPLPEPLXXX,PAGO PROVEEDOR 03876,SHA
10003877,BENEFICIARIO 03877,001000003877,PEN,2840.71,BINPPEPLXXX,PAGO PROVEEDOR 03877,OUR
10003878,BENEFICIARIO 03878,001000003878,PEN,2841.44,SCBLPEPLXXX,PAGO PROVEEDOR 03878,BEN
10003879,BENEFICIARIO 03879,001000003879,PEN,2842.17,CITIPEPLXXX,PAGO PROVEEDOR 03879,SHA
10003880,BENEFICIARIO 03880,001000003880,USD,2842.90,BCPLPEPLXXX,PAGO PROVEEDOR 03880,OUR
10003881,BENEFICIARIO 03881,001000003881,PEN,2843.63,BINPPEPLXXX,PAGO PROVEEDOR 03881,BEN
10003882,BENEFICIARIO 03882,001000003882,PEN,2844.36,SCBLPEPLXXX,PAGO PROVEEDOR 03882,SHA
10003883,BENEFICIARIO 03883,001000003883,PEN,2845.09,CITIPEPLXXX,PAGO PROVEEDOR 03883,OUR
10003884,BENEFICIARIO 03884,001000003884,PEN,2845.82,BCPLPEPLXXX,PAGO PROVEEDOR 03884,BEN
10003885,BENEFICIARIO 03885,001000003885,USD,2846.55,BINPPEPLXXX,PAGO PROVEEDOR 03885,SHA
10003886,BENEFICIARIO 03886,001000003886,PEN,2847.28,SCBLPEPLXXX,PAGO PROVEEDOR 03886,OUR
10003887,BENEFICIARIO 03887,001000003887,PEN,2848.01,CITIPEPLXXX,PAGO PROVEEDOR 03887,BEN
10003888,BENEFICIARIO 03888,001000003888,PEN,2848.74,BCPLPEPLXXX,PAGO PROVEEDOR 03888,SHA
10003889,BENEFICIARIO 03889,001000003889,PEN,2849.47,BINPPEPLXXX,PAGO PROVEEDOR 03889,OUR
10003890,BENEFICIARIO 03890,001000003890,USD,2850.20,SCBLPEPLXXX,PAGO PROVEEDOR 03890,BEN
10003891,BENEFICIARIO 03891,001000003891,PEN,2850.93,CITIPEPLXXX,PAGO PROVEEDOR 03891,SHA
10003892,BENEFICIARIO 03892,001000003892,PEN,2851.66,BCPLPEPLXXX,PAGO PROVEEDOR 03892,OUR
10003893,BENEFICIARIO 03893,001000003893,PEN,2852.39,BINPPEPLXXX,PAGO PROVEEDOR 03893,BEN
10003894,BENEFICIARIO 03894,001000003894,PEN,2853.12,SCBLPEPLXXX,PAGO PROVEEDOR 03894,SHA
10003895,BENEFICIARIO 03895,001000003895,USD,2853.85,CITIPEPLXXX,PAGO PROVEEDOR 03895,OUR
10003896,BENEFICIARIO 03896,001000003896,PEN,2854.58,BCPLPEPLXXX,PAGO PROVEEDOR 03896,BEN
10003897,BENEFICIARIO 03897,001000003897,PEN,2855.31,BINPPEPLXXX,PAGO PROVEEDOR 03897,SHA
10003898,BENEFICIARIO 03898,001000003898,PEN,2856.04,SCBLPEPLXXX,PAGO PROVEEDOR 03898,OUR
10003899,BENEFICIARIO 03899,001000003899,PEN,2856.77,CITIPEPLXXX,PAGO PROVEEDOR 03899,BEN
10003900,BENEFICIARIO 03900,001000003900,USD,2857.50,BCPLPEPLXXX,PAGO PROVEEDOR 03900,SHA
10003901,BENEFICIARIO 03901,001000003901,PEN,2858.23,BINPPEPLXXX,PAGO PROVEEDOR 03901,OUR
10003902,BENEFICIARIO 03902,001000003902,PEN,2858.96,SCBLPEPLXXX,PAGO PROVEEDOR 03902,BEN
10003903,BENEFICIARIO 03903,001000003903,PEN,2859.69,CITIPEPLXXX,PAGO PROVEEDOR 03903,SHA
10003904,BENEFICIARIO 03904,001000003904,PEN,2860.42,BCPLPEPLXXX,PAGO PROVEEDOR 03904,OUR
10003905,BENEFICIARIO 03905,001000003905,USD,2861.15,BINPPEPLXXX,PAGO PROVEEDOR 03905,BEN
10003906,BENEFICIARIO 03906,001000003906,PEN,2861.88,SCBLPEPLXXX,PAGO PROVEEDOR 03906,SHA
10003907,BENEFICIARIO 03907,001000003907,PEN,2862.61,CITIPEPLXXX,PAGO PROVEEDOR 03907,OUR
10003908,BENEFICIARIO 03908,001000003908,PEN,2863.34,BCPLPEPLXXX,PAGO PROVEEDOR 03908,BEN
10003909,BENEFICIARIO 03909,001000003909,PEN,2864.07,BINPPEPLXXX,PAGO PROVEEDOR 03909,SHA
10003910,BENEFICIARIO 03910,001000003910,USD,2864.80,SCBLPEPLXXX,PAGO PROVEEDOR 03910,OUR
10003911,BENEFICIARIO 03911,001000003911,PEN,2865.53,CITIPEPLXXX,PAGO PROVEEDOR 03911,BEN
10003912,BENEFICIARIO 03912,001000003912,PEN,2866.26,BCPLPEPLXXX,PAGO PROVEEDOR 03912,SHA
10003913,BENEFICIARIO 03913,001000003913,PEN,2866.99,BINPPEPLXXX,PAGO PROVEEDOR 03913,OUR
10003914,BENEFICIARIO 03914,001000003914,PEN,2867.72,SCBLPEPLXXX,PAGO PROVEEDOR 03914,BEN
10003915,BENEFICIARIO 03915,001000003915,USD,2868.45,CITIPEPLXXX,PAGO PROVEEDOR 03915,SHA
10003916,BENEFICIARIO 03916,001000003916,PEN,2869.18,BCPLPEPLXXX,PAGO PROVEEDOR 03916,OUR
10003917,BENEFICIARIO 03917,001000003917,PEN,2869.91,BINPPEPLXXX,PAGO PROVEEDOR 03917,BEN
10003918,BENEFICIARIO 03918,001000003918,PEN,2870.64,SCBLPEPLXXX,PAGO PROVEEDOR 03918,SHA
10003919,BENEFICIARIO 03919,001000003919,PEN,2871.37,CITIPEPLXXX,PAGO PROVEEDOR 03919,OUR
10003920,BENEFICIARIO 03920,001000003920,USD,2872.10,BCPLPEPLXXX,PAGO PROVEEDOR 03920,BEN
10003921,BENEFICIARIO 03921,001000003921,PEN,2872.83,BINPPEPLXXX,PAGO PROVEEDOR 03921,SHA
10003922,BENEFICIARIO 03922,001000003922,PEN,2873.56,SCBLPEPLXXX,PAGO PROVEEDOR 03922,OUR
10003923,BENEFICIARIO 03923,001000003923,PEN,2874.29,CITIPEPLXXX,PAGO PROVEEDOR 03923,BEN
10003924,BENEFICIARIO 03924,001000003924,PEN,2875.02,BCPLPEPLXXX,PAGO PROVEEDOR 03924,SHA
10003925,BENEFICIARIO 03925,001000003925,USD,2875.75,BINPPEPLXXX,PAGO PROVEEDOR 03925,OUR
10003926,BENEFICIARIO 03926,001000003926,PEN,2876.48,SCBLPEPLXXX,PAGO PROVEEDOR 03926,BEN
10003927,BENEFICIARIO 03927,001000003927,PEN,2877.21,CITIPEPLXXX,PAGO PROVEEDOR 03927,SHA
10003928,BENEFICIARIO 03928,001000003928,PEN,2877.94,BCPLPEPLXXX,PAGO PROVEEDOR 03928,OUR
10003929,BENEFICIARIO 03929,001000003929,PEN,2878.67,BINPPEPLXXX,PAGO PROVEEDOR 03929,BEN
10003930,BENEFICIARIO 03930,001000003930,USD,2879.40,SCBLPEPLXXX,PAGO PROVEEDOR 03930,SHA
10003931,BENEFICIARIO 03931,001000003931,PEN,2880.13,CITIPEPLXXX,PAGO PROVEEDOR 03931,OUR
10003932,BENEFICIARIO 03932,001000003932,PEN,2880.86,BCPLPEPLXXX,PAGO PROVEEDOR 03932,BEN
10003933,BENEFICIARIO 03933,001000003933,PEN,2881.59,BINPPEPLXXX,PAGO PROVEEDOR 03933,SHA
10003934,BENEFICIARIO 03934,001000003934,PEN,2882.32,SCBLPEPLXXX,PAGO PROVEEDOR 03934,OUR
10003935,BENEFICIARIO 03935,001000003935,USD,2883.05,CITIPEPLXXX,PAGO PROVEEDOR 03935,BEN
10003936,BENEFICIARIO 03936,001000003936,PEN,2883.78,BCPLPEPLXXX,PAGO PROVEEDOR 03936,SHA
10003937,BENEFICIARIO 03937,001000003937,PEN,2884.51,BINPPEPLXXX,PAGO PROVEEDOR 03937,OUR
10003938,BENEFICIARIO 03938,001000003938,PEN,2885.24,SCBLPEPLXXX,PAGO PROVEEDOR 03938,BEN
10003939,BENEFICIARIO 03939,001000003939,PEN,2885.97,CITIPEPLXXX,PAGO PROVEEDOR 03939,SHA
10003940,BENEFICIARIO 03940,001000003940,USD,2886.70,BCPLPEPLXXX,PAGO PROVEEDOR 03940,OUR
10003941,BENEFICIARIO 03941,001000003941,PEN,2887.43,BINPPEPLXXX,PAGO PROVEEDOR 03941,BEN
10003942,BENEFICIARIO 03942,001000003942,PEN,2888.16,SCBLPEPLXXX,PAGO PROVEEDOR 03942,SHA
10003943,BENEFICIARIO 03943,001000003943,PEN,2888.89,CITIPEPLXXX,PAGO PROVEEDOR 03943,OUR
10003944,BENEFICIARIO 03944,001000003944,PEN,2889.62,BCPLPEPLXXX,PAGO PROVEEDOR 03944,BEN
10003945,BENEFICIARIO 03945,001000003945,USD,2890.35,BINPPEPLXXX,PAGO PROVEEDOR 03945,SHA
10003946,BENEFICIARIO 03946,001000003946,PEN,2891.08,SCBLPEPLXXX,PAGO PROVEEDOR 03946,OUR
10003947,BENEFICIARIO 03947,001000003947,PEN,2891.81,CITIPEPLXXX,PAGO PROVEEDOR 03947,BEN
10003948,BENEFICIARIO 03948,001000003948,PEN,2892.54,BCPLPEPLXXX,PAGO PROVEEDOR 03948,SHA
10003949,BENEFICIARIO 03949,001000003949,PEN,2893.27,BINPPEPLXXX,PAGO PROVEEDOR 03949,OUR
10003950,BENEFICIARIO 03950,001000003950,USD,2894.00,SCBLPEPLXXX,PAGO PROVEEDOR 03950,BEN
10003951,BENEFICIARIO 03951,001000003951,PEN,2894.73,CITIPEPLXXX,PAGO PROVEEDOR 03951,SHA
10003952,BENEFICIARIO 03952,001000003952,PEN,2895.46,BCPLPEPLXXX,PAGO PROVEEDOR 03952,OUR
10003953,BENEFICIARIO 03953,001000003953,PEN,2896.19,BINPPEPLXXX,PAGO PROVEEDOR 03953,BEN
10003954,BENEFICIARIO 03954,001000003954,PEN,2896.92,SCBLPEPLXXX,PAGO PROVEEDOR 03954,SHA
10003955,BENEFICIARIO 03955,001000003955,USD,2897.65,CITIPEPLXXX,PAGO PROVEEDOR 03955,OUR
10003956,BENEFICIARIO 03956,001000003956,PEN,2898.38,BCPLPEPLXXX,PAGO PROVEEDOR 03956,BEN
10003957,BENEFICIARIO 03957,001000003957,PEN,2899.11,BINPPEPLXXX,PAGO PROVEEDOR 03957,SHA
10003958,BENEFICIARIO 03958,001000003958,PEN,2899.84,SCBLPEPLXXX,PAGO PROVEEDOR 03958,OUR
10003959,BENEFICIARIO 03959,001000003959,PEN,2900.57,CITIPEPLXXX,PAGO PROVEEDOR 03959,BEN
10003960,BENEFICIARIO 03960,001000003960,USD,2901.30,BCPLPEPLXXX,PAGO PROVEEDOR 03960,SHA
10003961,BENEFICIARIO 03961,001000003961,PEN,2902.03,BINPPEPLXXX,PAGO PROVEEDOR 03961,OUR
10003962,BENEFICIARIO 03962,001000003962,PEN,2902.76,SCBLPEPLXXX,PAGO PROVEEDOR 03962,BEN
10003963,BENEFICIARIO 03963,001000003963,PEN,2903.49,CITIPEPLXXX,PAGO PROVEEDOR 03963,SHA
10003964,BENEFICIARIO 03964,001000003964,PEN,2904.22,BCPLPEPLXXX,PAGO PROVEEDOR 03964,OUR
10003965,BENEFICIARIO 03965,001000003965,USD,2904.95,BINPPEPLXXX,PAGO PROVEEDOR 03965,BEN
10003966,BENEFICIARIO 03966,001000003966,PEN,2905.68,SCBLPEPLXXX,PAGO PROVEEDOR 03966,SHA
10003967,BENEFICIARIO 03967,001000003967,PEN,2906.41,CITIPEPLXXX,PAGO PROVEEDOR 03967,OUR
10003968,BENEFICIARIO 03968,001000003968,PEN,2907.14,BCPLPEPLXXX,PAGO PROVEEDOR 03968,BEN
10003969,BENEFICIARIO 03969,001000003969,PEN,2907.87,BINPPEPLXXX,PAGO PROVEEDOR 03969,SHA
10003970,BENEFICIARIO 03970,001000003970,USD,2908.60,SCBLPEPLXXX,PAGO PROVEEDOR 03970,OUR
10003971,BENEFICIARIO 03971,001000003971,PEN,2909.33,CITIPEPLXXX,PAGO PROVEEDOR 03971,BEN
10003972,BENEFICIARIO 03972,001000003972,PEN,2910.06,BCPLPEPLXXX,PAGO PROVEEDOR 03972,SHA
10003973,BENEFICIARIO 03973,001000003973,PEN,2910.79,BINPPEPLXXX,PAGO PROVEEDOR 03973,OUR
10003974,BENEFICIARIO 03974,001000003974,PEN,2911.52,SCBLPEPLXXX,PAGO PROVEEDOR 03974,BEN
10003975,BENEFICIARIO 03975,001000003975,USD,2912.25,CITIPEPLXXX,PAGO PROVEEDOR 03975,SHA
10003976,BENEFICIARIO 03976,001000003976,PEN,2912.98,BCPLPEPLXXX,PAGO PROVEEDOR 03976,OUR
10003977,BENEFICIARIO 03977,001000003977,PEN,2913.71,BINPPEPLXXX,PAGO PROVEEDOR 03977,BEN
10003978,BENEFICIARIO 03978,001000003978,PEN,2914.44,SCBLPEPLXXX,PAGO PROVEEDOR 03978,SHA
10003979,BENEFICIARIO 03979,001000003979,PEN,2915.17,CITIPEPLXXX,PAGO PROVEEDOR 03979,OUR
10003980,BENEFICIARIO 03980,001000003980,USD,2915.90,BCPLPEPLXXX,PAGO PROVEEDOR 03980,BEN
10003981,BENEFICIARIO 03981,001000003981,PEN,2916.63,BINPPEPLXXX,PAGO PROVEEDOR 03981,SHA
10003982,BENEFICIARIO 03982,001000003982,PEN,2917.36,SCBLPEPLXXX,PAGO PROVEEDOR 03982,OUR
10003983,BENEFICIARIO 03983,001000003983,PEN,2918.09,CITIPEPLXXX,PAGO PROVEEDOR 03983,BEN
10003984,BENEFICIARIO 03984,001000003984,PEN,2918.82,BCPLPEPLXXX,PAGO PROVEEDOR 03984,SHA
10003985,BENEFICIARIO 03985,001000003985,USD,2919.55,BINPPEPLXXX,PAGO PROVEEDOR 03985,OUR
10003986,BENEFICIARIO 03986,001000003986,PEN,2920.28,SCBLPEPLXXX,PAGO PROVEEDOR 03986,BEN
10003987,BENEFICIARIO 03987,001000003987,PEN,2921.01,CITIPEPLXXX,PAGO PROVEEDOR 03987,SHA
10003988,BENEFICIARIO 03988,001000003988,PEN,2921.74,BCPLPEPLXXX,PAGO PROVEEDOR 03988,OUR
10003989,BENEFICIARIO 03989,001000003989,PEN,2922.47,BINPPEPLXXX,PAGO PROVEEDOR 03989,BEN
10003990,BENEFICIARIO 03990,001000003990,USD,2923.20,SCBLPEPLXXX,PAGO PROVEEDOR 03990,SHA
10003991,BENEFICIARIO 03991,001000003991,PEN,2923.93,CITIPEPLXXX,PAGO PROVEEDOR 03991,OUR
10003992,BENEFICIARIO 03992,001000003992,PEN,2924.66,BCPLPEPLXXX,PAGO PROVEEDOR 03992,BEN
10003993,BENEFICIARIO 03993,001000003993,PEN,2925.39,BINPPEPLXXX,PAGO PROVEEDOR 03993,SHA
10003994,BENEFICIARIO 03994,001000003994,PEN,2926.12,SCBLPEPLXXX,PAGO PROVEEDOR 03994,OUR
10003995,BENEFICIARIO 03995,001000003995,USD,2926.85,CITIPEPLXXX,PAGO PROVEEDOR 03995,BEN
10003996,BENEFICIARIO 03996,001000003996,PEN,2927.58,BCPLPEPLXXX,PAGO PROVEEDOR 03996,SHA
10003997,BENEFICIARIO 03997,001000003997,PEN,2928.31,BINPPEPLXXX,PAGO PROVEEDOR 03997,OUR
10003998,BENEFICIARIO 03998,001000003998,PEN,2929.04,SCBLPEPLXXX,PAGO PROVEEDOR 03998,BEN
10003999,BENEFICIARIO 03999,001000003999,PEN,2929.77,CITIPEPLXXX,PAGO PROVEEDOR 03999,SHA
10004000,BENEFICIARIO 04000,001000004000,USD,2930.50,BCPLPEPLXXX,PAGO PROVEEDOR 04000,OUR
10004001,BENEFICIARIO 04001,001000004001,PEN,2931.23,BINPPEPLXXX,PAGO PROVEEDOR 04001,BEN
10004002,BENEFICIARIO 04002,001000004002,PEN,2931.96,SCBLPEPLXXX,PAGO PROVEEDOR 04002,SHA
10004003,BENEFICIARIO 04003,001000004003,PEN,2932.69,CITIPEPLXXX,PAGO PROVEEDOR 04003,OUR
10004004,BENEFICIARIO 04004,001000004004,PEN,2933.42,BCPLPEPLXXX,PAGO PROVEEDOR 04004,BEN
10004005,BENEFICIARIO 04005,001000004005,USD,2934.15,BINPPEPLXXX,PAGO PROVEEDOR 04005,SHA
10004006,BENEFICIARIO 04006,001000004006,PEN,2934.88,SCBLPEPLXXX,PAGO PROVEEDOR 04006,OUR
10004007,BENEFICIARIO 04007,001000004007,PEN,2935.61,CITIPEPLXXX,PAGO PROVEEDOR 04007,BEN
10004008,BENEFICIARIO 04008,001000004008,PEN,2936.34,BCPLPEPLXXX,PAGO PROVEEDOR 04008,SHA
10004009,BENEFICIARIO 04009,001000004009,PEN,2937.07,BINPPEPLXXX,PAGO PROVEEDOR 04009,OUR
10004010,BENEFICIARIO 04010,001000004010,USD,2937.80,SCBLPEPLXXX,PAGO PROVEEDOR 04010,BEN
10004011,BENEFICIARIO 04011,001000004011,PEN,2938.53,CITIPEPLXXX,PAGO PROVEEDOR 04011,SHA
10004012,BENEFICIARIO 04012,001000004012,PEN,2939.26,BCPLPEPLXXX,PAGO PROVEEDOR 04012,OUR
10004013,BENEFICIARIO 04013,001000004013,PEN,2939.99,BINPPEPLXXX,PAGO PROVEEDOR 04013,BEN
10004014,BENEFICIARIO 04014,001000004014,PEN,2940.72,SCBLPEPLXXX,PAGO PROVEEDOR 04014,SHA
10004015,BENEFICIARIO 04015,001000004015,USD,2941.45,CITIPEPLXXX,PAGO PROVEEDOR 04015,OUR
10004016,BENEFICIARIO 04016,001000004016,PEN,2942.18,BCPLPEPLXXX,PAGO PROVEEDOR 04016,BEN
10004017,BENEFICIARIO 04017,001000004017,PEN,2942.91,BINPPEPLXXX,PAGO PROVEEDOR 04017,SHA
10004018,BENEFICIARIO 04018,001000004018,PEN,2943.64,SCBLPEPLXXX,PAGO PROVEEDOR 04018,OUR
10004019,BENEFICIARIO 04019,001000004019,PEN,2944.37,CITIPEPLXXX,PAGO PROVEEDOR 04019,BEN
10004020,BENEFICIARIO 04020,001000004020,USD,2945.10,BCPLPEPLXXX,PAGO PROVEEDOR 04020,SHA
10004021,BENEFICIARIO 04021,001000004021,PEN,2945.83,BINPPEPLXXX,PAGO PROVEEDOR 04021,OUR
10004022,BENEFICIARIO 04022,001000004022,PEN,2946.56,SCBLPEPLXXX,PAGO PROVEEDOR 04022,BEN
10004023,BENEFICIARIO 04023,001000004023,PEN,2947.29,CITIPEPLXXX,PAGO PROVEEDOR 04023,SHA
10004024,BENEFICIARIO 04024,001000004024,PEN,2948.02,BCPLPEPLXXX,PAGO PROVEEDOR 04024,OUR
10004025,BENEFICIARIO 04025,001000004025,USD,2948.75,BINPPEPLXXX,PAGO PROVEEDOR 04025,BEN
10004026,BENEFICIARIO 04026,001000004026,PEN,2949.48,SCBLPEPLXXX,PAGO PROVEEDOR 04026,SHA
10004027,BENEFICIARIO 04027,001000004027,PEN,2950.21,CITIPEPLXXX,PAGO PROVEEDOR 04027,OUR
10004028,BENEFICIARIO 04028,001000004028,PEN,2950.94,BCPLPEPLXXX,PAGO PROVEEDOR 04028,BEN
10004029,BENEFICIARIO 04029,001000004029,PEN,2951.67,BINPPEPLXXX,PAGO PROVEEDOR 04029,SHA
10004030,BENEFICIARIO 04030,001000004030,USD,2952.40,SCBLPEPLXXX,PAGO PROVEEDOR 04030,OUR
10004031,BENEFICIARIO 04031,001000004031,PEN,2953.13,CITIPEPLXXX,PAGO PROVEEDOR 04031,BEN
10004032,BENEFICIARIO 04032,001000004032,PEN,2953.86,BCPLPEPLXXX,PAGO PROVEEDOR 04032,SHA
10004033,BENEFICIARIO 04033,001000004033,PEN,2954.59,BINPPEPLXXX,PAGO PROVEEDOR 04033,OUR
10004034,BENEFICIARIO 04034,001000004034,PEN,2955.32,SCBLPEPLXXX,PAGO PROVEEDOR 04034,BEN
10004035,BENEFICIARIO 04035,001000004035,USD,2956.05,CITIPEPLXXX,PAGO PROVEEDOR 04035,SHA
10004036,BENEFICIARIO 04036,001000004036,PEN,2956.78,BCPLPEPLXXX,PAGO PROVEEDOR 04036,OUR
10004037,BENEFICIARIO 04037,001000004037,PEN,2957.51,BINPPEPLXXX,PAGO PROVEEDOR 04037,BEN
10004038,BENEFICIARIO 04038,001000004038,PEN,2958.24,SCBLPEPLXXX,PAGO PROVEEDOR 04038,SHA
10004039,BENEFICIARIO 04039,001000004039,PEN,2958.97,CITIPEPLXXX,PAGO PROVEEDOR 04039,OUR
10004040,BENEFICIARIO 04040,001000004040,USD,2959.70,BCPLPEPLXXX,PAGO PROVEEDOR 04040,BEN
10004041,BENEFICIARIO 04041,001000004041,PEN,2960.43,BINPPEPLXXX,PAGO PROVEEDOR 04041,SHA
10004042,BENEFICIARIO 04042,001000004042,PEN,2961.16,SCBLPEPLXXX,PAGO PROVEEDOR 04042,OUR
10004043,BENEFICIARIO 04043,001000004043,PEN,2961.89,CITIPEPLXXX,PAGO PROVEEDOR 04043,BEN
10004044,BENEFICIARIO 04044,001000004044,PEN,2962.62,BCPLPEPLXXX,PAGO PROVEEDOR 04044,SHA
10004045,BENEFICIARIO 04045,001000004045,USD,2963.35,BINPPEPLXXX,PAGO PROVEEDOR 04045,OUR
10004046,BENEFICIARIO 04046,001000004046,PEN,2964.08,SCBLPEPLXXX,PAGO PROVEEDOR 04046,BEN
10004047,BENEFICIARIO 04047,001000004047,PEN,2964.81,CITIPEPLXXX,PAGO PROVEEDOR 04047,SHA
10004048,BENEFICIARIO 04048,001000004048,PEN,2965.54,BCPLPEPLXXX,PAGO PROVEEDOR 04048,OUR
10004049,BENEFICIARIO 04049,001000004049,PEN,2966.27,BINPPEPLXXX,PAGO PROVEEDOR 04049,BEN
10004050,BENEFICIARIO 04050,001000004050,USD,2967.00,SCBLPEPLXXX,PAGO PROVEEDOR 04050,SHA
10004051,BENEFICIARIO 04051,001000004051,PEN,2967.73,CITIPEPLXXX,PAGO PROVEEDOR 04051,OUR
10004052,BENEFICIARIO 04052,001000004052,PEN,2968.46,BCPLPEPLXXX,PAGO PROVEEDOR 04052,BEN
10004053,BENEFICIARIO 04053,001000004053,PEN,2969.19,BINPPEPLXXX,PAGO PROVEEDOR 04053,SHA
10004054,BENEFICIARIO 04054,001000004054,PEN,2969.92,SCBLPEPLXXX,PAGO PROVEEDOR 04054,OUR
10004055,BENEFICIARIO 04055,001000004055,USD,2970.65,CITIPEPLXXX,PAGO PROVEEDOR 04055,BEN
10004056,BENEFICIARIO 04056,001000004056,PEN,2971.38,BCPLPEPLXXX,PAGO PROVEEDOR 04056,SHA
10004057,BENEFICIARIO 04057,001000004057,PEN,2972.11,BINPPEPLXXX,PAGO PROVEEDOR 04057,OUR
10004058,BENEFICIARIO 04058,001000004058,PEN,2972.84,SCBLPEPLXXX,PAGO PROVEEDOR 04058,BEN
10004059,BENEFICIARIO 04059,001000004059,PEN,2973.57,CITIPEPLXXX,PAGO PROVEEDOR 04059,SHA
10004060,BENEFICIARIO 04060,001000004060,USD,2974.30,BCPLPEPLXXX,PAGO PROVEEDOR 04060,OUR
10004061,BENEFICIARIO 04061,001000004061,PEN,2975.03,BINPPEPLXXX,PAGO PROVEEDOR 04061,BEN
10004062,BENEFICIARIO 04062,001000004062,PEN,2975.76,SCBLPEPLXXX,PAGO PROVEEDOR 04062,SHA
10004063,BENEFICIARIO 04063,001000004063,PEN,2976.49,CITIPEPLXXX,PAGO PROVEEDOR 04063,OUR
10004064,BENEFICIARIO 04064,001000004064,PEN,2977.22,BCPLPEPLXXX,PAGO PROVEEDOR 04064,BEN
10004065,BENEFICIARIO 04065,001000004065,USD,2977.95,BINPPEPLXXX,PAGO PROVEEDOR 04065,SHA
10004066,BENEFICIARIO 04066,001000004066,PEN,2978.68,SCBLPEPLXXX,PAGO PROVEEDOR 04066,OUR
10004067,BENEFICIARIO 04067,001000004067,PEN,2979.41,CITIPEPLXXX,PAGO PROVEEDOR 04067,BEN
10004068,BENEFICIARIO 04068,001000004068,PEN,2980.14,BCPLPEPLXXX,PAGO PROVEEDOR 04068,SHA
10004069,BENEFICIARIO 04069,001000004069,PEN,2980.87,BINPPEPLXXX,PAGO PROVEEDOR 04069,OUR
10004070,BENEFICIARIO 04070,001000004070,USD,2981.60,SCBLPEPLXXX,PAGO PROVEEDOR 04070,BEN
10004071,BENEFICIARIO 04071,001000004071,PEN,2982.33,CITIPEPLXXX,PAGO PROVEEDOR 04071,SHA
10004072,BENEFICIARIO 04072,001000004072,PEN,2983.06,BCPLPEPLXXX,PAGO PROVEEDOR 04072,OUR
10004073,BENEFICIARIO 04073,001000004073,PEN,2983.79,BINPPEPLXXX,PAGO PROVEEDOR 04073,BEN
10004074,BENEFICIARIO 04074,001000004074,PEN,2984.52,SCBLPEPLXXX,PAGO PROVEEDOR 04074,SHA
10004075,BENEFICIARIO 04075,001000004075,USD,2985.25,CITIPEPLXXX,PAGO PROVEEDOR 04075,OUR
10004076,BENEFICIARIO 04076,001000004076,PEN,2985.98,BCPLPEPLXXX,PAGO PROVEEDOR 04076,BEN
10004077,BENEFICIARIO 04077,001000004077,PEN,2986.71,BINPPEPLXXX,PAGO PROVEEDOR 04077,SHA
10004078,BENEFICIARIO 04078,001000004078,PEN,2987.44,SCBLPEPLXXX,PAGO PROVEEDOR 04078,OUR
10004079,BENEFICIARIO 04079,001000004079,PEN,2988.17,CITIPEPLXXX,PAGO PROVEEDOR 04079,BEN
10004080,BENEFICIARIO 04080,001000004080,USD,2988.90,BCPLPEPLXXX,PAGO PROVEEDOR 04080,SHA
10004081,BENEFICIARIO 04081,001000004081,PEN,2989.63,BINPPEPLXXX,PAGO PROVEEDOR 04081,OUR
10004082,BENEFICIARIO 04082,001000004082,PEN,2990.36,SCBLPEPLXXX,PAGO PROVEEDOR 04082,BEN
10004083,BENEFICIARIO 04083,001000004083,PEN,2991.09,CITIPEPLXXX,PAGO PROVEEDOR 04083,SHA
10004084,BENEFICIARIO 04084,001000004084,PEN,2991.82,BCPLPEPLXXX,PAGO PROVEEDOR 04084,OUR
10004085,BENEFICIARIO 04085,001000004085,USD,2992.55,BINPPEPLXXX,PAGO PROVEEDOR 04085,BEN
10004086,BENEFICIARIO 04086,001000004086,PEN,2993.28,SCBLPEPLXXX,PAGO PROVEEDOR 04086,SHA
10004087,BENEFICIARIO 04087,001000004087,PEN,2994.01,CITIPEPLXXX,PAGO PROVEEDOR 04087,OUR
10004088,BENEFICIARIO 04088,001000004088,PEN,2994.74,BCPLPEPLXXX,PAGO PROVEEDOR 04088,BEN
10004089,BENEFICIARIO 04089,001000004089,PEN,2995.47,BINPPEPLXXX,PAGO PROVEEDOR 04089,SHA
10004090,BENEFICIARIO 04090,001000004090,USD,2996.20,SCBLPEPLXXX,PAGO PROVEEDOR 04090,OUR
10004091,BENEFICIARIO 04091,001000004091,PEN,2996.93,CITIPEPLXXX,PAGO PROVEEDOR 04091,BEN
10004092,BENEFICIARIO 04092,001000004092,PEN,2997.66,BCPLPEPLXXX,PAGO PROVEEDOR 04092,SHA
10004093,BENEFICIARIO 04093,001000004093,PEN,2998.39,BINPPEPLXXX,PAGO PROVEEDOR 04093,OUR
10004094,BENEFICIARIO 04094,001000004094,PEN,2999.12,SCBLPEPLXXX,PAGO PROVEEDOR 04094,BEN
10004095,BENEFICIARIO 04095,001000004095,USD,2999.85,CITIPEPLXXX,PAGO PROVEEDOR 04095,SHA
10004096,BENEFICIARIO 04096,001000004096,PEN,3000.58,BCPLPEPLXXX,PAGO PROVEEDOR 04096,OUR
10004097,BENEFICIARIO 04097,001000004097,PEN,3001.31,BINPPEPLXXX,PAGO PROVEEDOR 04097,BEN
10004098,BENEFICIARIO 04098,001000004098,PEN,3002.04,SCBLPEPLXXX,PAGO PROVEEDOR 04098,SHA
10004099,BENEFICIARIO 04099,001000004099,PEN,3002.77,CITIPEPLXXX,PAGO PROVEEDOR 04099,OUR
10004100,BENEFICIARIO 04100,001000004100,USD,3003.50,BCPLPEPLXXX,PAGO PROVEEDOR 04100,BEN
10004101,BENEFICIARIO 04101,001000004101,PEN,3004.23,BINPPEPLXXX,PAGO PROVEEDOR 04101,SHA
10004102,BENEFICIARIO 04102,001000004102,PEN,3004.96,SCBLPEPLXXX,PAGO PROVEEDOR 04102,OUR
10004103,BENEFICIARIO 04103,001000004103,PEN,3005.69,CITIPEPLXXX,PAGO PROVEEDOR 04103,BEN
10004104,BENEFICIARIO 04104,001000004104,PEN,3006.42,BCPLPEPLXXX,PAGO PROVEEDOR 04104,SHA
10004105,BENEFICIARIO 04105,001000004105,USD,3007.15,BINPPEPLXXX,PAGO PROVEEDOR 04105,OUR
10004106,BENEFICIARIO 04106,001000004106,PEN,3007.88,SCBLPEPLXXX,PAGO PROVEEDOR 04106,BEN
10004107,BENEFICIARIO 04107,001000004107,PEN,3008.61,CITIPEPLXXX,PAGO PROVEEDOR 04107,SHA
10004108,BENEFICIARIO 04108,001000004108,PEN,3009.34,BCPLPEPLXXX,PAGO PROVEEDOR 04108,OUR
10004109,BENEFICIARIO 04109,001000004109,PEN,3010.07,BINPPEPLXXX,PAGO PROVEEDOR 04109,BEN
10004110,BENEFICIARIO 04110,001000004110,USD,3010.80,SCBLPEPLXXX,PAGO PROVEEDOR 04110,SHA
10004111,BENEFICIARIO 04111,001000004111,PEN,3011.53,CITIPEPLXXX,PAGO PROVEEDOR 04111,OUR
10004112,BENEFICIARIO 04112,001000004112,PEN,3012.26,BCPLPEPLXXX,PAGO PROVEEDOR 04112,BEN
10004113,BENEFICIARIO 04113,001000004113,PEN,3012.99,BINPPEPLXXX,PAGO PROVEEDOR 04113,SHA
10004114,BENEFICIARIO 04114,001000004114,PEN,3013.72,SCBLPEPLXXX,PAGO PROVEEDOR 04114,OUR
10004115,BENEFICIARIO 04115,001000004115,USD,3014.45,CITIPEPLXXX,PAGO PROVEEDOR 04115,BEN
10004116,BENEFICIARIO 04116,001000004116,PEN,3015.18,BCPLPEPLXXX,PAGO PROVEEDOR 04116,SHA
10004117,BENEFICIARIO 04117,001000004117,PEN,3015.91,BINPPEPLXXX,PAGO PROVEEDOR 04117,OUR
10004118,BENEFICIARIO 04118,001000004118,PEN,3016.64,SCBLPEPLXXX,PAGO PROVEEDOR 04118,BEN
10004119,BENEFICIARIO 04119,001000004119,PEN,3017.37,CITIPEPLXXX,PAGO PROVEEDOR 04119,SHA
10004120,BENEFICIARIO 04120,001000004120,USD,3018.10,BCPLPEPLXXX,PAGO PROVEEDOR 04120,OUR
10004121,BENEFICIARIO 04121,001000004121,PEN,3018.83,BINPPEPLXXX,PAGO PROVEEDOR 04121,BEN
10004122,BENEFICIARIO 04122,001000004122,PEN,3019.56,SCBLPEPLXXX,PAGO PROVEEDOR 04122,SHA
10004123,BENEFICIARIO 04123,001000004123,PEN,3020.29,CITIPEPLXXX,PAGO PROVEEDOR 04123,OUR
10004124,BENEFICIARIO 04124,001000004124,PEN,3021.02,BCPLPEPLXXX,PAGO PROVEEDOR 04124,BEN
10004125,BENEFICIARIO 04125,001000004125,USD,3021.75,BINPPEPLXXX,PAGO PROVEEDOR 04125,SHA
10004126,BENEFICIARIO 04126,001000004126,PEN,3022.48,SCBLPEPLXXX,PAGO PROVEEDOR 04126,OUR
10004127,BENEFICIARIO 04127,001000004127,PEN,3023.21,CITIPEPLXXX,PAGO PROVEEDOR 04127,BEN
10004128,BENEFICIARIO 04128,001000004128,PEN,3023.94,BCPLPEPLXXX,PAGO PROVEEDOR 04128,SHA
10004129,BENEFICIARIO 04129,001000004129,PEN,3024.67,BINPPEPLXXX,PAGO PROVEEDOR 04129,OUR
10004130,BENEFICIARIO 04130,001000004130,USD,3025.40,SCBLPEPLXXX,PAGO PROVEEDOR 04130,BEN
10004131,BENEFICIARIO 04131,001000004131,PEN,3026.13,CITIPEPLXXX,PAGO PROVEEDOR 04131,SHA
10004132,BENEFICIARIO 04132,001000004132,PEN,3026.86,BCPLPEPLXXX,PAGO PROVEEDOR 04132,OUR
10004133,BENEFICIARIO 04133,001000004133,PEN,3027.59,BINPPEPLXXX,PAGO PROVEEDOR 04133,BEN
10004134,BENEFICIARIO 04134,001000004134,PEN,3028.32,SCBLPEPLXXX,PAGO PROVEEDOR 04134,SHA
10004135,BENEFICIARIO 04135,001000004135,USD,3029.05,CITIPEPLXXX,PAGO PROVEEDOR 04135,OUR
10004136,BENEFICIARIO 04136,001000004136,PEN,3029.78,BCPLPEPLXXX,PAGO PROVEEDOR 04136,BEN
10004137,BENEFICIARIO 04137,001000004137,PEN,3030.51,BINPPEPLXXX,PAGO PROVEEDOR 04137,SHA
10004138,BENEFICIARIO 04138,001000004138,PEN,3031.24,SCBLPEPLXXX,PAGO PROVEEDOR 04138,OUR
10004139,BENEFICIARIO 04139,001000004139,PEN,3031.97,CITIPEPLXXX,PAGO PROVEEDOR 04139,BEN
10004140,BENEFICIARIO 04140,001000004140,USD,3032.70,BCPLPEPLXXX,PAGO PROVEEDOR 04140,SHA
10004141,BENEFICIARIO 04141,001000004141,PEN,3033.43,BINPPEPLXXX,PAGO PROVEEDOR 04141,OUR
10004142,BENEFICIARIO 04142,001000004142,PEN,3034.16,SCBLPEPLXXX,PAGO PROVEEDOR 04142,BEN
10004143,BENEFICIARIO 04143,001000004143,PEN,3034.89,CITIPEPLXXX,PAGO PROVEEDOR 04143,SHA
10004144,BENEFICIARIO 04144,001000004144,PEN,3035.62,BCPLPEPLXXX,PAGO PROVEEDOR 04144,OUR
10004145,BENEFICIARIO 04145,001000004145,USD,3036.35,BINPPEPLXXX,PAGO PROVEEDOR 04145,BEN
10004146,BENEFICIARIO 04146,001000004146,PEN,3037.08,SCBLPEPLXXX,PAGO PROVEEDOR 04146,SHA
10004147,BENEFICIARIO 04147,001000004147,PEN,3037.81,CITIPEPLXXX,PAGO PROVEEDOR 04147,OUR
10004148,BENEFICIARIO 04148,001000004148,PEN,3038.54,BCPLPEPLXXX,PAGO PROVEEDOR 04148,BEN
10004149,BENEFICIARIO 04149,001000004149,PEN,3039.27,BINPPEPLXXX,PAGO PROVEEDOR 04149,SHA
10004150,BENEFICIARIO 04150,001000004150,USD,3040.00,SCBLPEPLXXX,PAGO PROVEEDOR 04150,OUR
10004151,BENEFICIARIO 04151,001000004151,PEN,3040.73,CITIPEPLXXX,PAGO PROVEEDOR 04151,BEN
10004152,BENEFICIARIO 04152,001000004152,PEN,3041.46,BCPLPEPLXXX,PAGO PROVEEDOR 04152,SHA
10004153,BENEFICIARIO 04153,001000004153,PEN,3042.19,BINPPEPLXXX,PAGO PROVEEDOR 04153,OUR
10004154,BENEFICIARIO 04154,001000004154,PEN,3042.92,SCBLPEPLXXX,PAGO PROVEEDOR 04154,BEN
10004155,BENEFICIARIO 04155,001000004155,USD,3043.65,CITIPEPLXXX,PAGO PROVEEDOR 04155,SHA
10004156,BENEFICIARIO 04156,001000004156,PEN,3044.38,BCPLPEPLXXX,PAGO PROVEEDOR 04156,OUR
10004157,BENEFICIARIO 04157,001000004157,PEN,3045.11,BINPPEPLXXX,PAGO PROVEEDOR 04157,BEN
10004158,BENEFICIARIO 04158,001000004158,PEN,3045.84,SCBLPEPLXXX,PAGO PROVEEDOR 04158,SHA
10004159,BENEFICIARIO 04159,001000004159,PEN,3046.57,CITIPEPLXXX,PAGO PROVEEDOR 04159,OUR
10004160,BENEFICIARIO 04160,001000004160,USD,3047.30,BCPLPEPLXXX,PAGO PROVEEDOR 04160,BEN
10004161,BENEFICIARIO 04161,001000004161,PEN,3048.03,BINPPEPLXXX,PAGO PROVEEDOR 04161,SHA
10004162,BENEFICIARIO 04162,001000004162,PEN,3048.76,SCBLPEPLXXX,PAGO PROVEEDOR 04162,OUR
10004163,BENEFICIARIO 04163,001000004163,PEN,3049.49,CITIPEPLXXX,PAGO PROVEEDOR 04163,BEN
10004164,BENEFICIARIO 04164,001000004164,PEN,3050.22,BCPLPEPLXXX,PAGO PROVEEDOR 04164,SHA
10004165,BENEFICIARIO 04165,001000004165,USD,3050.95,BINPPEPLXXX,PAGO PROVEEDOR 04165,OUR
10004166,BENEFICIARIO 04166,001000004166,PEN,3051.68,SCBLPEPLXXX,PAGO PROVEEDOR 04166,BEN
10004167,BENEFICIARIO 04167,001000004167,PEN,3052.41,CITIPEPLXXX,PAGO PROVEEDOR 04167,SHA
10004168,BENEFICIARIO 04168,001000004168,PEN,3053.14,BCPLPEPLXXX,PAGO PROVEEDOR 04168,OUR
10004169,BENEFICIARIO 04169,001000004169,PEN,3053.87,BINPPEPLXXX,PAGO PROVEEDOR 04169,BEN
10004170,BENEFICIARIO 04170,001000004170,USD,3054.60,SCBLPEPLXXX,PAGO PROVEEDOR 04170,SHA
10004171,BENEFICIARIO 04171,001000004171,PEN,3055.33,CITIPEPLXXX,PAGO PROVEEDOR 04171,OUR
10004172,BENEFICIARIO 04172,001000004172,PEN,3056.06,BCPLPEPLXXX,PAGO PROVEEDOR 04172,BEN
10004173,BENEFICIARIO 04173,001000004173,PEN,3056.79,BINPPEPLXXX,PAGO PROVEEDOR 04173,SHA
10004174,BENEFICIARIO 04174,001000004174,PEN,3057.52,SCBLPEPLXXX,PAGO PROVEEDOR 04174,OUR
10004175,BENEFICIARIO 04175,001000004175,USD,3058.25,CITIPEPLXXX,PAGO PROVEEDOR 04175,BEN
10004176,BENEFICIARIO 04176,001000004176,PEN,3058.98,BCPLPEPLXXX,PAGO PROVEEDOR 04176,SHA
10004177,BENEFICIARIO 04177,001000004177,PEN,3059.71,BINPPEPLXXX,PAGO PROVEEDOR 04177,OUR
10004178,BENEFICIARIO 04178,001000004178,PEN,3060.44,SCBLPEPLXXX,PAGO PROVEEDOR 04178,BEN
10004179,BENEFICIARIO 04179,001000004179,PEN,3061.17,CITIPEPLXXX,PAGO PROVEEDOR 04179,SHA
10004180,BENEFICIARIO 04180,001000004180,USD,3061.90,BCPLPEPLXXX,PAGO PROVEEDOR 04180,OUR
10004181,BENEFICIARIO 04181,001000004181,PEN,3062.63,BINPPEPLXXX,PAGO PROVEEDOR 04181,BEN
10004182,BENEFICIARIO 04182,001000004182,PEN,3063.36,SCBLPEPLXXX,PAGO PROVEEDOR 04182,SHA
10004183,BENEFICIARIO 04183,001000004183,PEN,3064.09,CITIPEPLXXX,PAGO PROVEEDOR 04183,OUR
10004184,BENEFICIARIO 04184,001000004184,PEN,3064.82,BCPLPEPLXXX,PAGO PROVEEDOR 04184,BEN
10004185,BENEFICIARIO 04185,001000004185,USD,3065.55,BINPPEPLXXX,PAGO PROVEEDOR 04185,SHA
10004186,BENEFICIARIO 04186,001000004186,PEN,3066.28,SCBLPEPLXXX,PAGO PROVEEDOR 04186,OUR
10004187,BENEFICIARIO 04187,001000004187,PEN,3067.01,CITIPEPLXXX,PAGO PROVEEDOR 04187,BEN
10004188,BENEFICIARIO 04188,001000004188,PEN,3067.74,BCPLPEPLXXX,PAGO PROVEEDOR 04188,SHA
10004189,BENEFICIARIO 04189,001000004189,PEN,3068.47,BINPPEPLXXX,PAGO PROVEEDOR 04189,OUR
10004190,BENEFICIARIO 04190,001000004190,USD,3069.20,SCBLPEPLXXX,PAGO PROVEEDOR 04190,BEN
10004191,BENEFICIARIO 04191,001000004191,PEN,3069.93,CITIPEPLXXX,PAGO PROVEEDOR 04191,SHA
10004192,BENEFICIARIO 04192,001000004192,PEN,3070.66,BCPLPEPLXXX,PAGO PROVEEDOR 04192,OUR
10004193,BENEFICIARIO 04193,001000004193,PEN,3071.39,BINPPEPLXXX,PAGO PROVEEDOR 04193,BEN
10004194,BENEFICIARIO 04194,001000004194,PEN,3072.12,SCBLPEPLXXX,PAGO PROVEEDOR 04194,SHA
10004195,BENEFICIARIO 04195,001000004195,USD,3072.85,CITIPEPLXXX,PAGO PROVEEDOR 04195,OUR
10004196,BENEFICIARIO 04196,001000004196,PEN,3073.58,BCPLPEPLXXX,PAGO PROVEEDOR 04196,BEN
10004197,BENEFICIARIO 04197,001000004197,PEN,3074.31,BINPPEPLXXX,PAGO PROVEEDOR 04197,SHA
10004198,BENEFICIARIO 04198,001000004198,PEN,3075.04,SCBLPEPLXXX,PAGO PROVEEDOR 04198,OUR
10004199,BENEFICIARIO 04199,001000004199,PEN,3075.77,CITIPEPLXXX,PAGO PROVEEDOR 04199,BEN
10004200,BENEFICIARIO 04200,001000004200,USD,3076.50,BCPLPEPLXXX,PAGO PROVEEDOR 04200,SHA
10004201,BENEFICIARIO 04201,001000004201,PEN,3077.23,BINPPEPLXXX,PAGO PROVEEDOR 04201,OUR
10004202,BENEFICIARIO 04202,001000004202,PEN,3077.96,SCBLPEPLXXX,PAGO PROVEEDOR 04202,BEN
10004203,BENEFICIARIO 04203,001000004203,PEN,3078.69,CITIPEPLXXX,PAGO PROVEEDOR 04203,SHA
10004204,BENEFICIARIO 04204,001000004204,PEN,3079.42,BCPLPEPLXXX,PAGO PROVEEDOR 04204,OUR
10004205,BENEFICIARIO 04205,001000004205,USD,3080.15,BINPPEPLXXX,PAGO PROVEEDOR 04205,BEN
10004206,BENEFICIARIO 04206,001000004206,PEN,3080.88,SCBLPEPLXXX,PAGO PROVEEDOR 04206,SHA
10004207,BENEFICIARIO 04207,001000004207,PEN,3081.61,CITIPEPLXXX,PAGO PROVEEDOR 04207,OUR
10004208,BENEFICIARIO 04208,001000004208,PEN,3082.34,BCPLPEPLXXX,PAGO PROVEEDOR 04208,BEN
10004209,BENEFICIARIO 04209,001000004209,PEN,3083.07,BINPPEPLXXX,PAGO PROVEEDOR 04209,SHA
10004210,BENEFICIARIO 04210,001000004210,USD,3083.80,SCBLPEPLXXX,PAGO PROVEEDOR 04210,OUR
10004211,BENEFICIARIO 04211,001000004211,PEN,3084.53,CITIPEPLXXX,PAGO PROVEEDOR 04211,BEN
10004212,BENEFICIARIO 04212,001000004212,PEN,3085.26,BCPLPEPLXXX,PAGO PROVEEDOR 04212,SHA
10004213,BENEFICIARIO 04213,001000004213,PEN,3085.99,BINPPEPLXXX,PAGO PROVEEDOR 04213,OUR
10004214,BENEFICIARIO 04214,001000004214,PEN,3086.72,SCBLPEPLXXX,PAGO PROVEEDOR 04214,BEN
10004215,BENEFICIARIO 04215,001000004215,USD,3087.45,CITIPEPLXXX,PAGO PROVEEDOR 04215,SHA
10004216,BENEFICIARIO 04216,001000004216,PEN,3088.18,BCPLPEPLXXX,PAGO PROVEEDOR 04216,OUR
10004217,BENEFICIARIO 04217,001000004217,PEN,3088.91,BINPPEPLXXX,PAGO PROVEEDOR 04217,BEN
10004218,BENEFICIARIO 04218,001000004218,PEN,3089.64,SCBLPEPLXXX,PAGO PROVEEDOR 04218,SHA
10004219,BENEFICIARIO 04219,001000004219,PEN,3090.37,CITIPEPLXXX,PAGO PROVEEDOR 04219,OUR
10004220,BENEFICIARIO 04220,001000004220,USD,3091.10,BCPLPEPLXXX,PAGO PROVEEDOR 04220,BEN
10004221,BENEFICIARIO 04221,001000004221,PEN,3091.83,BINPPEPLXXX,PAGO PROVEEDOR 04221,SHA
10004222,BENEFICIARIO 04222,001000004222,PEN,3092.56,SCBLPEPLXXX,PAGO PROVEEDOR 04222,OUR
10004223,BENEFICIARIO 04223,001000004223,PEN,3093.29,CITIPEPLXXX,PAGO PROVEEDOR 04223,BEN
10004224,BENEFICIARIO 04224,001000004224,PEN,3094.02,BCPLPEPLXXX,PAGO PROVEEDOR 04224,SHA
10004225,BENEFICIARIO 04225,001000004225,USD,3094.75,BINPPEPLXXX,PAGO PROVEEDOR 04225,OUR
10004226,BENEFICIARIO 04226,001000004226,PEN,3095.48,SCBLPEPLXXX,PAGO PROVEEDOR 04226,BEN
10004227,BENEFICIARIO 04227,001000004227,PEN,3096.21,CITIPEPLXXX,PAGO PROVEEDOR 04227,SHA
10004228,BENEFICIARIO 04228,001000004228,PEN,3096.94,BCPLPEPLXXX,PAGO PROVEEDOR 04228,OUR
10004229,BENEFICIARIO 04229,001000004229,PEN,3097.67,BINPPEPLXXX,PAGO PROVEEDOR 04229,BEN
10004230,BENEFICIARIO 04230,001000004230,USD,3098.40,SCBLPEPLXXX,PAGO PROVEEDOR 04230,SHA
10004231,BENEFICIARIO 04231,001000004231,PEN,3099.13,CITIPEPLXXX,PAGO PROVEEDOR 04231,OUR
10004232,BENEFICIARIO 04232,001000004232,PEN,3099.86,BCPLPEPLXXX,PAGO PROVEEDOR 04232,BEN
10004233,BENEFICIARIO 04233,001000004233,PEN,3100.59,BINPPEPLXXX,PAGO PROVEEDOR 04233,SHA
10004234,BENEFICIARIO 04234,001000004234,PEN,3101.32,SCBLPEPLXXX,PAGO PROVEEDOR 04234,OUR
10004235,BENEFICIARIO 04235,001000004235,USD,3102.05,CITIPEPLXXX,PAGO PROVEEDOR 04235,BEN
10004236,BENEFICIARIO 04236,001000004236,PEN,3102.78,BCPLPEPLXXX,PAGO PROVEEDOR 04236,SHA
10004237,BENEFICIARIO 04237,001000004237,PEN,3103.51,BINPPEPLXXX,PAGO PROVEEDOR 04237,OUR
10004238,BENEFICIARIO 04238,001000004238,PEN,3104.24,SCBLPEPLXXX,PAGO PROVEEDOR 04238,BEN
10004239,BENEFICIARIO 04239,001000004239,PEN,3104.97,CITIPEPLXXX,PAGO PROVEEDOR 04239,SHA
10004240,BENEFICIARIO 04240,001000004240,USD,3105.70,BCPLPEPLXXX,PAGO PROVEEDOR 04240,OUR
10004241,BENEFICIARIO 04241,001000004241,PEN,3106.43,BINPPEPLXXX,PAGO PROVEEDOR 04241,BEN
10004242,BENEFICIARIO 04242,001000004242,PEN,3107.16,SCBLPEPLXXX,PAGO PROVEEDOR 04242,SHA
10004243,BENEFICIARIO 04243,001000004243,PEN,3107.89,CITIPEPLXXX,PAGO PROVEEDOR 04243,OUR
10004244,BENEFICIARIO 04244,001000004244,PEN,3108.62,BCPLPEPLXXX,PAGO PROVEEDOR 04244,BEN
10004245,BENEFICIARIO 04245,001000004245,USD,3109.35,BINPPEPLXXX,PAGO PROVEEDOR 04245,SHA
10004246,BENEFICIARIO 04246,001000004246,PEN,3110.08,SCBLPEPLXXX,PAGO PROVEEDOR 04246,OUR
10004247,BENEFICIARIO 04247,001000004247,PEN,3110.81,CITIPEPLXXX,PAGO PROVEEDOR 04247,BEN
10004248,BENEFICIARIO 04248,001000004248,PEN,3111.54,BCPLPEPLXXX,PAGO PROVEEDOR 04248,SHA
10004249,BENEFICIARIO 04249,001000004249,PEN,3112.27,BINPPEPLXXX,PAGO PROVEEDOR 04249,OUR
10004250,BENEFICIARIO 04250,001000004250,USD,3113.00,SCBLPEPLXXX,PAGO PROVEEDOR 04250,BEN
10004251,BENEFICIARIO 04251,001000004251,PEN,3113.73,CITIPEPLXXX,PAGO PROVEEDOR 04251,SHA
10004252,BENEFICIARIO 04252,001000004252,PEN,3114.46,BCPLPEPLXXX,PAGO PROVEEDOR 04252,OUR
10004253,BENEFICIARIO 04253,001000004253,PEN,3115.19,BINPPEPLXXX,PAGO PROVEEDOR 04253,BEN
10004254,BENEFICIARIO 04254,001000004254,PEN,3115.92,SCBLPEPLXXX,PAGO PROVEEDOR 04254,SHA
10004255,BENEFICIARIO 04255,001000004255,USD,3116.65,CITIPEPLXXX,PAGO PROVEEDOR 04255,OUR
10004256,BENEFICIARIO 04256,001000004256,PEN,3117.38,BCPLPEPLXXX,PAGO PROVEEDOR 04256,BEN
10004257,BENEFICIARIO 04257,001000004257,PEN,3118.11,BINPPEPLXXX,PAGO PROVEEDOR 04257,SHA
10004258,BENEFICIARIO 04258,001000004258,PEN,3118.84,SCBLPEPLXXX,PAGO PROVEEDOR 04258,OUR
10004259,BENEFICIARIO 04259,001000004259,PEN,3119.57,CITIPEPLXXX,PAGO PROVEEDOR 04259,BEN
10004260,BENEFICIARIO 04260,001000004260,USD,3120.30,BCPLPEPLXXX,PAGO PROVEEDOR 04260,SHA
10004261,BENEFICIARIO 04261,001000004261,PEN,3121.03,BINPPEPLXXX,PAGO PROVEEDOR 04261,OUR
10004262,BENEFICIARIO 04262,001000004262,PEN,3121.76,SCBLPEPLXXX,PAGO PROVEEDOR 04262,BEN
10004263,BENEFICIARIO 04263,001000004263,PEN,3122.49,CITIPEPLXXX,PAGO PROVEEDOR 04263,SHA
10004264,BENEFICIARIO 04264,001000004264,PEN,3123.22,BCPLPEPLXXX,PAGO PROVEEDOR 04264,OUR
10004265,BENEFICIARIO 04265,001000004265,USD,3123.95,BINPPEPLXXX,PAGO PROVEEDOR 04265,BEN
10004266,BENEFICIARIO 04266,001000004266,PEN,3124.68,SCBLPEPLXXX,PAGO PROVEEDOR 04266,SHA
10004267,BENEFICIARIO 04267,001000004267,PEN,3125.41,CITIPEPLXXX,PAGO PROVEEDOR 04267,OUR
10004268,BENEFICIARIO 04268,001000004268,PEN,3126.14,BCPLPEPLXXX,PAGO PROVEEDOR 04268,BEN
10004269,BENEFICIARIO 04269,001000004269,PEN,3126.87,BINPPEPLXXX,PAGO PROVEEDOR 04269,SHA
10004270,BENEFICIARIO 04270,001000004270,USD,3127.60,SCBLPEPLXXX,PAGO PROVEEDOR 04270,OUR
10004271,BENEFICIARIO 04271,001000004271,PEN,3128.33,CITIPEPLXXX,PAGO PROVEEDOR 04271,BEN
10004272,BENEFICIARIO 04272,001000004272,PEN,3129.06,BCPLPEPLXXX,PAGO PROVEEDOR 04272,SHA
10004273,BENEFICIARIO 04273,001000004273,PEN,3129.79,BINPPEPLXXX,PAGO PROVEEDOR 04273,OUR
10004274,BENEFICIARIO 04274,001000004274,PEN,3130.52,SCBLPEPLXXX,PAGO PROVEEDOR 04274,BEN
10004275,BENEFICIARIO 04275,001000004275,USD,3131.25,CITIPEPLXXX,PAGO PROVEEDOR 04275,SHA
10004276,BENEFICIARIO 04276,001000004276,PEN,3131.98,BCPLPEPLXXX,PAGO PROVEEDOR 04276,OUR
10004277,BENEFICIARIO 04277,001000004277,PEN,3132.71,BINPPEPLXXX,PAGO PROVEEDOR 04277,BEN
10004278,BENEFICIARIO 04278,001000004278,PEN,3133.44,SCBLPEPLXXX,PAGO PROVEEDOR 04278,SHA
10004279,BENEFICIARIO 04279,001000004279,PEN,3134.17,CITIPEPLXXX,PAGO PROVEEDOR 04279,OUR
10004280,BENEFICIARIO 04280,001000004280,USD,3134.90,BCPLPEPLXXX,PAGO PROVEEDOR 04280,BEN
10004281,BENEFICIARIO 04281,001000004281,PEN,3135.63,BINPPEPLXXX,PAGO PROVEEDOR 04281,SHA
10004282,BENEFICIARIO 04282,001000004282,PEN,3136.36,SCBLPEPLXXX,PAGO PROVEEDOR 04282,OUR
10004283,BENEFICIARIO 04283,001000004283,PEN,3137.09,CITIPEPLXXX,PAGO PROVEEDOR 04283,BEN
10004284,BENEFICIARIO 04284,001000004284,PEN,3137.82,BCPLPEPLXXX,PAGO PROVEEDOR 04284,SHA
10004285,BENEFICIARIO 04285,001000004285,USD,3138.55,BINPPEPLXXX,PAGO PROVEEDOR 04285,OUR
10004286,BENEFICIARIO 04286,001000004286,PEN,3139.28,SCBLPEPLXXX,PAGO PROVEEDOR 04286,BEN
10004287,BENEFICIARIO 04287,001000004287,PEN,3140.01,CITIPEPLXXX,PAGO PROVEEDOR 04287,SHA
10004288,BENEFICIARIO 04288,001000004288,PEN,3140.74,BCPLPEPLXXX,PAGO PROVEEDOR 04288,OUR
10004289,BENEFICIARIO 04289,001000004289,PEN,3141.47,BINPPEPLXXX,PAGO PROVEEDOR 04289,BEN
10004290,BENEFICIARIO 04290,001000004290,USD,3142.20,SCBLPEPLXXX,PAGO PROVEEDOR 04290,SHA
10004291,BENEFICIARIO 04291,001000004291,PEN,3142.93,CITIPEPLXXX,PAGO PROVEEDOR 04291,OUR
10004292,BENEFICIARIO 04292,001000004292,PEN,3143.66,BCPLPEPLXXX,PAGO PROVEEDOR 04292,BEN
10004293,BENEFICIARIO 04293,001000004293,PEN,3144.39,BINPPEPLXXX,PAGO PROVEEDOR 04293,SHA
10004294,BENEFICIARIO 04294,001000004294,PEN,3145.12,SCBLPEPLXXX,PAGO PROVEEDOR 04294,OUR
10004295,BENEFICIARIO 04295,001000004295,USD,3145.85,CITIPEPLXXX,PAGO PROVEEDOR 04295,BEN
10004296,BENEFICIARIO 04296,001000004296,PEN,3146.58,BCPLPEPLXXX,PAGO PROVEEDOR 04296,SHA
10004297,BENEFICIARIO 04297,001000004297,PEN,3147.31,BINPPEPLXXX,PAGO PROVEEDOR 04297,OUR
10004298,BENEFICIARIO 04298,001000004298,PEN,3148.04,SCBLPEPLXXX,PAGO PROVEEDOR 04298,BEN
10004299,BENEFICIARIO 04299,001000004299,PEN,3148.77,CITIPEPLXXX,PAGO PROVEEDOR 04299,SHA
10004300,BENEFICIARIO 04300,001000004300,USD,3149.50,BCPLPEPLXXX,PAGO PROVEEDOR 04300,OUR
10004301,BENEFICIARIO 04301,001000004301,PEN,3150.23,BINPPEPLXXX,PAGO PROVEEDOR 04301,BEN
10004302,BENEFICIARIO 04302,001000004302,PEN,3150.96,SCBLPEPLXXX,PAGO PROVEEDOR 04302,SHA
10004303,BENEFICIARIO 04303,001000004303,PEN,3151.69,CITIPEPLXXX,PAGO PROVEEDOR 04303,OUR
10004304,BENEFICIARIO 04304,001000004304,PEN,3152.42,BCPLPEPLXXX,PAGO PROVEEDOR 04304,BEN
10004305,BENEFICIARIO 04305,001000004305,USD,3153.15,BINPPEPLXXX,PAGO PROVEEDOR 04305,SHA
10004306,BENEFICIARIO 04306,001000004306,PEN,3153.88,SCBLPEPLXXX,PAGO PROVEEDOR 04306,OUR
10004307,BENEFICIARIO 04307,001000004307,PEN,3154.61,CITIPEPLXXX,PAGO PROVEEDOR 04307,BEN
10004308,BENEFICIARIO 04308,001000004308,PEN,3155.34,BCPLPEPLXXX,PAGO PROVEEDOR 04308,SHA
10004309,BENEFICIARIO 04309,001000004309,PEN,3156.07,BINPPEPLXXX,PAGO PROVEEDOR 04309,OUR
10004310,BENEFICIARIO 04310,001000004310,USD,3156.80,SCBLPEPLXXX,PAGO PROVEEDOR 04310,BEN
10004311,BENEFICIARIO 04311,001000004311,PEN,3157.53,CITIPEPLXXX,PAGO PROVEEDOR 04311,SHA
10004312,BENEFICIARIO 04312,001000004312,PEN,3158.26,BCPLPEPLXXX,PAGO PROVEEDOR 04312,OUR
10004313,BENEFICIARIO 04313,001000004313,PEN,3158.99,BINPPEPLXXX,PAGO PROVEEDOR 04313,BEN
10004314,BENEFICIARIO 04314,001000004314,PEN,3159.72,SCBLPEPLXXX,PAGO PROVEEDOR 04314,SHA
10004315,BENEFICIARIO 04315,001000004315,USD,3160.45,CITIPEPLXXX,PAGO PROVEEDOR 04315,OUR
10004316,BENEFICIARIO 04316,001000004316,PEN,3161.18,BCPLPEPLXXX,PAGO PROVEEDOR 04316,BEN
10004317,BENEFICIARIO 04317,001000004317,PEN,3161.91,BINPPEPLXXX,PAGO PROVEEDOR 04317,SHA
10004318,BENEFICIARIO 04318,001000004318,PEN,3162.64,SCBLPEPLXXX,PAGO PROVEEDOR 04318,OUR
10004319,BENEFICIARIO 04319,001000004319,PEN,3163.37,CITIPEPLXXX,PAGO PROVEEDOR 04319,BEN
10004320,BENEFICIARIO 04320,001000004320,USD,3164.10,BCPLPEPLXXX,PAGO PROVEEDOR 04320,SHA
10004321,BENEFICIARIO 04321,001000004321,PEN,3164.83,BINPPEPLXXX,PAGO PROVEEDOR 04321,OUR
10004322,BENEFICIARIO 04322,001000004322,PEN,3165.56,SCBLPEPLXXX,PAGO PROVEEDOR 04322,BEN
10004323,BENEFICIARIO 04323,001000004323,PEN,3166.29,CITIPEPLXXX,PAGO PROVEEDOR 04323,SHA
10004324,BENEFICIARIO 04324,001000004324,PEN,3167.02,BCPLPEPLXXX,PAGO PROVEEDOR 04324,OUR
10004325,BENEFICIARIO 04325,001000004325,USD,3167.75,BINPPEPLXXX,PAGO PROVEEDOR 04325,BEN
10004326,BENEFICIARIO 04326,001000004326,PEN,3168.48,SCBLPEPLXXX,PAGO PROVEEDOR 04326,SHA
10004327,BENEFICIARIO 04327,001000004327,PEN,3169.21,CITIPEPLXXX,PAGO PROVEEDOR 04327,OUR
10004328,BENEFICIARIO 04328,001000004328,PEN,3169.94,BCPLPEPLXXX,PAGO PROVEEDOR 04328,BEN
10004329,BENEFICIARIO 04329,001000004329,PEN,3170.67,BINPPEPLXXX,PAGO PROVEEDOR 04329,SHA
10004330,BENEFICIARIO 04330,001000004330,USD,3171.40,SCBLPEPLXXX,PAGO PROVEEDOR 04330,OUR
10004331,BENEFICIARIO 04331,001000004331,PEN,3172.13,CITIPEPLXXX,PAGO PROVEEDOR 04331,BEN
10004332,BENEFICIARIO 04332,001000004332,PEN,3172.86,BCPLPEPLXXX,PAGO PROVEEDOR 04332,SHA
10004333,BENEFICIARIO 04333,001000004333,PEN,3173.59,BINPPEPLXXX,PAGO PROVEEDOR 04333,OUR
10004334,BENEFICIARIO 04334,001000004334,PEN,3174.32,SCBLPEPLXXX,PAGO PROVEEDOR 04334,BEN
10004335,BENEFICIARIO 04335,001000004335,USD,3175.05,CITIPEPLXXX,PAGO PROVEEDOR 04335,SHA
10004336,BENEFICIARIO 04336,001000004336,PEN,3175.78,BCPLPEPLXXX,PAGO PROVEEDOR 04336,OUR
10004337,BENEFICIARIO 04337,001000004337,PEN,3176.51,BINPPEPLXXX,PAGO PROVEEDOR 04337,BEN
10004338,BENEFICIARIO 04338,001000004338,PEN,3177.24,SCBLPEPLXXX,PAGO PROVEEDOR 04338,SHA
10004339,BENEFICIARIO 04339,001000004339,PEN,3177.97,CITIPEPLXXX,PAGO PROVEEDOR 04339,OUR
10004340,BENEFICIARIO 04340,001000004340,USD,3178.70,BCPLPEPLXXX,PAGO PROVEEDOR 04340,BEN
10004341,BENEFICIARIO 04341,001000004341,PEN,3179.43,BINPPEPLXXX,PAGO PROVEEDOR 04341,SHA
10004342,BENEFICIARIO 04342,001000004342,PEN,3180.16,SCBLPEPLXXX,PAGO PROVEEDOR 04342,OUR
10004343,BENEFICIARIO 04343,001000004343,PEN,3180.89,CITIPEPLXXX,PAGO PROVEEDOR 04343,BEN
10004344,BENEFICIARIO 04344,001000004344,PEN,3181.62,BCPLPEPLXXX,PAGO PROVEEDOR 04344,SHA
10004345,BENEFICIARIO 04345,001000004345,USD,3182.35,BINPPEPLXXX,PAGO PROVEEDOR 04345,OUR
10004346,BENEFICIARIO 04346,001000004346,PEN,3183.08,SCBLPEPLXXX,PAGO PROVEEDOR 04346,BEN
10004347,BENEFICIARIO 04347,001000004347,PEN,3183.81,CITIPEPLXXX,PAGO PROVEEDOR 04347,SHA
10004348,BENEFICIARIO 04348,001000004348,PEN,3184.54,BCPLPEPLXXX,PAGO PROVEEDOR 04348,OUR
10004349,BENEFICIARIO 04349,001000004349,PEN,3185.27,BINPPEPLXXX,PAGO PROVEEDOR 04349,BEN
10004350,BENEFICIARIO 04350,001000004350,USD,3186.00,SCBLPEPLXXX,PAGO PROVEEDOR 04350,SHA
10004351,BENEFICIARIO 04351,001000004351,PEN,3186.73,CITIPEPLXXX,PAGO PROVEEDOR 04351,OUR
10004352,BENEFICIARIO 04352,001000004352,PEN,3187.46,BCPLPEPLXXX,PAGO PROVEEDOR 04352,BEN
10004353,BENEFICIARIO 04353,001000004353,PEN,3188.19,BINPPEPLXXX,PAGO PROVEEDOR 04353,SHA
10004354,BENEFICIARIO 04354,001000004354,PEN,3188.92,SCBLPEPLXXX,PAGO PROVEEDOR 04354,OUR
10004355,BENEFICIARIO 04355,001000004355,USD,3189.65,CITIPEPLXXX,PAGO PROVEEDOR 04355,BEN
10004356,BENEFICIARIO 04356,001000004356,PEN,3190.38,BCPLPEPLXXX,PAGO PROVEEDOR 04356,SHA
10004357,BENEFICIARIO 04357,001000004357,PEN,3191.11,BINPPEPLXXX,PAGO PROVEEDOR 04357,OUR
10004358,BENEFICIARIO 04358,001000004358,PEN,3191.84,SCBLPEPLXXX,PAGO PROVEEDOR 04358,BEN
10004359,BENEFICIARIO 04359,001000004359,PEN,3192.57,CITIPEPLXXX,PAGO PROVEEDOR 04359,SHA
10004360,BENEFICIARIO 04360,001000004360,USD,3193.30,BCPLPEPLXXX,PAGO PROVEEDOR 04360,OUR
10004361,BENEFICIARIO 04361,001000004361,PEN,3194.03,BINPPEPLXXX,PAGO PROVEEDOR 04361,BEN
10004362,BENEFICIARIO 04362,001000004362,PEN,3194.76,SCBLPEPLXXX,PAGO PROVEEDOR 04362,SHA
10004363,BENEFICIARIO 04363,001000004363,PEN,3195.49,CITIPEPLXXX,PAGO PROVEEDOR 04363,OUR
10004364,BENEFICIARIO 04364,001000004364,PEN,3196.22,BCPLPEPLXXX,PAGO PROVEEDOR 04364,BEN
10004365,BENEFICIARIO 04365,001000004365,USD,3196.95,BINPPEPLXXX,PAGO PROVEEDOR 04365,SHA
10004366,BENEFICIARIO 04366,001000004366,PEN,3197.68,SCBLPEPLXXX,PAGO PROVEEDOR 04366,OUR
10004367,BENEFICIARIO 04367,001000004367,PEN,3198.41,CITIPEPLXXX,PAGO PROVEEDOR 04367,BEN
10004368,BENEFICIARIO 04368,001000004368,PEN,3199.14,BCPLPEPLXXX,PAGO PROVEEDOR 04368,SHA
10004369,BENEFICIARIO 04369,001000004369,PEN,3199.87,BINPPEPLXXX,PAGO PROVEEDOR 04369,OUR
10004370,BENEFICIARIO 04370,001000004370,USD,3200.60,SCBLPEPLXXX,PAGO PROVEEDOR 04370,BEN
10004371,BENEFICIARIO 04371,001000004371,PEN,3201.33,CITIPEPLXXX,PAGO PROVEEDOR 04371,SHA
10004372,BENEFICIARIO 04372,001000004372,PEN,3202.06,BCPLPEPLXXX,PAGO PROVEEDOR 04372,OUR
10004373,BENEFICIARIO 04373,001000004373,PEN,3202.79,BINPPEPLXXX,PAGO PROVEEDOR 04373,BEN
10004374,BENEFICIARIO 04374,001000004374,PEN,3203.52,SCBLPEPLXXX,PAGO PROVEEDOR 04374,SHA
10004375,BENEFICIARIO 04375,001000004375,USD,3204.25,CITIPEPLXXX,PAGO PROVEEDOR 04375,OUR
10004376,BENEFICIARIO 04376,001000004376,PEN,3204.98,BCPLPEPLXXX,PAGO PROVEEDOR 04376,BEN
10004377,BENEFICIARIO 04377,001000004377,PEN,3205.71,BINPPEPLXXX,PAGO PROVEEDOR 04377,SHA
10004378,BENEFICIARIO 04378,001000004378,PEN,3206.44,SCBLPEPLXXX,PAGO PROVEEDOR 04378,OUR
10004379,BENEFICIARIO 04379,001000004379,PEN,3207.17,CITIPEPLXXX,PAGO PROVEEDOR 04379,BEN
10004380,BENEFICIARIO 04380,001000004380,USD,3207.90,BCPLPEPLXXX,PAGO PROVEEDOR 04380,SHA
10004381,BENEFICIARIO 04381,001000004381,PEN,3208.63,BINPPEPLXXX,PAGO PROVEEDOR 04381,OUR
10004382,BENEFICIARIO 04382,001000004382,PEN,3209.36,SCBLPEPLXXX,PAGO PROVEEDOR 04382,BEN
10004383,BENEFICIARIO 04383,001000004383,PEN,3210.09,CITIPEPLXXX,PAGO PROVEEDOR 04383,SHA
10004384,BENEFICIARIO 04384,001000004384,PEN,3210.82,BCPLPEPLXXX,PAGO PROVEEDOR 04384,OUR
10004385,BENEFICIARIO 04385,001000004385,USD,3211.55,BINPPEPLXXX,PAGO PROVEEDOR 04385,BEN
10004386,BENEFICIARIO 04386,001000004386,PEN,3212.28,SCBLPEPLXXX,PAGO PROVEEDOR 04386,SHA
10004387,BENEFICIARIO 04387,001000004387,PEN,3213.01,CITIPEPLXXX,PAGO PROVEEDOR 04387,OUR
10004388,BENEFICIARIO 04388,001000004388,PEN,3213.74,BCPLPEPLXXX,PAGO PROVEEDOR 04388,BEN
10004389,BENEFICIARIO 04389,001000004389,PEN,3214.47,BINPPEPLXXX,PAGO PROVEEDOR 04389,SHA
10004390,BENEFICIARIO 04390,001000004390,USD,3215.20,SCBLPEPLXXX,PAGO PROVEEDOR 04390,OUR
10004391,BENEFICIARIO 04391,001000004391,PEN,3215.93,CITIPEPLXXX,PAGO PROVEEDOR 04391,BEN
10004392,BENEFICIARIO 04392,001000004392,PEN,3216.66,BCPLPEPLXXX,PAGO PROVEEDOR 04392,SHA
10004393,BENEFICIARIO 04393,001000004393,PEN,3217.39,BINPPEPLXXX,PAGO PROVEEDOR 04393,OUR
10004394,BENEFICIARIO 04394,001000004394,PEN,3218.12,SCBLPEPLXXX,PAGO PROVEEDOR 04394,BEN
10004395,BENEFICIARIO 04395,001000004395,USD,3218.85,CITIPEPLXXX,PAGO PROVEEDOR 04395,SHA
10004396,BENEFICIARIO 04396,001000004396,PEN,3219.58,BCPLPEPLXXX,PAGO PROVEEDOR 04396,OUR
10004397,BENEFICIARIO 04397,001000004397,PEN,3220.31,BINPPEPLXXX,PAGO PROVEEDOR 04397,BEN
10004398,BENEFICIARIO 04398,001000004398,PEN,3221.04,SCBLPEPLXXX,PAGO PROVEEDOR 04398,SHA
10004399,BENEFICIARIO 04399,001000004399,PEN,3221.77,CITIPEPLXXX,PAGO PROVEEDOR 04399,OUR
10004400,BENEFICIARIO 04400,001000004400,USD,3222.50,BCPLPEPLXXX,PAGO PROVEEDOR 04400,BEN
10004401,BENEFICIARIO 04401,001000004401,PEN,3223.23,BINPPEPLXXX,PAGO PROVEEDOR 04401,SHA
10004402,BENEFICIARIO 04402,001000004402,PEN,3223.96,SCBLPEPLXXX,PAGO PROVEEDOR 04402,OUR
10004403,BENEFICIARIO 04403,001000004403,PEN,3224.69,CITIPEPLXXX,PAGO PROVEEDOR 04403,BEN
10004404,BENEFICIARIO 04404,001000004404,PEN,3225.42,BCPLPEPLXXX,PAGO PROVEEDOR 04404,SHA
10004405,BENEFICIARIO 04405,001000004405,USD,3226.15,BINPPEPLXXX,PAGO PROVEEDOR 04405,OUR
10004406,BENEFICIARIO 04406,001000004406,PEN,3226.88,SCBLPEPLXXX,PAGO PROVEEDOR 04406,BEN
10004407,BENEFICIARIO 04407,001000004407,PEN,3227.61,CITIPEPLXXX,PAGO PROVEEDOR 04407,SHA
10004408,BENEFICIARIO 04408,001000004408,PEN,3228.34,BCPLPEPLXXX,PAGO PROVEEDOR 04408,OUR
10004409,BENEFICIARIO 04409,001000004409,PEN,3229.07,BINPPEPLXXX,PAGO PROVEEDOR 04409,BEN
10004410,BENEFICIARIO 04410,001000004410,USD,3229.80,SCBLPEPLXXX,PAGO PROVEEDOR 04410,SHA
10004411,BENEFICIARIO 04411,001000004411,PEN,3230.53,CITIPEPLXXX,PAGO PROVEEDOR 04411,OUR
10004412,BENEFICIARIO 04412,001000004412,PEN,3231.26,BCPLPEPLXXX,PAGO PROVEEDOR 04412,BEN
10004413,BENEFICIARIO 04413,001000004413,PEN,3231.99,BINPPEPLXXX,PAGO PROVEEDOR 04413,SHA
10004414,BENEFICIARIO 04414,001000004414,PEN,3232.72,SCBLPEPLXXX,PAGO PROVEEDOR 04414,OUR
10004415,BENEFICIARIO 04415,001000004415,USD,3233.45,CITIPEPLXXX,PAGO PROVEEDOR 04415,BEN
10004416,BENEFICIARIO 04416,001000004416,PEN,3234.18,BCPLPEPLXXX,PAGO PROVEEDOR 04416,SHA
10004417,BENEFICIARIO 04417,001000004417,PEN,3234.91,BINPPEPLXXX,PAGO PROVEEDOR 04417,OUR
10004418,BENEFICIARIO 04418,001000004418,PEN,3235.64,SCBLPEPLXXX,PAGO PROVEEDOR 04418,BEN
10004419,BENEFICIARIO 04419,001000004419,PEN,3236.37,CITIPEPLXXX,PAGO PROVEEDOR 04419,SHA
10004420,BENEFICIARIO 04420,001000004420,USD,3237.10,BCPLPEPLXXX,PAGO PROVEEDOR 04420,OUR
10004421,BENEFICIARIO 04421,001000004421,PEN,3237.83,BINPPEPLXXX,PAGO PROVEEDOR 04421,BEN
10004422,BENEFICIARIO 04422,001000004422,PEN,3238.56,SCBLPEPLXXX,PAGO PROVEEDOR 04422,SHA
10004423,BENEFICIARIO 04423,001000004423,PEN,3239.29,CITIPEPLXXX,PAGO PROVEEDOR 04423,OUR
10004424,BENEFICIARIO 04424,001000004424,PEN,3240.02,BCPLPEPLXXX,PAGO PROVEEDOR 04424,BEN
10004425,BENEFICIARIO 04425,001000004425,USD,3240.75,BINPPEPLXXX,PAGO PROVEEDOR 04425,SHA
10004426,BENEFICIARIO 04426,001000004426,PEN,3241.48,SCBLPEPLXXX,PAGO PROVEEDOR 04426,OUR
10004427,BENEFICIARIO 04427,001000004427,PEN,3242.21,CITIPEPLXXX,PAGO PROVEEDOR 04427,BEN
10004428,BENEFICIARIO 04428,001000004428,PEN,3242.94,BCPLPEPLXXX,PAGO PROVEEDOR 04428,SHA
10004429,BENEFICIARIO 04429,001000004429,PEN,3243.67,BINPPEPLXXX,PAGO PROVEEDOR 04429,OUR
10004430,BENEFICIARIO 04430,001000004430,USD,3244.40,SCBLPEPLXXX,PAGO PROVEEDOR 04430,BEN
10004431,BENEFICIARIO 04431,001000004431,PEN,3245.13,CITIPEPLXXX,PAGO PROVEEDOR 04431,SHA
10004432,BENEFICIARIO 04432,001000004432,PEN,3245.86,BCPLPEPLXXX,PAGO PROVEEDOR 04432,OUR
10004433,BENEFICIARIO 04433,001000004433,PEN,3246.59,BINPPEPLXXX,PAGO PROVEEDOR 04433,BEN
10004434,BENEFICIARIO 04434,001000004434,PEN,3247.32,SCBLPEPLXXX,PAGO PROVEEDOR 04434,SHA
10004435,BENEFICIARIO 04435,001000004435,USD,3248.05,CITIPEPLXXX,PAGO PROVEEDOR 04435,OUR
10004436,BENEFICIARIO 04436,001000004436,PEN,3248.78,BCPLPEPLXXX,PAGO PROVEEDOR 04436,BEN
10004437,BENEFICIARIO 04437,001000004437,PEN,3249.51,BINPPEPLXXX,PAGO PROVEEDOR 04437,SHA
10004438,BENEFICIARIO 04438,001000004438,PEN,3250.24,SCBLPEPLXXX,PAGO PROVEEDOR 04438,OUR
10004439,BENEFICIARIO 04439,001000004439,PEN,3250.97,CITIPEPLXXX,PAGO PROVEEDOR 04439,BEN
10004440,BENEFICIARIO 04440,001000004440,USD,3251.70,BCPLPEPLXXX,PAGO PROVEEDOR 04440,SHA
10004441,BENEFICIARIO 04441,001000004441,PEN,3252.43,BINPPEPLXXX,PAGO PROVEEDOR 04441,OUR
10004442,BENEFICIARIO 04442,001000004442,PEN,3253.16,SCBLPEPLXXX,PAGO PROVEEDOR 04442,BEN
10004443,BENEFICIARIO 04443,001000004443,PEN,3253.89,CITIPEPLXXX,PAGO PROVEEDOR 04443,SHA
10004444,BENEFICIARIO 04444,001000004444,PEN,3254.62,BCPLPEPLXXX,PAGO PROVEEDOR 04444,OUR
10004445,BENEFICIARIO 04445,001000004445,USD,3255.35,BINPPEPLXXX,PAGO PROVEEDOR 04445,BEN
10004446,BENEFICIARIO 04446,001000004446,PEN,3256.08,SCBLPEPLXXX,PAGO PROVEEDOR 04446,SHA
10004447,BENEFICIARIO 04447,001000004447,PEN,3256.81,CITIPEPLXXX,PAGO PROVEEDOR 04447,OUR
10004448,BENEFICIARIO 04448,001000004448,PEN,3257.54,BCPLPEPLXXX,PAGO PROVEEDOR 04448,BEN
10004449,BENEFICIARIO 04449,001000004449,PEN,3258.27,BINPPEPLXXX,PAGO PROVEEDOR 04449,SHA
10004450,BENEFICIARIO 04450,001000004450,USD,3259.00,SCBLPEPLXXX,PAGO PROVEEDOR 04450,OUR
10004451,BENEFICIARIO 04451,001000004451,PEN,3259.73,CITIPEPLXXX,PAGO PROVEEDOR 04451,BEN
10004452,BENEFICIARIO 04452,001000004452,PEN,3260.46,BCPLPEPLXXX,PAGO PROVEEDOR 04452,SHA
10004453,BENEFICIARIO 04453,001000004453,PEN,3261.19,BINPPEPLXXX,PAGO PROVEEDOR 04453,OUR
10004454,BENEFICIARIO 04454,001000004454,PEN,3261.92,SCBLPEPLXXX,PAGO PROVEEDOR 04454,BEN
10004455,BENEFICIARIO 04455,001000004455,USD,3262.65,CITIPEPLXXX,PAGO PROVEEDOR 04455,SHA
10004456,BENEFICIARIO 04456,001000004456,PEN,3263.38,BCPLPEPLXXX,PAGO PROVEEDOR 04456,OUR
10004457,BENEFICIARIO 04457,001000004457,PEN,3264.11,BINPPEPLXXX,PAGO PROVEEDOR 04457,BEN
10004458,BENEFICIARIO 04458,001000004458,PEN,3264.84,SCBLPEPLXXX,PAGO PROVEEDOR 04458,SHA
10004459,BENEFICIARIO 04459,001000004459,PEN,3265.57,CITIPEPLXXX,PAGO PROVEEDOR 04459,OUR
10004460,BENEFICIARIO 04460,001000004460,USD,3266.30,BCPLPEPLXXX,PAGO PROVEEDOR 04460,BEN
10004461,BENEFICIARIO 04461,001000004461,PEN,3267.03,BINPPEPLXXX,PAGO PROVEEDOR 04461,SHA
10004462,BENEFICIARIO 04462,001000004462,PEN,3267.76,SCBLPEPLXXX,PAGO PROVEEDOR 04462,OUR
10004463,BENEFICIARIO 04463,001000004463,PEN,3268.49,CITIPEPLXXX,PAGO PROVEEDOR 04463,BEN
10004464,BENEFICIARIO 04464,001000004464,PEN,3269.22,BCPLPEPLXXX,PAGO PROVEEDOR 04464,SHA
10004465,BENEFICIARIO 04465,001000004465,USD,3269.95,BINPPEPLXXX,PAGO PROVEEDOR 04465,OUR
10004466,BENEFICIARIO 04466,001000004466,PEN,3270.68,SCBLPEPLXXX,PAGO PROVEEDOR 04466,BEN
10004467,BENEFICIARIO 04467,001000004467,PEN,3271.41,CITIPEPLXXX,PAGO PROVEEDOR 04467,SHA
10004468,BENEFICIARIO 04468,001000004468,PEN,3272.14,BCPLPEPLXXX,PAGO PROVEEDOR 04468,OUR
10004469,BENEFICIARIO 04469,001000004469,PEN,3272.87,BINPPEPLXXX,PAGO PROVEEDOR 04469,BEN
10004470,BENEFICIARIO 04470,001000004470,USD,3273.60,SCBLPEPLXXX,PAGO PROVEEDOR 04470,SHA
10004471,BENEFICIARIO 04471,001000004471,PEN,3274.33,CITIPEPLXXX,PAGO PROVEEDOR 04471,OUR
10004472,BENEFICIARIO 04472,001000004472,PEN,3275.06,BCPLPEPLXXX,PAGO PROVEEDOR 04472,BEN
10004473,BENEFICIARIO 04473,001000004473,PEN,3275.79,BINPPEPLXXX,PAGO PROVEEDOR 04473,SHA
10004474,BENEFICIARIO 04474,001000004474,PEN,3276.52,SCBLPEPLXXX,PAGO PROVEEDOR 04474,OUR
10004475,BENEFICIARIO 04475,001000004475,USD,3277.25,CITIPEPLXXX,PAGO PROVEEDOR 04475,BEN
10004476,BENEFICIARIO 04476,001000004476,PEN,3277.98,BCPLPEPLXXX,PAGO PROVEEDOR 04476,SHA
10004477,BENEFICIARIO 04477,001000004477,PEN,3278.71,BINPPEPLXXX,PAGO PROVEEDOR 04477,OUR
10004478,BENEFICIARIO 04478,001000004478,PEN,3279.44,SCBLPEPLXXX,PAGO PROVEEDOR 04478,BEN
10004479,BENEFICIARIO 04479,001000004479,PEN,3280.17,CITIPEPLXXX,PAGO PROVEEDOR 04479,SHA
10004480,BENEFICIARIO 04480,001000004480,USD,3280.90,BCPLPEPLXXX,PAGO PROVEEDOR 04480,OUR
10004481,BENEFICIARIO 04481,001000004481,PEN,3281.63,BINPPEPLXXX,PAGO PROVEEDOR 04481,BEN
10004482,BENEFICIARIO 04482,001000004482,PEN,3282.36,SCBLPEPLXXX,PAGO PROVEEDOR 04482,SHA
10004483,BENEFICIARIO 04483,001000004483,PEN,3283.09,CITIPEPLXXX,PAGO PROVEEDOR 04483,OUR
10004484,BENEFICIARIO 04484,001000004484,PEN,3283.82,BCPLPEPLXXX,PAGO PROVEEDOR 04484,BEN
10004485,BENEFICIARIO 04485,001000004485,USD,3284.55,BINPPEPLXXX,PAGO PROVEEDOR 04485,SHA
10004486,BENEFICIARIO 04486,001000004486,PEN,3285.28,SCBLPEPLXXX,PAGO PROVEEDOR 04486,OUR
10004487,BENEFICIARIO 04487,001000004487,PEN,3286.01,CITIPEPLXXX,PAGO PROVEEDOR 04487,BEN
10004488,BENEFICIARIO 04488,001000004488,PEN,3286.74,BCPLPEPLXXX,PAGO PROVEEDOR 04488,SHA
10004489,BENEFICIARIO 04489,001000004489,PEN,3287.47,BINPPEPLXXX,PAGO PROVEEDOR 04489,OUR
10004490,BENEFICIARIO 04490,001000004490,USD,3288.20,SCBLPEPLXXX,PAGO PROVEEDOR 04490,BEN
10004491,BENEFICIARIO 04491,001000004491,PEN,3288.93,CITIPEPLXXX,PAGO PROVEEDOR 04491,SHA
10004492,BENEFICIARIO 04492,001000004492,PEN,3289.66,BCPLPEPLXXX,PAGO PROVEEDOR 04492,OUR
10004493,BENEFICIARIO 04493,001000004493,PEN,3290.39,BINPPEPLXXX,PAGO PROVEEDOR 04493,BEN
10004494,BENEFICIARIO 04494,001000004494,PEN,3291.12,SCBLPEPLXXX,PAGO PROVEEDOR 04494,SHA
10004495,BENEFICIARIO 04495,001000004495,USD,3291.85,CITIPEPLXXX,PAGO PROVEEDOR 04495,OUR
10004496,BENEFICIARIO 04496,001000004496,PEN,3292.58,BCPLPEPLXXX,PAGO PROVEEDOR 04496,BEN
10004497,BENEFICIARIO 04497,001000004497,PEN,3293.31,BINPPEPLXXX,PAGO PROVEEDOR 04497,SHA
10004498,BENEFICIARIO 04498,001000004498,PEN,3294.04,SCBLPEPLXXX,PAGO PROVEEDOR 04498,OUR
10004499,BENEFICIARIO 04499,001000004499,PEN,3294.77,CITIPEPLXXX,PAGO PROVEEDOR 04499,BEN
10004500,BENEFICIARIO 04500,001000004500,USD,3295.50,BCPLPEPLXXX,PAGO PROVEEDOR 04500,SHA
10004501,BENEFICIARIO 04501,001000004501,PEN,3296.23,BINPPEPLXXX,PAGO PROVEEDOR 04501,OUR
10004502,BENEFICIARIO 04502,001000004502,PEN,3296.96,SCBLPEPLXXX,PAGO PROVEEDOR 04502,BEN
10004503,BENEFICIARIO 04503,001000004503,PEN,3297.69,CITIPEPLXXX,PAGO PROVEEDOR 04503,SHA
10004504,BENEFICIARIO 04504,001000004504,PEN,3298.42,BCPLPEPLXXX,PAGO PROVEEDOR 04504,OUR
10004505,BENEFICIARIO 04505,001000004505,USD,3299.15,BINPPEPLXXX,PAGO PROVEEDOR 04505,BEN
10004506,BENEFICIARIO 04506,001000004506,PEN,3299.88,SCBLPEPLXXX,PAGO PROVEEDOR 04506,SHA
10004507,BENEFICIARIO 04507,001000004507,PEN,3300.61,CITIPEPLXXX,PAGO PROVEEDOR 04507,OUR
10004508,BENEFICIARIO 04508,001000004508,PEN,3301.34,BCPLPEPLXXX,PAGO PROVEEDOR 04508,BEN
10004509,BENEFICIARIO 04509,001000004509,PEN,3302.07,BINPPEPLXXX,PAGO PROVEEDOR 04509,SHA
10004510,BENEFICIARIO 04510,001000004510,USD,3302.80,SCBLPEPLXXX,PAGO PROVEEDOR 04510,OUR
10004511,BENEFICIARIO 04511,001000004511,PEN,3303.53,CITIPEPLXXX,PAGO PROVEEDOR 04511,BEN
10004512,BENEFICIARIO 04512,001000004512,PEN,3304.26,BCPLPEPLXXX,PAGO PROVEEDOR 04512,SHA
10004513,BENEFICIARIO 04513,001000004513,PEN,3304.99,BINPPEPLXXX,PAGO PROVEEDOR 04513,OUR
10004514,BENEFICIARIO 04514,001000004514,PEN,3305.72,SCBLPEPLXXX,PAGO PROVEEDOR 04514,BEN
10004515,BENEFICIARIO 04515,001000004515,USD,3306.45,CITIPEPLXXX,PAGO PROVEEDOR 04515,SHA
10004516,BENEFICIARIO 04516,001000004516,PEN,3307.18,BCPLPEPLXXX,PAGO PROVEEDOR 04516,OUR
10004517,BENEFICIARIO 04517,001000004517,PEN,3307.91,BINPPEPLXXX,PAGO PROVEEDOR 04517,BEN
10004518,BENEFICIARIO 04518,001000004518,PEN,3308.64,SCBLPEPLXXX,PAGO PROVEEDOR 04518,SHA
10004519,BENEFICIARIO 04519,001000004519,PEN,3309.37,CITIPEPLXXX,PAGO PROVEEDOR 04519,OUR
10004520,BENEFICIARIO 04520,001000004520,USD,3310.10,BCPLPEPLXXX,PAGO PROVEEDOR 04520,BEN
10004521,BENEFICIARIO 04521,001000004521,PEN,3310.83,BINPPEPLXXX,PAGO PROVEEDOR 04521,SHA
10004522,BENEFICIARIO 04522,001000004522,PEN,3311.56,SCBLPEPLXXX,PAGO PROVEEDOR 04522,OUR
10004523,BENEFICIARIO 04523,001000004523,PEN,3312.29,CITIPEPLXXX,PAGO PROVEEDOR 04523,BEN
10004524,BENEFICIARIO 04524,001000004524,PEN,3313.02,BCPLPEPLXXX,PAGO PROVEEDOR 04524,SHA
10004525,BENEFICIARIO 04525,001000004525,USD,3313.75,BINPPEPLXXX,PAGO PROVEEDOR 04525,OUR
10004526,BENEFICIARIO 04526,001000004526,PEN,3314.48,SCBLPEPLXXX,PAGO PROVEEDOR 04526,BEN
10004527,BENEFICIARIO 04527,001000004527,PEN,3315.21,CITIPEPLXXX,PAGO PROVEEDOR 04527,SHA
10004528,BENEFICIARIO 04528,001000004528,PEN,3315.94,BCPLPEPLXXX,PAGO PROVEEDOR 04528,OUR
10004529,BENEFICIARIO 04529,001000004529,PEN,3316.67,BINPPEPLXXX,PAGO PROVEEDOR 04529,BEN
10004530,BENEFICIARIO 04530,001000004530,USD,3317.40,SCBLPEPLXXX,PAGO PROVEEDOR 04530,SHA
10004531,BENEFICIARIO 04531,001000004531,PEN,3318.13,CITIPEPLXXX,PAGO PROVEEDOR 04531,OUR
10004532,BENEFICIARIO 04532,001000004532,PEN,3318.86,BCPLPEPLXXX,PAGO PROVEEDOR 04532,BEN
10004533,BENEFICIARIO 04533,001000004533,PEN,3319.59,BINPPEPLXXX,PAGO PROVEEDOR 04533,SHA
10004534,BENEFICIARIO 04534,001000004534,PEN,3320.32,SCBLPEPLXXX,PAGO PROVEEDOR 04534,OUR
10004535,BENEFICIARIO 04535,001000004535,USD,3321.05,CITIPEPLXXX,PAGO PROVEEDOR 04535,BEN
10004536,BENEFICIARIO 04536,001000004536,PEN,3321.78,BCPLPEPLXXX,PAGO PROVEEDOR 04536,SHA
10004537,BENEFICIARIO 04537,001000004537,PEN,3322.51,BINPPEPLXXX,PAGO PROVEEDOR 04537,OUR
10004538,BENEFICIARIO 04538,001000004538,PEN,3323.24,SCBLPEPLXXX,PAGO PROVEEDOR 04538,BEN
10004539,BENEFICIARIO 04539,001000004539,PEN,3323.97,CITIPEPLXXX,PAGO PROVEEDOR 04539,SHA
10004540,BENEFICIARIO 04540,001000004540,USD,3324.70,BCPLPEPLXXX,PAGO PROVEEDOR 04540,OUR
10004541,BENEFICIARIO 04541,001000004541,PEN,3325.43,BINPPEPLXXX,PAGO PROVEEDOR 04541,BEN
10004542,BENEFICIARIO 04542,001000004542,PEN,3326.16,SCBLPEPLXXX,PAGO PROVEEDOR 04542,SHA
10004543,BENEFICIARIO 04543,001000004543,PEN,3326.89,CITIPEPLXXX,PAGO PROVEEDOR 04543,OUR
10004544,BENEFICIARIO 04544,001000004544,PEN,3327.62,BCPLPEPLXXX,PAGO PROVEEDOR 04544,BEN
10004545,BENEFICIARIO 04545,001000004545,USD,3328.35,BINPPEPLXXX,PAGO PROVEEDOR 04545,SHA
10004546,BENEFICIARIO 04546,001000004546,PEN,3329.08,SCBLPEPLXXX,PAGO PROVEEDOR 04546,OUR
10004547,BENEFICIARIO 04547,001000004547,PEN,3329.81,CITIPEPLXXX,PAGO PROVEEDOR 04547,BEN
10004548,BENEFICIARIO 04548,001000004548,PEN,3330.54,BCPLPEPLXXX,PAGO PROVEEDOR 04548,SHA
10004549,BENEFICIARIO 04549,001000004549,PEN,3331.27,BINPPEPLXXX,PAGO PROVEEDOR 04549,OUR
10004550,BENEFICIARIO 04550,001000004550,USD,3332.00,SCBLPEPLXXX,PAGO PROVEEDOR 04550,BEN
10004551,BENEFICIARIO 04551,001000004551,PEN,3332.73,CITIPEPLXXX,PAGO PROVEEDOR 04551,SHA
10004552,BENEFICIARIO 04552,001000004552,PEN,3333.46,BCPLPEPLXXX,PAGO PROVEEDOR 04552,OUR
10004553,BENEFICIARIO 04553,001000004553,PEN,3334.19,BINPPEPLXXX,PAGO PROVEEDOR 04553,BEN
10004554,BENEFICIARIO 04554,001000004554,PEN,3334.92,SCBLPEPLXXX,PAGO PROVEEDOR 04554,SHA
10004555,BENEFICIARIO 04555,001000004555,USD,3335.65,CITIPEPLXXX,PAGO PROVEEDOR 04555,OUR
10004556,BENEFICIARIO 04556,001000004556,PEN,3336.38,BCPLPEPLXXX,PAGO PROVEEDOR 04556,BEN
10004557,BENEFICIARIO 04557,001000004557,PEN,3337.11,BINPPEPLXXX,PAGO PROVEEDOR 04557,SHA
10004558,BENEFICIARIO 04558,001000004558,PEN,3337.84,SCBLPEPLXXX,PAGO PROVEEDOR 04558,OUR
10004559,BENEFICIARIO 04559,001000004559,PEN,3338.57,CITIPEPLXXX,PAGO PROVEEDOR 04559,BEN
10004560,BENEFICIARIO 04560,001000004560,USD,3339.30,BCPLPEPLXXX,PAGO PROVEEDOR 04560,SHA
10004561,BENEFICIARIO 04561,001000004561,PEN,3340.03,BINPPEPLXXX,PAGO PROVEEDOR 04561,OUR
10004562,BENEFICIARIO 04562,001000004562,PEN,3340.76,SCBLPEPLXXX,PAGO PROVEEDOR 04562,BEN
10004563,BENEFICIARIO 04563,001000004563,PEN,3341.49,CITIPEPLXXX,PAGO PROVEEDOR 04563,SHA
10004564,BENEFICIARIO 04564,001000004564,PEN,3342.22,BCPLPEPLXXX,PAGO PROVEEDOR 04564,OUR
10004565,BENEFICIARIO 04565,001000004565,USD,3342.95,BINPPEPLXXX,PAGO PROVEEDOR 04565,BEN
10004566,BENEFICIARIO 04566,001000004566,PEN,3343.68,SCBLPEPLXXX,PAGO PROVEEDOR 04566,SHA
10004567,BENEFICIARIO 04567,001000004567,PEN,3344.41,CITIPEPLXXX,PAGO PROVEEDOR 04567,OUR
10004568,BENEFICIARIO 04568,001000004568,PEN,3345.14,BCPLPEPLXXX,PAGO PROVEEDOR 04568,BEN
10004569,BENEFICIARIO 04569,001000004569,PEN,3345.87,BINPPEPLXXX,PAGO PROVEEDOR 04569,SHA
10004570,BENEFICIARIO 04570,001000004570,USD,3346.60,SCBLPEPLXXX,PAGO PROVEEDOR 04570,OUR
10004571,BENEFICIARIO 04571,001000004571,PEN,3347.33,CITIPEPLXXX,PAGO PROVEEDOR 04571,BEN
10004572,BENEFICIARIO 04572,001000004572,PEN,3348.06,BCPLPEPLXXX,PAGO PROVEEDOR 04572,SHA
10004573,BENEFICIARIO 04573,001000004573,PEN,3348.79,BINPPEPLXXX,PAGO PROVEEDOR 04573,OUR
10004574,BENEFICIARIO 04574,001000004574,PEN,3349.52,SCBLPEPLXXX,PAGO PROVEEDOR 04574,BEN
10004575,BENEFICIARIO 04575,001000004575,USD,3350.25,CITIPEPLXXX,PAGO PROVEEDOR 04575,SHA
10004576,BENEFICIARIO 04576,001000004576,PEN,3350.98,BCPLPEPLXXX,PAGO PROVEEDOR 04576,OUR
10004577,BENEFICIARIO 04577,001000004577,PEN,3351.71,BINPPEPLXXX,PAGO PROVEEDOR 04577,BEN
10004578,BENEFICIARIO 04578,001000004578,PEN,3352.44,SCBLPEPLXXX,PAGO PROVEEDOR 04578,SHA
10004579,BENEFICIARIO 04579,001000004579,PEN,3353.17,CITIPEPLXXX,PAGO PROVEEDOR 04579,OUR
10004580,BENEFICIARIO 04580,001000004580,USD,3353.90,BCPLPEPLXXX,PAGO PROVEEDOR 04580,BEN
10004581,BENEFICIARIO 04581,001000004581,PEN,3354.63,BINPPEPLXXX,PAGO PROVEEDOR 04581,SHA
10004582,BENEFICIARIO 04582,001000004582,PEN,3355.36,SCBLPEPLXXX,PAGO PROVEEDOR 04582,OUR
10004583,BENEFICIARIO 04583,001000004583,PEN,3356.09,CITIPEPLXXX,PAGO PROVEEDOR 04583,BEN
10004584,BENEFICIARIO 04584,001000004584,PEN,3356.82,BCPLPEPLXXX,PAGO PROVEEDOR 04584,SHA
10004585,BENEFICIARIO 04585,001000004585,USD,3357.55,BINPPEPLXXX,PAGO PROVEEDOR 04585,OUR
10004586,BENEFICIARIO 04586,001000004586,PEN,3358.28,SCBLPEPLXXX,PAGO PROVEEDOR 04586,BEN
10004587,BENEFICIARIO 04587,001000004587,PEN,3359.01,CITIPEPLXXX,PAGO PROVEEDOR 04587,SHA
10004588,BENEFICIARIO 04588,001000004588,PEN,3359.74,BCPLPEPLXXX,PAGO PROVEEDOR 04588,OUR
10004589,BENEFICIARIO 04589,001000004589,PEN,3360.47,BINPPEPLXXX,PAGO PROVEEDOR 04589,BEN
10004590,BENEFICIARIO 04590,001000004590,USD,3361.20,SCBLPEPLXXX,PAGO PROVEEDOR 04590,SHA
10004591,BENEFICIARIO 04591,001000004591,PEN,3361.93,CITIPEPLXXX,PAGO PROVEEDOR 04591,OUR
10004592,BENEFICIARIO 04592,001000004592,PEN,3362.66,BCPLPEPLXXX,PAGO PROVEEDOR 04592,BEN
10004593,BENEFICIARIO 04593,001000004593,PEN,3363.39,BINPPEPLXXX,PAGO PROVEEDOR 04593,SHA
10004594,BENEFICIARIO 04594,001000004594,PEN,3364.12,SCBLPEPLXXX,PAGO PROVEEDOR 04594,OUR
10004595,BENEFICIARIO 04595,001000004595,USD,3364.85,CITIPEPLXXX,PAGO PROVEEDOR 04595,BEN
10004596,BENEFICIARIO 04596,001000004596,PEN,3365.58,BCPLPEPLXXX,PAGO PROVEEDOR 04596,SHA
10004597,BENEFICIARIO 04597,001000004597,PEN,3366.31,BINPPEPLXXX,PAGO PROVEEDOR 04597,OUR
10004598,BENEFICIARIO 04598,001000004598,PEN,3367.04,SCBLPEPLXXX,PAGO PROVEEDOR 04598,BEN
10004599,BENEFICIARIO 04599,001000004599,PEN,3367.77,CITIPEPLXXX,PAGO PROVEEDOR 04599,SHA
10004600,BENEFICIARIO 04600,001000004600,USD,3368.50,BCPLPEPLXXX,PAGO PROVEEDOR 04600,OUR
10004601,BENEFICIARIO 04601,001000004601,PEN,3369.23,BINPPEPLXXX,PAGO PROVEEDOR 04601,BEN
10004602,BENEFICIARIO 04602,001000004602,PEN,3369.96,SCBLPEPLXXX,PAGO PROVEEDOR 04602,SHA
10004603,BENEFICIARIO 04603,001000004603,PEN,3370.69,CITIPEPLXXX,PAGO PROVEEDOR 04603,OUR
10004604,BENEFICIARIO 04604,001000004604,PEN,3371.42,BCPLPEPLXXX,PAGO PROVEEDOR 04604,BEN
10004605,BENEFICIARIO 04605,001000004605,USD,3372.15,BINPPEPLXXX,PAGO PROVEEDOR 04605,SHA
10004606,BENEFICIARIO 04606,001000004606,PEN,3372.88,SCBLPEPLXXX,PAGO PROVEEDOR 04606,OUR
10004607,BENEFICIARIO 04607,001000004607,PEN,3373.61,CITIPEPLXXX,PAGO PROVEEDOR 04607,BEN
10004608,BENEFICIARIO 04608,001000004608,PEN,3374.34,BCPLPEPLXXX,PAGO PROVEEDOR 04608,SHA
10004609,BENEFICIARIO 04609,001000004609,PEN,3375.07,BINPPEPLXXX,PAGO PROVEEDOR 04609,OUR
10004610,BENEFICIARIO 04610,001000004610,USD,3375.80,SCBLPEPLXXX,PAGO PROVEEDOR 04610,BEN
10004611,BENEFICIARIO 04611,001000004611,PEN,3376.53,CITIPEPLXXX,PAGO PROVEEDOR 04611,SHA
10004612,BENEFICIARIO 04612,001000004612,PEN,3377.26,BCPLPEPLXXX,PAGO PROVEEDOR 04612,OUR
10004613,BENEFICIARIO 04613,001000004613,PEN,3377.99,BINPPEPLXXX,PAGO PROVEEDOR 04613,BEN
10004614,BENEFICIARIO 04614,001000004614,PEN,3378.72,SCBLPEPLXXX,PAGO PROVEEDOR 04614,SHA
10004615,BENEFICIARIO 04615,001000004615,USD,3379.45,CITIPEPLXXX,PAGO PROVEEDOR 04615,OUR
10004616,BENEFICIARIO 04616,001000004616,PEN,3380.18,BCPLPEPLXXX,PAGO PROVEEDOR 04616,BEN
10004617,BENEFICIARIO 04617,001000004617,PEN,3380.91,BINPPEPLXXX,PAGO PROVEEDOR 04617,SHA
10004618,BENEFICIARIO 04618,001000004618,PEN,3381.64,SCBLPEPLXXX,PAGO PROVEEDOR 04618,OUR
10004619,BENEFICIARIO 04619,001000004619,PEN,3382.37,CITIPEPLXXX,PAGO PROVEEDOR 04619,BEN
10004620,BENEFICIARIO 04620,001000004620,USD,3383.10,BCPLPEPLXXX,PAGO PROVEEDOR 04620,SHA
10004621,BENEFICIARIO 04621,001000004621,PEN,3383.83,BINPPEPLXXX,PAGO PROVEEDOR 04621,OUR
10004622,BENEFICIARIO 04622,001000004622,PEN,3384.56,SCBLPEPLXXX,PAGO PROVEEDOR 04622,BEN
10004623,BENEFICIARIO 04623,001000004623,PEN,3385.29,CITIPEPLXXX,PAGO PROVEEDOR 04623,SHA
10004624,BENEFICIARIO 04624,001000004624,PEN,3386.02,BCPLPEPLXXX,PAGO PROVEEDOR 04624,OUR
10004625,BENEFICIARIO 04625,001000004625,USD,3386.75,BINPPEPLXXX,PAGO PROVEEDOR 04625,BEN
10004626,BENEFICIARIO 04626,001000004626,PEN,3387.48,SCBLPEPLXXX,PAGO PROVEEDOR 04626,SHA
10004627,BENEFICIARIO 04627,001000004627,PEN,3388.21,CITIPEPLXXX,PAGO PROVEEDOR 04627,OUR
10004628,BENEFICIARIO 04628,001000004628,PEN,3388.94,BCPLPEPLXXX,PAGO PROVEEDOR 04628,BEN
10004629,BENEFICIARIO 04629,001000004629,PEN,3389.67,BINPPEPLXXX,PAGO PROVEEDOR 04629,SHA
10004630,BENEFICIARIO 04630,001000004630,USD,3390.40,SCBLPEPLXXX,PAGO PROVEEDOR 04630,OUR
10004631,BENEFICIARIO 04631,001000004631,PEN,3391.13,CITIPEPLXXX,PAGO PROVEEDOR 04631,BEN
10004632,BENEFICIARIO 04632,001000004632,PEN,3391.86,BCPLPEPLXXX,PAGO PROVEEDOR 04632,SHA
10004633,BENEFICIARIO 04633,001000004633,PEN,3392.59,BINPPEPLXXX,PAGO PROVEEDOR 04633,OUR
10004634,BENEFICIARIO 04634,001000004634,PEN,3393.32,SCBLPEPLXXX,PAGO PROVEEDOR 04634,BEN
10004635,BENEFICIARIO 04635,001000004635,USD,3394.05,CITIPEPLXXX,PAGO PROVEEDOR 04635,SHA
10004636,BENEFICIARIO 04636,001000004636,PEN,3394.78,BCPLPEPLXXX,PAGO PROVEEDOR 04636,OUR
10004637,BENEFICIARIO 04637,001000004637,PEN,3395.51,BINPPEPLXXX,PAGO PROVEEDOR 04637,BEN
10004638,BENEFICIARIO 04638,001000004638,PEN,3396.24,SCBLPEPLXXX,PAGO PROVEEDOR 04638,SHA
10004639,BENEFICIARIO 04639,001000004639,PEN,3396.97,CITIPEPLXXX,PAGO PROVEEDOR 04639,OUR
10004640,BENEFICIARIO 04640,001000004640,USD,3397.70,BCPLPEPLXXX,PAGO PROVEEDOR 04640,BEN
10004641,BENEFICIARIO 04641,001000004641,PEN,3398.43,BINPPEPLXXX,PAGO PROVEEDOR 04641,SHA
10004642,BENEFICIARIO 04642,001000004642,PEN,3399.16,SCBLPEPLXXX,PAGO PROVEEDOR 04642,OUR
10004643,BENEFICIARIO 04643,001000004643,PEN,3399.89,CITIPEPLXXX,PAGO PROVEEDOR 04643,BEN
10004644,BENEFICIARIO 04644,001000004644,PEN,3400.62,BCPLPEPLXXX,PAGO PROVEEDOR 04644,SHA
10004645,BENEFICIARIO 04645,001000004645,USD,3401.35,BINPPEPLXXX,PAGO PROVEEDOR 04645,OUR
10004646,BENEFICIARIO 04646,001000004646,PEN,3402.08,SCBLPEPLXXX,PAGO PROVEEDOR 04646,BEN
10004647,BENEFICIARIO 04647,001000004647,PEN,3402.81,CITIPEPLXXX,PAGO PROVEEDOR 04647,SHA
10004648,BENEFICIARIO 04648,001000004648,PEN,3403.54,BCPLPEPLXXX,PAGO PROVEEDOR 04648,OUR
10004649,BENEFICIARIO 04649,001000004649,PEN,3404.27,BINPPEPLXXX,PAGO PROVEEDOR 04649,BEN
10004650,BENEFICIARIO 04650,001000004650,USD,3405.00,SCBLPEPLXXX,PAGO PROVEEDOR 04650,SHA
10004651,BENEFICIARIO 04651,001000004651,PEN,3405.73,CITIPEPLXXX,PAGO PROVEEDOR 04651,OUR
10004652,BENEFICIARIO 04652,001000004652,PEN,3406.46,BCPLPEPLXXX,PAGO PROVEEDOR 04652,BEN
10004653,BENEFICIARIO 04653,001000004653,PEN,3407.19,BINPPEPLXXX,PAGO PROVEEDOR 04653,SHA
10004654,BENEFICIARIO 04654,001000004654,PEN,3407.92,SCBLPEPLXXX,PAGO PROVEEDOR 04654,OUR
10004655,BENEFICIARIO 04655,001000004655,USD,3408.65,CITIPEPLXXX,PAGO PROVEEDOR 04655,BEN
10004656,BENEFICIARIO 04656,001000004656,PEN,3409.38,BCPLPEPLXXX,PAGO PROVEEDOR 04656,SHA
10004657,BENEFICIARIO 04657,001000004657,PEN,3410.11,BINPPEPLXXX,PAGO PROVEEDOR 04657,OUR
10004658,BENEFICIARIO 04658,001000004658,PEN,3410.84,SCBLPEPLXXX,PAGO PROVEEDOR 04658,BEN
10004659,BENEFICIARIO 04659,001000004659,PEN,3411.57,CITIPEPLXXX,PAGO PROVEEDOR 04659,SHA
10004660,BENEFICIARIO 04660,001000004660,USD,3412.30,BCPLPEPLXXX,PAGO PROVEEDOR 04660,OUR
10004661,BENEFICIARIO 04661,001000004661,PEN,3413.03,BINPPEPLXXX,PAGO PROVEEDOR 04661,BEN
10004662,BENEFICIARIO 04662,001000004662,PEN,3413.76,SCBLPEPLXXX,PAGO PROVEEDOR 04662,SHA
10004663,BENEFICIARIO 04663,001000004663,PEN,3414.49,CITIPEPLXXX,PAGO PROVEEDOR 04663,OUR
10004664,BENEFICIARIO 04664,001000004664,PEN,3415.22,BCPLPEPLXXX,PAGO PROVEEDOR 04664,BEN
10004665,BENEFICIARIO 04665,001000004665,USD,3415.95,BINPPEPLXXX,PAGO PROVEEDOR 04665,SHA
10004666,BENEFICIARIO 04666,001000004666,PEN,3416.68,SCBLPEPLXXX,PAGO PROVEEDOR 04666,OUR
10004667,BENEFICIARIO 04667,001000004667,PEN,3417.41,CITIPEPLXXX,PAGO PROVEEDOR 04667,BEN
10004668,BENEFICIARIO 04668,001000004668,PEN,3418.14,BCPLPEPLXXX,PAGO PROVEEDOR 04668,SHA
10004669,BENEFICIARIO 04669,001000004669,PEN,3418.87,BINPPEPLXXX,PAGO PROVEEDOR 04669,OUR
10004670,BENEFICIARIO 04670,001000004670,USD,3419.60,SCBLPEPLXXX,PAGO PROVEEDOR 04670,BEN
10004671,BENEFICIARIO 04671,001000004671,PEN,3420.33,CITIPEPLXXX,PAGO PROVEEDOR 04671,SHA
10004672,BENEFICIARIO 04672,001000004672,PEN,3421.06,BCPLPEPLXXX,PAGO PROVEEDOR 04672,OUR
10004673,BENEFICIARIO 04673,001000004673,PEN,3421.79,BINPPEPLXXX,PAGO PROVEEDOR 04673,BEN
10004674,BENEFICIARIO 04674,001000004674,PEN,3422.52,SCBLPEPLXXX,PAGO PROVEEDOR 04674,SHA
10004675,BENEFICIARIO 04675,001000004675,USD,3423.25,CITIPEPLXXX,PAGO PROVEEDOR 04675,OUR
10004676,BENEFICIARIO 04676,001000004676,PEN,3423.98,BCPLPEPLXXX,PAGO PROVEEDOR 04676,BEN
10004677,BENEFICIARIO 04677,001000004677,PEN,3424.71,BINPPEPLXXX,PAGO PROVEEDOR 04677,SHA
10004678,BENEFICIARIO 04678,001000004678,PEN,3425.44,SCBLPEPLXXX,PAGO PROVEEDOR 04678,OUR
10004679,BENEFICIARIO 04679,001000004679,PEN,3426.17,CITIPEPLXXX,PAGO PROVEEDOR 04679,BEN
10004680,BENEFICIARIO 04680,001000004680,USD,3426.90,BCPLPEPLXXX,PAGO PROVEEDOR 04680,SHA
10004681,BENEFICIARIO 04681,001000004681,PEN,3427.63,BINPPEPLXXX,PAGO PROVEEDOR 04681,OUR
10004682,BENEFICIARIO 04682,001000004682,PEN,3428.36,SCBLPEPLXXX,PAGO PROVEEDOR 04682,BEN
10004683,BENEFICIARIO 04683,001000004683,PEN,3429.09,CITIPEPLXXX,PAGO PROVEEDOR 04683,SHA
10004684,BENEFICIARIO 04684,001000004684,PEN,3429.82,BCPLPEPLXXX,PAGO PROVEEDOR 04684,OUR
10004685,BENEFICIARIO 04685,001000004685,USD,3430.55,BINPPEPLXXX,PAGO PROVEEDOR 04685,BEN
10004686,BENEFICIARIO 04686,001000004686,PEN,3431.28,SCBLPEPLXXX,PAGO PROVEEDOR 04686,SHA
10004687,BENEFICIARIO 04687,001000004687,PEN,3432.01,CITIPEPLXXX,PAGO PROVEEDOR 04687,OUR
10004688,BENEFICIARIO 04688,001000004688,PEN,3432.74,BCPLPEPLXXX,PAGO PROVEEDOR 04688,BEN
10004689,BENEFICIARIO 04689,001000004689,PEN,3433.47,BINPPEPLXXX,PAGO PROVEEDOR 04689,SHA
10004690,BENEFICIARIO 04690,001000004690,USD,3434.20,SCBLPEPLXXX,PAGO PROVEEDOR 04690,OUR
10004691,BENEFICIARIO 04691,001000004691,PEN,3434.93,CITIPEPLXXX,PAGO PROVEEDOR 04691,BEN
10004692,BENEFICIARIO 04692,001000004692,PEN,3435.66,BCPLPEPLXXX,PAGO PROVEEDOR 04692,SHA
10004693,BENEFICIARIO 04693,001000004693,PEN,3436.39,BINPPEPLXXX,PAGO PROVEEDOR 04693,OUR
10004694,BENEFICIARIO 04694,001000004694,PEN,3437.12,SCBLPEPLXXX,PAGO PROVEEDOR 04694,BEN
10004695,BENEFICIARIO 04695,001000004695,USD,3437.85,CITIPEPLXXX,PAGO PROVEEDOR 04695,SHA
10004696,BENEFICIARIO 04696,001000004696,PEN,3438.58,BCPLPEPLXXX,PAGO PROVEEDOR 04696,OUR
10004697,BENEFICIARIO 04697,001000004697,PEN,3439.31,BINPPEPLXXX,PAGO PROVEEDOR 04697,BEN
10004698,BENEFICIARIO 04698,001000004698,PEN,3440.04,SCBLPEPLXXX,PAGO PROVEEDOR 04698,SHA
10004699,BENEFICIARIO 04699,001000004699,PEN,3440.77,CITIPEPLXXX,PAGO PROVEEDOR 04699,OUR
10004700,BENEFICIARIO 04700,001000004700,USD,3441.50,BCPLPEPLXXX,PAGO PROVEEDOR 04700,BEN
10004701,BENEFICIARIO 04701,001000004701,PEN,3442.23,BINPPEPLXXX,PAGO PROVEEDOR 04701,SHA
10004702,BENEFICIARIO 04702,001000004702,PEN,3442.96,SCBLPEPLXXX,PAGO PROVEEDOR 04702,OUR
10004703,BENEFICIARIO 04703,001000004703,PEN,3443.69,CITIPEPLXXX,PAGO PROVEEDOR 04703,BEN
10004704,BENEFICIARIO 04704,001000004704,PEN,3444.42,BCPLPEPLXXX,PAGO PROVEEDOR 04704,SHA
10004705,BENEFICIARIO 04705,001000004705,USD,3445.15,BINPPEPLXXX,PAGO PROVEEDOR 04705,OUR
10004706,BENEFICIARIO 04706,001000004706,PEN,3445.88,SCBLPEPLXXX,PAGO PROVEEDOR 04706,BEN
10004707,BENEFICIARIO 04707,001000004707,PEN,3446.61,CITIPEPLXXX,PAGO PROVEEDOR 04707,SHA
10004708,BENEFICIARIO 04708,001000004708,PEN,3447.34,BCPLPEPLXXX,PAGO PROVEEDOR 04708,OUR
10004709,BENEFICIARIO 04709,001000004709,PEN,3448.07,BINPPEPLXXX,PAGO PROVEEDOR 04709,BEN
10004710,BENEFICIARIO 04710,001000004710,USD,3448.80,SCBLPEPLXXX,PAGO PROVEEDOR 04710,SHA
10004711,BENEFICIARIO 04711,001000004711,PEN,3449.53,CITIPEPLXXX,PAGO PROVEEDOR 04711,OUR
10004712,BENEFICIARIO 04712,001000004712,PEN,3450.26,BCPLPEPLXXX,PAGO PROVEEDOR 04712,BEN
10004713,BENEFICIARIO 04713,001000004713,PEN,3450.99,BINPPEPLXXX,PAGO PROVEEDOR 04713,SHA
10004714,BENEFICIARIO 04714,001000004714,PEN,3451.72,SCBLPEPLXXX,PAGO PROVEEDOR 04714,OUR
10004715,BENEFICIARIO 04715,001000004715,USD,3452.45,CITIPEPLXXX,PAGO PROVEEDOR 04715,BEN
10004716,BENEFICIARIO 04716,001000004716,PEN,3453.18,BCPLPEPLXXX,PAGO PROVEEDOR 04716,SHA
10004717,BENEFICIARIO 04717,001000004717,PEN,3453.91,BINPPEPLXXX,PAGO PROVEEDOR 04717,OUR
10004718,BENEFICIARIO 04718,001000004718,PEN,3454.64,SCBLPEPLXXX,PAGO PROVEEDOR 04718,BEN
10004719,BENEFICIARIO 04719,001000004719,PEN,3455.37,CITIPEPLXXX,PAGO PROVEEDOR 04719,SHA
10004720,BENEFICIARIO 04720,001000004720,USD,3456.10,BCPLPEPLXXX,PAGO PROVEEDOR 04720,OUR
10004721,BENEFICIARIO 04721,001000004721,PEN,3456.83,BINPPEPLXXX,PAGO PROVEEDOR 04721,BEN
10004722,BENEFICIARIO 04722,001000004722,PEN,3457.56,SCBLPEPLXXX,PAGO PROVEEDOR 04722,SHA
10004723,BENEFICIARIO 04723,001000004723,PEN,3458.29,CITIPEPLXXX,PAGO PROVEEDOR 04723,OUR
10004724,BENEFICIARIO 04724,001000004724,PEN,3459.02,BCPLPEPLXXX,PAGO PROVEEDOR 04724,BEN
10004725,BENEFICIARIO 04725,001000004725,USD,3459.75,BINPPEPLXXX,PAGO PROVEEDOR 04725,SHA
10004726,BENEFICIARIO 04726,001000004726,PEN,3460.48,SCBLPEPLXXX,PAGO PROVEEDOR 04726,OUR
10004727,BENEFICIARIO 04727,001000004727,PEN,3461.21,CITIPEPLXXX,PAGO PROVEEDOR 04727,BEN
10004728,BENEFICIARIO 04728,001000004728,PEN,3461.94,BCPLPEPLXXX,PAGO PROVEEDOR 04728,SHA
10004729,BENEFICIARIO 04729,001000004729,PEN,3462.67,BINPPEPLXXX,PAGO PROVEEDOR 04729,OUR
10004730,BENEFICIARIO 04730,001000004730,USD,3463.40,SCBLPEPLXXX,PAGO PROVEEDOR 04730,BEN
10004731,BENEFICIARIO 04731,001000004731,PEN,3464.13,CITIPEPLXXX,PAGO PROVEEDOR 04731,SHA
10004732,BENEFICIARIO 04732,001000004732,PEN,3464.86,BCPLPEPLXXX,PAGO PROVEEDOR 04732,OUR
10004733,BENEFICIARIO 04733,001000004733,PEN,3465.59,BINPPEPLXXX,PAGO PROVEEDOR 04733,BEN
10004734,BENEFICIARIO 04734,001000004734,PEN,3466.32,SCBLPEPLXXX,PAGO PROVEEDOR 04734,SHA
10004735,BENEFICIARIO 04735,001000004735,USD,3467.05,CITIPEPLXXX,PAGO PROVEEDOR 04735,OUR
10004736,BENEFICIARIO 04736,001000004736,PEN,3467.78,BCPLPEPLXXX,PAGO PROVEEDOR 04736,BEN
10004737,BENEFICIARIO 04737,001000004737,PEN,3468.51,BINPPEPLXXX,PAGO PROVEEDOR 04737,SHA
10004738,BENEFICIARIO 04738,001000004738,PEN,3469.24,SCBLPEPLXXX,PAGO PROVEEDOR 04738,OUR
10004739,BENEFICIARIO 04739,001000004739,PEN,3469.97,CITIPEPLXXX,PAGO PROVEEDOR 04739,BEN
10004740,BENEFICIARIO 04740,001000004740,USD,3470.70,BCPLPEPLXXX,PAGO PROVEEDOR 04740,SHA
10004741,BENEFICIARIO 04741,001000004741,PEN,3471.43,BINPPEPLXXX,PAGO PROVEEDOR 04741,OUR
10004742,BENEFICIARIO 04742,001000004742,PEN,3472.16,SCBLPEPLXXX,PAGO PROVEEDOR 04742,BEN
10004743,BENEFICIARIO 04743,001000004743,PEN,3472.89,CITIPEPLXXX,PAGO PROVEEDOR 04743,SHA
10004744,BENEFICIARIO 04744,001000004744,PEN,3473.62,BCPLPEPLXXX,PAGO PROVEEDOR 04744,OUR
10004745,BENEFICIARIO 04745,001000004745,USD,3474.35,BINPPEPLXXX,PAGO PROVEEDOR 04745,BEN
10004746,BENEFICIARIO 04746,001000004746,PEN,3475.08,SCBLPEPLXXX,PAGO PROVEEDOR 04746,SHA
10004747,BENEFICIARIO 04747,001000004747,PEN,3475.81,CITIPEPLXXX,PAGO PROVEEDOR 04747,OUR
10004748,BENEFICIARIO 04748,001000004748,PEN,3476.54,BCPLPEPLXXX,PAGO PROVEEDOR 04748,BEN
10004749,BENEFICIARIO 04749,001000004749,PEN,3477.27,BINPPEPLXXX,PAGO PROVEEDOR 04749,SHA
10004750,BENEFICIARIO 04750,001000004750,USD,3478.00,SCBLPEPLXXX,PAGO PROVEEDOR 04750,OUR
10004751,BENEFICIARIO 04751,001000004751,PEN,3478.73,CITIPEPLXXX,PAGO PROVEEDOR 04751,BEN
10004752,BENEFICIARIO 04752,001000004752,PEN,3479.46,BCPLPEPLXXX,PAGO PROVEEDOR 04752,SHA
10004753,BENEFICIARIO 04753,001000004753,PEN,3480.19,BINPPEPLXXX,PAGO PROVEEDOR 04753,OUR
10004754,BENEFICIARIO 04754,001000004754,PEN,3480.92,SCBLPEPLXXX,PAGO PROVEEDOR 04754,BEN
10004755,BENEFICIARIO 04755,001000004755,USD,3481.65,CITIPEPLXXX,PAGO PROVEEDOR 04755,SHA
10004756,BENEFICIARIO 04756,001000004756,PEN,3482.38,BCPLPEPLXXX,PAGO PROVEEDOR 04756,OUR
10004757,BENEFICIARIO 04757,001000004757,PEN,3483.11,BINPPEPLXXX,PAGO PROVEEDOR 04757,BEN
10004758,BENEFICIARIO 04758,001000004758,PEN,3483.84,SCBLPEPLXXX,PAGO PROVEEDOR 04758,SHA
10004759,BENEFICIARIO 04759,001000004759,PEN,3484.57,CITIPEPLXXX,PAGO PROVEEDOR 04759,OUR
10004760,BENEFICIARIO 04760,001000004760,USD,3485.30,BCPLPEPLXXX,PAGO PROVEEDOR 04760,BEN
10004761,BENEFICIARIO 04761,001000004761,PEN,3486.03,BINPPEPLXXX,PAGO PROVEEDOR 04761,SHA
10004762,BENEFICIARIO 04762,001000004762,PEN,3486.76,SCBLPEPLXXX,PAGO PROVEEDOR 04762,OUR
10004763,BENEFICIARIO 04763,001000004763,PEN,3487.49,CITIPEPLXXX,PAGO PROVEEDOR 04763,BEN
10004764,BENEFICIARIO 04764,001000004764,PEN,3488.22,BCPLPEPLXXX,PAGO PROVEEDOR 04764,SHA
10004765,BENEFICIARIO 04765,001000004765,USD,3488.95,BINPPEPLXXX,PAGO PROVEEDOR 04765,OUR
10004766,BENEFICIARIO 04766,001000004766,PEN,3489.68,SCBLPEPLXXX,PAGO PROVEEDOR 04766,BEN
10004767,BENEFICIARIO 04767,001000004767,PEN,3490.41,CITIPEPLXXX,PAGO PROVEEDOR 04767,SHA
10004768,BENEFICIARIO 04768,001000004768,PEN,3491.14,BCPLPEPLXXX,PAGO PROVEEDOR 04768,OUR
10004769,BENEFICIARIO 04769,001000004769,PEN,3491.87,BINPPEPLXXX,PAGO PROVEEDOR 04769,BEN
10004770,BENEFICIARIO 04770,001000004770,USD,3492.60,SCBLPEPLXXX,PAGO PROVEEDOR 04770,SHA
10004771,BENEFICIARIO 04771,001000004771,PEN,3493.33,CITIPEPLXXX,PAGO PROVEEDOR 04771,OUR
10004772,BENEFICIARIO 04772,001000004772,PEN,3494.06,BCPLPEPLXXX,PAGO PROVEEDOR 04772,BEN
10004773,BENEFICIARIO 04773,001000004773,PEN,3494.79,BINPPEPLXXX,PAGO PROVEEDOR 04773,SHA
10004774,BENEFICIARIO 04774,001000004774,PEN,3495.52,SCBLPEPLXXX,PAGO PROVEEDOR 04774,OUR
10004775,BENEFICIARIO 04775,001000004775,USD,3496.25,CITIPEPLXXX,PAGO PROVEEDOR 04775,BEN
10004776,BENEFICIARIO 04776,001000004776,PEN,3496.98,BCPLPEPLXXX,PAGO PROVEEDOR 04776,SHA
10004777,BENEFICIARIO 04777,001000004777,PEN,3497.71,BINPPEPLXXX,PAGO PROVEEDOR 04777,OUR
10004778,BENEFICIARIO 04778,001000004778,PEN,3498.44,SCBLPEPLXXX,PAGO PROVEEDOR 04778,BEN
10004779,BENEFICIARIO 04779,001000004779,PEN,3499.17,CITIPEPLXXX,PAGO PROVEEDOR 04779,SHA
10004780,BENEFICIARIO 04780,001000004780,USD,3499.90,BCPLPEPLXXX,PAGO PROVEEDOR 04780,OUR
10004781,BENEFICIARIO 04781,001000004781,PEN,3500.63,BINPPEPLXXX,PAGO PROVEEDOR 04781,BEN
10004782,BENEFICIARIO 04782,001000004782,PEN,3501.36,SCBLPEPLXXX,PAGO PROVEEDOR 04782,SHA
10004783,BENEFICIARIO 04783,001000004783,PEN,3502.09,CITIPEPLXXX,PAGO PROVEEDOR 04783,OUR
10004784,BENEFICIARIO 04784,001000004784,PEN,3502.82,BCPLPEPLXXX,PAGO PROVEEDOR 04784,BEN
10004785,BENEFICIARIO 04785,001000004785,USD,3503.55,BINPPEPLXXX,PAGO PROVEEDOR 04785,SHA
10004786,BENEFICIARIO 04786,001000004786,PEN,3504.28,SCBLPEPLXXX,PAGO PROVEEDOR 04786,OUR
10004787,BENEFICIARIO 04787,001000004787,PEN,3505.01,CITIPEPLXXX,PAGO PROVEEDOR 04787,BEN
10004788,BENEFICIARIO 04788,001000004788,PEN,3505.74,BCPLPEPLXXX,PAGO PROVEEDOR 04788,SHA
10004789,BENEFICIARIO 04789,001000004789,PEN,3506.47,BINPPEPLXXX,PAGO PROVEEDOR 04789,OUR
10004790,BENEFICIARIO 04790,001000004790,USD,3507.20,SCBLPEPLXXX,PAGO PROVEEDOR 04790,BEN
10004791,BENEFICIARIO 04791,001000004791,PEN,3507.93,CITIPEPLXXX,PAGO PROVEEDOR 04791,SHA
10004792,BENEFICIARIO 04792,001000004792,PEN,3508.66,BCPLPEPLXXX,PAGO PROVEEDOR 04792,OUR
10004793,BENEFICIARIO 04793,001000004793,PEN,3509.39,BINPPEPLXXX,PAGO PROVEEDOR 04793,BEN
10004794,BENEFICIARIO 04794,001000004794,PEN,3510.12,SCBLPEPLXXX,PAGO PROVEEDOR 04794,SHA
10004795,BENEFICIARIO 04795,001000004795,USD,3510.85,CITIPEPLXXX,PAGO PROVEEDOR 04795,OUR
10004796,BENEFICIARIO 04796,001000004796,PEN,3511.58,BCPLPEPLXXX,PAGO PROVEEDOR 04796,BEN
10004797,BENEFICIARIO 04797,001000004797,PEN,3512.31,BINPPEPLXXX,PAGO PROVEEDOR 04797,SHA
10004798,BENEFICIARIO 04798,001000004798,PEN,3513.04,SCBLPEPLXXX,PAGO PROVEEDOR 04798,OUR
10004799,BENEFICIARIO 04799,001000004799,PEN,3513.77,CITIPEPLXXX,PAGO PROVEEDOR 04799,BEN
10004800,BENEFICIARIO 04800,001000004800,USD,3514.50,BCPLPEPLXXX,PAGO PROVEEDOR 04800,SHA
10004801,BENEFICIARIO 04801,001000004801,PEN,3515.23,BINPPEPLXXX,PAGO PROVEEDOR 04801,OUR
10004802,BENEFICIARIO 04802,001000004802,PEN,3515.96,SCBLPEPLXXX,PAGO PROVEEDOR 04802,BEN
10004803,BENEFICIARIO 04803,001000004803,PEN,3516.69,CITIPEPLXXX,PAGO PROVEEDOR 04803,SHA
10004804,BENEFICIARIO 04804,001000004804,PEN,3517.42,BCPLPEPLXXX,PAGO PROVEEDOR 04804,OUR
10004805,BENEFICIARIO 04805,001000004805,USD,3518.15,BINPPEPLXXX,PAGO PROVEEDOR 04805,BEN
10004806,BENEFICIARIO 04806,001000004806,PEN,3518.88,SCBLPEPLXXX,PAGO PROVEEDOR 04806,SHA
10004807,BENEFICIARIO 04807,001000004807,PEN,3519.61,CITIPEPLXXX,PAGO PROVEEDOR 04807,OUR
10004808,BENEFICIARIO 04808,001000004808,PEN,3520.34,BCPLPEPLXXX,PAGO PROVEEDOR 04808,BEN
10004809,BENEFICIARIO 04809,001000004809,PEN,3521.07,BINPPEPLXXX,PAGO PROVEEDOR 04809,SHA
10004810,BENEFICIARIO 04810,001000004810,USD,3521.80,SCBLPEPLXXX,PAGO PROVEEDOR 04810,OUR
10004811,BENEFICIARIO 04811,001000004811,PEN,3522.53,CITIPEPLXXX,PAGO PROVEEDOR 04811,BEN
10004812,BENEFICIARIO 04812,001000004812,PEN,3523.26,BCPLPEPLXXX,PAGO PROVEEDOR 04812,SHA
10004813,BENEFICIARIO 04813,001000004813,PEN,3523.99,BINPPEPLXXX,PAGO PROVEEDOR 04813,OUR
10004814,BENEFICIARIO 04814,001000004814,PEN,3524.72,SCBLPEPLXXX,PAGO PROVEEDOR 04814,BEN
10004815,BENEFICIARIO 04815,001000004815,USD,3525.45,CITIPEPLXXX,PAGO PROVEEDOR 04815,SHA
10004816,BENEFICIARIO 04816,001000004816,PEN,3526.18,BCPLPEPLXXX,PAGO PROVEEDOR 04816,OUR
10004817,BENEFICIARIO 04817,001000004817,PEN,3526.91,BINPPEPLXXX,PAGO PROVEEDOR 04817,BEN
10004818,BENEFICIARIO 04818,001000004818,PEN,3527.64,SCBLPEPLXXX,PAGO PROVEEDOR 04818,SHA
10004819,BENEFICIARIO 04819,001000004819,PEN,3528.37,CITIPEPLXXX,PAGO PROVEEDOR 04819,OUR
10004820,BENEFICIARIO 04820,001000004820,USD,3529.10,BCPLPEPLXXX,PAGO PROVEEDOR 04820,BEN
10004821,BENEFICIARIO 04821,001000004821,PEN,3529.83,BINPPEPLXXX,PAGO PROVEEDOR 04821,SHA
10004822,BENEFICIARIO 04822,001000004822,PEN,3530.56,SCBLPEPLXXX,PAGO PROVEEDOR 04822,OUR
10004823,BENEFICIARIO 04823,001000004823,PEN,3531.29,CITIPEPLXXX,PAGO PROVEEDOR 04823,BEN
10004824,BENEFICIARIO 04824,001000004824,PEN,3532.02,BCPLPEPLXXX,PAGO PROVEEDOR 04824,SHA
10004825,BENEFICIARIO 04825,001000004825,USD,3532.75,BINPPEPLXXX,PAGO PROVEEDOR 04825,OUR
10004826,BENEFICIARIO 04826,001000004826,PEN,3533.48,SCBLPEPLXXX,PAGO PROVEEDOR 04826,BEN
10004827,BENEFICIARIO 04827,001000004827,PEN,3534.21,CITIPEPLXXX,PAGO PROVEEDOR 04827,SHA
10004828,BENEFICIARIO 04828,001000004828,PEN,3534.94,BCPLPEPLXXX,PAGO PROVEEDOR 04828,OUR
10004829,BENEFICIARIO 04829,001000004829,PEN,3535.67,BINPPEPLXXX,PAGO PROVEEDOR 04829,BEN
10004830,BENEFICIARIO 04830,001000004830,USD,3536.40,SCBLPEPLXXX,PAGO PROVEEDOR 04830,SHA
10004831,BENEFICIARIO 04831,001000004831,PEN,3537.13,CITIPEPLXXX,PAGO PROVEEDOR 04831,OUR
10004832,BENEFICIARIO 04832,001000004832,PEN,3537.86,BCPLPEPLXXX,PAGO PROVEEDOR 04832,BEN
10004833,BENEFICIARIO 04833,001000004833,PEN,3538.59,BINPPEPLXXX,PAGO PROVEEDOR 04833,SHA
10004834,BENEFICIARIO 04834,001000004834,PEN,3539.32,SCBLPEPLXXX,PAGO PROVEEDOR 04834,OUR
10004835,BENEFICIARIO 04835,001000004835,USD,3540.05,CITIPEPLXXX,PAGO PROVEEDOR 04835,BEN
10004836,BENEFICIARIO 04836,001000004836,PEN,3540.78,BCPLPEPLXXX,PAGO PROVEEDOR 04836,SHA
10004837,BENEFICIARIO 04837,001000004837,PEN,3541.51,BINPPEPLXXX,PAGO PROVEEDOR 04837,OUR
10004838,BENEFICIARIO 04838,001000004838,PEN,3542.24,SCBLPEPLXXX,PAGO PROVEEDOR 04838,BEN
10004839,BENEFICIARIO 04839,001000004839,PEN,3542.97,CITIPEPLXXX,PAGO PROVEEDOR 04839,SHA
10004840,BENEFICIARIO 04840,001000004840,USD,3543.70,BCPLPEPLXXX,PAGO PROVEEDOR 04840,OUR
10004841,BENEFICIARIO 04841,001000004841,PEN,3544.43,BINPPEPLXXX,PAGO PROVEEDOR 04841,BEN
10004842,BENEFICIARIO 04842,001000004842,PEN,3545.16,SCBLPEPLXXX,PAGO PROVEEDOR 04842,SHA
10004843,BENEFICIARIO 04843,001000004843,PEN,3545.89,CITIPEPLXXX,PAGO PROVEEDOR 04843,OUR
10004844,BENEFICIARIO 04844,001000004844,PEN,3546.62,BCPLPEPLXXX,PAGO PROVEEDOR 04844,BEN
10004845,BENEFICIARIO 04845,001000004845,USD,3547.35,BINPPEPLXXX,PAGO PROVEEDOR 04845,SHA
10004846,BENEFICIARIO 04846,001000004846,PEN,3548.08,SCBLPEPLXXX,PAGO PROVEEDOR 04846,OUR
10004847,BENEFICIARIO 04847,001000004847,PEN,3548.81,CITIPEPLXXX,PAGO PROVEEDOR 04847,BEN
10004848,BENEFICIARIO 04848,001000004848,PEN,3549.54,BCPLPEPLXXX,PAGO PROVEEDOR 04848,SHA
10004849,BENEFICIARIO 04849,001000004849,PEN,3550.27,BINPPEPLXXX,PAGO PROVEEDOR 04849,OUR
10004850,BENEFICIARIO 04850,001000004850,USD,3551.00,SCBLPEPLXXX,PAGO PROVEEDOR 04850,BEN
10004851,BENEFICIARIO 04851,001000004851,PEN,3551.73,CITIPEPLXXX,PAGO PROVEEDOR 04851,SHA
10004852,BENEFICIARIO 04852,001000004852,PEN,3552.46,BCPLPEPLXXX,PAGO PROVEEDOR 04852,OUR
10004853,BENEFICIARIO 04853,001000004853,PEN,3553.19,BINPPEPLXXX,PAGO PROVEEDOR 04853,BEN
10004854,BENEFICIARIO 04854,001000004854,PEN,3553.92,SCBLPEPLXXX,PAGO PROVEEDOR 04854,SHA
10004855,BENEFICIARIO 04855,001000004855,USD,3554.65,CITIPEPLXXX,PAGO PROVEEDOR 04855,OUR
10004856,BENEFICIARIO 04856,001000004856,PEN,3555.38,BCPLPEPLXXX,PAGO PROVEEDOR 04856,BEN
10004857,BENEFICIARIO 04857,001000004857,PEN,3556.11,BINPPEPLXXX,PAGO PROVEEDOR 04857,SHA
10004858,BENEFICIARIO 04858,001000004858,PEN,3556.84,SCBLPEPLXXX,PAGO PROVEEDOR 04858,OUR
10004859,BENEFICIARIO 04859,001000004859,PEN,3557.57,CITIPEPLXXX,PAGO PROVEEDOR 04859,BEN
10004860,BENEFICIARIO 04860,001000004860,USD,3558.30,BCPLPEPLXXX,PAGO PROVEEDOR 04860,SHA
10004861,BENEFICIARIO 04861,001000004861,PEN,3559.03,BINPPEPLXXX,PAGO PROVEEDOR 04861,OUR
10004862,BENEFICIARIO 04862,001000004862,PEN,3559.76,SCBLPEPLXXX,PAGO PROVEEDOR 04862,BEN
10004863,BENEFICIARIO 04863,001000004863,PEN,3560.49,CITIPEPLXXX,PAGO PROVEEDOR 04863,SHA
10004864,BENEFICIARIO 04864,001000004864,PEN,3561.22,BCPLPEPLXXX,PAGO PROVEEDOR 04864,OUR
10004865,BENEFICIARIO 04865,001000004865,USD,3561.95,BINPPEPLXXX,PAGO PROVEEDOR 04865,BEN
10004866,BENEFICIARIO 04866,001000004866,PEN,3562.68,SCBLPEPLXXX,PAGO PROVEEDOR 04866,SHA
10004867,BENEFICIARIO 04867,001000004867,PEN,3563.41,CITIPEPLXXX,PAGO PROVEEDOR 04867,OUR
10004868,BENEFICIARIO 04868,001000004868,PEN,3564.14,BCPLPEPLXXX,PAGO PROVEEDOR 04868,BEN
10004869,BENEFICIARIO 04869,001000004869,PEN,3564.87,BINPPEPLXXX,PAGO PROVEEDOR 04869,SHA
10004870,BENEFICIARIO 04870,001000004870,USD,3565.60,SCBLPEPLXXX,PAGO PROVEEDOR 04870,OUR
10004871,BENEFICIARIO 04871,001000004871,PEN,3566.33,CITIPEPLXXX,PAGO PROVEEDOR 04871,BEN
10004872,BENEFICIARIO 04872,001000004872,PEN,3567.06,BCPLPEPLXXX,PAGO PROVEEDOR 04872,SHA
10004873,BENEFICIARIO 04873,001000004873,PEN,3567.79,BINPPEPLXXX,PAGO PROVEEDOR 04873,OUR
10004874,BENEFICIARIO 04874,001000004874,PEN,3568.52,SCBLPEPLXXX,PAGO PROVEEDOR 04874,BEN
10004875,BENEFICIARIO 04875,001000004875,USD,3569.25,CITIPEPLXXX,PAGO PROVEEDOR 04875,SHA
10004876,BENEFICIARIO 04876,001000004876,PEN,3569.98,BCPLPEPLXXX,PAGO PROVEEDOR 04876,OUR
10004877,BENEFICIARIO 04877,001000004877,PEN,3570.71,BINPPEPLXXX,PAGO PROVEEDOR 04877,BEN
10004878,BENEFICIARIO 04878,001000004878,PEN,3571.44,SCBLPEPLXXX,PAGO PROVEEDOR 04878,SHA
10004879,BENEFICIARIO 04879,001000004879,PEN,3572.17,CITIPEPLXXX,PAGO PROVEEDOR 04879,OUR
10004880,BENEFICIARIO 04880,001000004880,USD,3572.90,BCPLPEPLXXX,PAGO PROVEEDOR 04880,BEN
10004881,BENEFICIARIO 04881,001000004881,PEN,3573.63,BINPPEPLXXX,PAGO PROVEEDOR 04881,SHA
10004882,BENEFICIARIO 04882,001000004882,PEN,3574.36,SCBLPEPLXXX,PAGO PROVEEDOR 04882,OUR
10004883,BENEFICIARIO 04883,001000004883,PEN,3575.09,CITIPEPLXXX,PAGO PROVEEDOR 04883,BEN
10004884,BENEFICIARIO 04884,001000004884,PEN,3575.82,BCPLPEPLXXX,PAGO PROVEEDOR 04884,SHA
10004885,BENEFICIARIO 04885,001000004885,USD,3576.55,BINPPEPLXXX,PAGO PROVEEDOR 04885,OUR
10004886,BENEFICIARIO 04886,001000004886,PEN,3577.28,SCBLPEPLXXX,PAGO PROVEEDOR 04886,BEN
10004887,BENEFICIARIO 04887,001000004887,PEN,3578.01,CITIPEPLXXX,PAGO PROVEEDOR 04887,SHA
10004888,BENEFICIARIO 04888,001000004888,PEN,3578.74,BCPLPEPLXXX,PAGO PROVEEDOR 04888,OUR
10004889,BENEFICIARIO 04889,001000004889,PEN,3579.47,BINPPEPLXXX,PAGO PROVEEDOR 04889,BEN
10004890,BENEFICIARIO 04890,001000004890,USD,3580.20,SCBLPEPLXXX,PAGO PROVEEDOR 04890,SHA
10004891,BENEFICIARIO 04891,001000004891,PEN,3580.93,CITIPEPLXXX,PAGO PROVEEDOR 04891,OUR
10004892,BENEFICIARIO 04892,001000004892,PEN,3581.66,BCPLPEPLXXX,PAGO PROVEEDOR 04892,BEN
10004893,BENEFICIARIO 04893,001000004893,PEN,3582.39,BINPPEPLXXX,PAGO PROVEEDOR 04893,SHA
10004894,BENEFICIARIO 04894,001000004894,PEN,3583.12,SCBLPEPLXXX,PAGO PROVEEDOR 04894,OUR
10004895,BENEFICIARIO 04895,001000004895,USD,3583.85,CITIPEPLXXX,PAGO PROVEEDOR 04895,BEN
10004896,BENEFICIARIO 04896,001000004896,PEN,3584.58,BCPLPEPLXXX,PAGO PROVEEDOR 04896,SHA
10004897,BENEFICIARIO 04897,001000004897,PEN,3585.31,BINPPEPLXXX,PAGO PROVEEDOR 04897,OUR
10004898,BENEFICIARIO 04898,001000004898,PEN,3586.04,SCBLPEPLXXX,PAGO PROVEEDOR 04898,BEN
10004899,BENEFICIARIO 04899,001000004899,PEN,3586.77,CITIPEPLXXX,PAGO PROVEEDOR 04899,SHA
10004900,BENEFICIARIO 04900,001000004900,USD,3587.50,BCPLPEPLXXX,PAGO PROVEEDOR 04900,OUR
10004901,BENEFICIARIO 04901,001000004901,PEN,3588.23,BINPPEPLXXX,PAGO PROVEEDOR 04901,BEN
10004902,BENEFICIARIO 04902,001000004902,PEN,3588.96,SCBLPEPLXXX,PAGO PROVEEDOR 04902,SHA
10004903,BENEFICIARIO 04903,001000004903,PEN,3589.69,CITIPEPLXXX,PAGO PROVEEDOR 04903,OUR
10004904,BENEFICIARIO 04904,001000004904,PEN,3590.42,BCPLPEPLXXX,PAGO PROVEEDOR 04904,BEN
10004905,BENEFICIARIO 04905,001000004905,USD,3591.15,BINPPEPLXXX,PAGO PROVEEDOR 04905,SHA
10004906,BENEFICIARIO 04906,001000004906,PEN,3591.88,SCBLPEPLXXX,PAGO PROVEEDOR 04906,OUR
10004907,BENEFICIARIO 04907,001000004907,PEN,3592.61,CITIPEPLXXX,PAGO PROVEEDOR 04907,BEN
10004908,BENEFICIARIO 04908,001000004908,PEN,3593.34,BCPLPEPLXXX,PAGO PROVEEDOR 04908,SHA
10004909,BENEFICIARIO 04909,001000004909,PEN,3594.07,BINPPEPLXXX,PAGO PROVEEDOR 04909,OUR
10004910,BENEFICIARIO 04910,001000004910,USD,3594.80,SCBLPEPLXXX,PAGO PROVEEDOR 04910,BEN
10004911,BENEFICIARIO 04911,001000004911,PEN,3595.53,CITIPEPLXXX,PAGO PROVEEDOR 04911,SHA
10004912,BENEFICIARIO 04912,001000004912,PEN,3596.26,BCPLPEPLXXX,PAGO PROVEEDOR 04912,OUR
10004913,BENEFICIARIO 04913,001000004913,PEN,3596.99,BINPPEPLXXX,PAGO PROVEEDOR 04913,BEN
10004914,BENEFICIARIO 04914,001000004914,PEN,3597.72,SCBLPEPLXXX,PAGO PROVEEDOR 04914,SHA
10004915,BENEFICIARIO 04915,001000004915,USD,3598.45,CITIPEPLXXX,PAGO PROVEEDOR 04915,OUR
10004916,BENEFICIARIO 04916,001000004916,PEN,3599.18,BCPLPEPLXXX,PAGO PROVEEDOR 04916,BEN
10004917,BENEFICIARIO 04917,001000004917,PEN,3599.91,BINPPEPLXXX,PAGO PROVEEDOR 04917,SHA
10004918,BENEFICIARIO 04918,001000004918,PEN,3600.64,SCBLPEPLXXX,PAGO PROVEEDOR 04918,OUR
10004919,BENEFICIARIO 04919,001000004919,PEN,3601.37,CITIPEPLXXX,PAGO PROVEEDOR 04919,BEN
10004920,BENEFICIARIO 04920,001000004920,USD,3602.10,BCPLPEPLXXX,PAGO PROVEEDOR 04920,SHA
10004921,BENEFICIARIO 04921,001000004921,PEN,3602.83,BINPPEPLXXX,PAGO PROVEEDOR 04921,OUR
10004922,BENEFICIARIO 04922,001000004922,PEN,3603.56,SCBLPEPLXXX,PAGO PROVEEDOR 04922,BEN
10004923,BENEFICIARIO 04923,001000004923,PEN,3604.29,CITIPEPLXXX,PAGO PROVEEDOR 04923,SHA
10004924,BENEFICIARIO 04924,001000004924,PEN,3605.02,BCPLPEPLXXX,PAGO PROVEEDOR 04924,OUR
10004925,BENEFICIARIO 04925,001000004925,USD,3605.75,BINPPEPLXXX,PAGO PROVEEDOR 04925,BEN
10004926,BENEFICIARIO 04926,001000004926,PEN,3606.48,SCBLPEPLXXX,PAGO PROVEEDOR 04926,SHA
10004927,BENEFICIARIO 04927,001000004927,PEN,3607.21,CITIPEPLXXX,PAGO PROVEEDOR 04927,OUR
10004928,BENEFICIARIO 04928,001000004928,PEN,3607.94,BCPLPEPLXXX,PAGO PROVEEDOR 04928,BEN
10004929,BENEFICIARIO 04929,001000004929,PEN,3608.67,BINPPEPLXXX,PAGO PROVEEDOR 04929,SHA
10004930,BENEFICIARIO 04930,001000004930,USD,3609.40,SCBLPEPLXXX,PAGO PROVEEDOR 04930,OUR
10004931,BENEFICIARIO 04931,001000004931,PEN,3610.13,CITIPEPLXXX,PAGO PROVEEDOR 04931,BEN
10004932,BENEFICIARIO 04932,001000004932,PEN,3610.86,BCPLPEPLXXX,PAGO PROVEEDOR 04932,SHA
10004933,BENEFICIARIO 04933,001000004933,PEN,3611.59,BINPPEPLXXX,PAGO PROVEEDOR 04933,OUR
10004934,BENEFICIARIO 04934,001000004934,PEN,3612.32,SCBLPEPLXXX,PAGO PROVEEDOR 04934,BEN
10004935,BENEFICIARIO 04935,001000004935,USD,3613.05,CITIPEPLXXX,PAGO PROVEEDOR 04935,SHA
10004936,BENEFICIARIO 04936,001000004936,PEN,3613.78,BCPLPEPLXXX,PAGO PROVEEDOR 04936,OUR
10004937,BENEFICIARIO 04937,001000004937,PEN,3614.51,BINPPEPLXXX,PAGO PROVEEDOR 04937,BEN
10004938,BENEFICIARIO 04938,001000004938,PEN,3615.24,SCBLPEPLXXX,PAGO PROVEEDOR 04938,SHA
10004939,BENEFICIARIO 04939,001000004939,PEN,3615.97,CITIPEPLXXX,PAGO PROVEEDOR 04939,OUR
10004940,BENEFICIARIO 04940,001000004940,USD,3616.70,BCPLPEPLXXX,PAGO PROVEEDOR 04940,BEN
10004941,BENEFICIARIO 04941,001000004941,PEN,3617.43,BINPPEPLXXX,PAGO PROVEEDOR 04941,SHA
10004942,BENEFICIARIO 04942,001000004942,PEN,3618.16,SCBLPEPLXXX,PAGO PROVEEDOR 04942,OUR
10004943,BENEFICIARIO 04943,001000004943,PEN,3618.89,CITIPEPLXXX,PAGO PROVEEDOR 04943,BEN
10004944,BENEFICIARIO 04944,001000004944,PEN,3619.62,BCPLPEPLXXX,PAGO PROVEEDOR 04944,SHA
10004945,BENEFICIARIO 04945,001000004945,USD,3620.35,BINPPEPLXXX,PAGO PROVEEDOR 04945,OUR
10004946,BENEFICIARIO 04946,001000004946,PEN,3621.08,SCBLPEPLXXX,PAGO PROVEEDOR 04946,BEN
10004947,BENEFICIARIO 04947,001000004947,PEN,3621.81,CITIPEPLXXX,PAGO PROVEEDOR 04947,SHA
10004948,BENEFICIARIO 04948,001000004948,PEN,3622.54,BCPLPEPLXXX,PAGO PROVEEDOR 04948,OUR
10004949,BENEFICIARIO 04949,001000004949,PEN,3623.27,BINPPEPLXXX,PAGO PROVEEDOR 04949,BEN
10004950,BENEFICIARIO 04950,001000004950,USD,3624.00,SCBLPEPLXXX,PAGO PROVEEDOR 04950,SHA
10004951,BENEFICIARIO 04951,001000004951,PEN,3624.73,CITIPEPLXXX,PAGO PROVEEDOR 04951,OUR
10004952,BENEFICIARIO 04952,001000004952,PEN,3625.46,BCPLPEPLXXX,PAGO PROVEEDOR 04952,BEN
10004953,BENEFICIARIO 04953,001000004953,PEN,3626.19,BINPPEPLXXX,PAGO PROVEEDOR 04953,SHA
10004954,BENEFICIARIO 04954,001000004954,PEN,3626.92,SCBLPEPLXXX,PAGO PROVEEDOR 04954,OUR
10004955,BENEFICIARIO 04955,001000004955,USD,3627.65,CITIPEPLXXX,PAGO PROVEEDOR 04955,BEN
10004956,BENEFICIARIO 04956,001000004956,PEN,3628.38,BCPLPEPLXXX,PAGO PROVEEDOR 04956,SHA
10004957,BENEFICIARIO 04957,001000004957,PEN,3629.11,BINPPEPLXXX,PAGO PROVEEDOR 04957,OUR
10004958,BENEFICIARIO 04958,001000004958,PEN,3629.84,SCBLPEPLXXX,PAGO PROVEEDOR 04958,BEN
10004959,BENEFICIARIO 04959,001000004959,PEN,3630.57,CITIPEPLXXX,PAGO PROVEEDOR 04959,SHA
10004960,BENEFICIARIO 04960,001000004960,USD,3631.30,BCPLPEPLXXX,PAGO PROVEEDOR 04960,OUR
10004961,BENEFICIARIO 04961,001000004961,PEN,3632.03,BINPPEPLXXX,PAGO PROVEEDOR 04961,BEN
10004962,BENEFICIARIO 04962,001000004962,PEN,3632.76,SCBLPEPLXXX,PAGO PROVEEDOR 04962,SHA
10004963,BENEFICIARIO 04963,001000004963,PEN,3633.49,CITIPEPLXXX,PAGO PROVEEDOR 04963,OUR
10004964,BENEFICIARIO 04964,001000004964,PEN,3634.22,BCPLPEPLXXX,PAGO PROVEEDOR 04964,BEN
10004965,BENEFICIARIO 04965,001000004965,USD,3634.95,BINPPEPLXXX,PAGO PROVEEDOR 04965,SHA
10004966,BENEFICIARIO 04966,001000004966,PEN,3635.68,SCBLPEPLXXX,PAGO PROVEEDOR 04966,OUR
10004967,BENEFICIARIO 04967,001000004967,PEN,3636.41,CITIPEPLXXX,PAGO PROVEEDOR 04967,BEN
10004968,BENEFICIARIO 04968,001000004968,PEN,3637.14,BCPLPEPLXXX,PAGO PROVEEDOR 04968,SHA
10004969,BENEFICIARIO 04969,001000004969,PEN,3637.87,BINPPEPLXXX,PAGO PROVEEDOR 04969,OUR
10004970,BENEFICIARIO 04970,001000004970,USD,3638.60,SCBLPEPLXXX,PAGO PROVEEDOR 04970,BEN
10004971,BENEFICIARIO 04971,001000004971,PEN,3639.33,CITIPEPLXXX,PAGO PROVEEDOR 04971,SHA
10004972,BENEFICIARIO 04972,001000004972,PEN,3640.06,BCPLPEPLXXX,PAGO PROVEEDOR 04972,OUR
10004973,BENEFICIARIO 04973,001000004973,PEN,3640.79,BINPPEPLXXX,PAGO PROVEEDOR 04973,BEN
10004974,BENEFICIARIO 04974,001000004974,PEN,3641.52,SCBLPEPLXXX,PAGO PROVEEDOR 04974,SHA
10004975,BENEFICIARIO 04975,001000004975,USD,3642.25,CITIPEPLXXX,PAGO PROVEEDOR 04975,OUR
10004976,BENEFICIARIO 04976,001000004976,PEN,3642.98,BCPLPEPLXXX,PAGO PROVEEDOR 04976,BEN
10004977,BENEFICIARIO 04977,001000004977,PEN,3643.71,BINPPEPLXXX,PAGO PROVEEDOR 04977,SHA
10004978,BENEFICIARIO 04978,001000004978,PEN,3644.44,SCBLPEPLXXX,PAGO PROVEEDOR 04978,OUR
10004979,BENEFICIARIO 04979,001000004979,PEN,3645.17,CITIPEPLXXX,PAGO PROVEEDOR 04979,BEN
10004980,BENEFICIARIO 04980,001000004980,USD,3645.90,BCPLPEPLXXX,PAGO PROVEEDOR 04980,SHA
10004981,BENEFICIARIO 04981,001000004981,PEN,3646.63,BINPPEPLXXX,PAGO PROVEEDOR 04981,OUR
10004982,BENEFICIARIO 04982,001000004982,PEN,3647.36,SCBLPEPLXXX,PAGO PROVEEDOR 04982,BEN
10004983,BENEFICIARIO 04983,001000004983,PEN,3648.09,CITIPEPLXXX,PAGO PROVEEDOR 04983,SHA
10004984,BENEFICIARIO 04984,001000004984,PEN,3648.82,BCPLPEPLXXX,PAGO PROVEEDOR 04984,OUR
10004985,BENEFICIARIO 04985,001000004985,USD,3649.55,BINPPEPLXXX,PAGO PROVEEDOR 04985,BEN
10004986,BENEFICIARIO 04986,001000004986,PEN,3650.28,SCBLPEPLXXX,PAGO PROVEEDOR 04986,SHA
10004987,BENEFICIARIO 04987,001000004987,PEN,3651.01,CITIPEPLXXX,PAGO PROVEEDOR 04987,OUR
10004988,BENEFICIARIO 04988,001000004988,PEN,3651.74,BCPLPEPLXXX,PAGO PROVEEDOR 04988,BEN
10004989,BENEFICIARIO 04989,001000004989,PEN,3652.47,BINPPEPLXXX,PAGO PROVEEDOR 04989,SHA
10004990,BENEFICIARIO 04990,001000004990,USD,3653.20,SCBLPEPLXXX,PAGO PROVEEDOR 04990,OUR
10004991,BENEFICIARIO 04991,001000004991,PEN,3653.93,CITIPEPLXXX,PAGO PROVEEDOR 04991,BEN
10004992,BENEFICIARIO 04992,001000004992,PEN,3654.66,BCPLPEPLXXX,PAGO PROVEEDOR 04992,SHA
10004993,BENEFICIARIO 04993,001000004993,PEN,3655.39,BINPPEPLXXX,PAGO PROVEEDOR 04993,OUR
10004994,BENEFICIARIO 04994,001000004994,PEN,3656.12,SCBLPEPLXXX,PAGO PROVEEDOR 04994,BEN
10004995,BENEFICIARIO 04995,001000004995,USD,3656.85,CITIPEPLXXX,PAGO PROVEEDOR 04995,SHA
10004996,BENEFICIARIO 04996,001000004996,PEN,3657.58,BCPLPEPLXXX,PAGO PROVEEDOR 04996,OUR
10004997,BENEFICIARIO 04997,001000004997,PEN,3658.31,BINPPEPLXXX,PAGO PROVEEDOR 04997,BEN
10004998,BENEFICIARIO 04998,001000004998,PEN,3659.04,SCBLPEPLXXX,PAGO PROVEEDOR 04998,SHA
10004999,BENEFICIARIO 04999,001000004999,PEN,3659.77,CITIPEPLXXX,PAGO PROVEEDOR 04999,OUR
10005000,BENEFICIARIO 05000,001000005000,USD,3660.50,BCPLPEPLXXX,PAGO PROVEEDOR 05000,BEN
10005001,BENEFICIARIO 05001,001000005001,PEN,3661.23,BINPPEPLXXX,PAGO PROVEEDOR 05001,SHA
10005002,BENEFICIARIO 05002,001000005002,PEN,3661.96,SCBLPEPLXXX,PAGO PROVEEDOR 05002,OUR
10005003,BENEFICIARIO 05003,001000005003,PEN,3662.69,CITIPEPLXXX,PAGO PROVEEDOR 05003,BEN
10005004,BENEFICIARIO 05004,001000005004,PEN,3663.42,BCPLPEPLXXX,PAGO PROVEEDOR 05004,SHA
10005005,BENEFICIARIO 05005,001000005005,USD,3664.15,BINPPEPLXXX,PAGO PROVEEDOR 05005,OUR
10005006,BENEFICIARIO 05006,001000005006,PEN,3664.88,SCBLPEPLXXX,PAGO PROVEEDOR 05006,BEN
10005007,BENEFICIARIO 05007,001000005007,PEN,3665.61,CITIPEPLXXX,PAGO PROVEEDOR 05007,SHA
10005008,BENEFICIARIO 05008,001000005008,PEN,3666.34,BCPLPEPLXXX,PAGO PROVEEDOR 05008,OUR
10005009,BENEFICIARIO 05009,001000005009,PEN,3667.07,BINPPEPLXXX,PAGO PROVEEDOR 05009,BEN
10005010,BENEFICIARIO 05010,001000005010,USD,3667.80,SCBLPEPLXXX,PAGO PROVEEDOR 05010,SHA
10005011,BENEFICIARIO 05011,001000005011,PEN,3668.53,CITIPEPLXXX,PAGO PROVEEDOR 05011,OUR
10005012,BENEFICIARIO 05012,001000005012,PEN,3669.26,BCPLPEPLXXX,PAGO PROVEEDOR 05012,BEN
10005013,BENEFICIARIO 05013,001000005013,PEN,3669.99,BINPPEPLXXX,PAGO PROVEEDOR 05013,SHA
10005014,BENEFICIARIO 05014,001000005014,PEN,3670.72,SCBLPEPLXXX,PAGO PROVEEDOR 05014,OUR
10005015,BENEFICIARIO 05015,001000005015,USD,3671.45,CITIPEPLXXX,PAGO PROVEEDOR 05015,BEN
10005016,BENEFICIARIO 05016,001000005016,PEN,3672.18,BCPLPEPLXXX,PAGO PROVEEDOR 05016,SHA
10005017,BENEFICIARIO 05017,001000005017,PEN,3672.91,BINPPEPLXXX,PAGO PROVEEDOR 05017,OUR
10005018,BENEFICIARIO 05018,001000005018,PEN,3673.64,SCBLPEPLXXX,PAGO PROVEEDOR 05018,BEN
10005019,BENEFICIARIO 05019,001000005019,PEN,3674.37,CITIPEPLXXX,PAGO PROVEEDOR 05019,SHA
10005020,BENEFICIARIO 05020,001000005020,USD,3675.10,BCPLPEPLXXX,PAGO PROVEEDOR 05020,OUR
10005021,BENEFICIARIO 05021,001000005021,PEN,3675.83,BINPPEPLXXX,PAGO PROVEEDOR 05021,BEN
10005022,BENEFICIARIO 05022,001000005022,PEN,3676.56,SCBLPEPLXXX,PAGO PROVEEDOR 05022,SHA
10005023,BENEFICIARIO 05023,001000005023,PEN,3677.29,CITIPEPLXXX,PAGO PROVEEDOR 05023,OUR
10005024,BENEFICIARIO 05024,001000005024,PEN,3678.02,BCPLPEPLXXX,PAGO PROVEEDOR 05024,BEN
10005025,BENEFICIARIO 05025,001000005025,USD,3678.75,BINPPEPLXXX,PAGO PROVEEDOR 05025,SHA
10005026,BENEFICIARIO 05026,001000005026,PEN,3679.48,SCBLPEPLXXX,PAGO PROVEEDOR 05026,OUR
10005027,BENEFICIARIO 05027,001000005027,PEN,3680.21,CITIPEPLXXX,PAGO PROVEEDOR 05027,BEN
10005028,BENEFICIARIO 05028,001000005028,PEN,3680.94,BCPLPEPLXXX,PAGO PROVEEDOR 05028,SHA
10005029,BENEFICIARIO 05029,001000005029,PEN,3681.67,BINPPEPLXXX,PAGO PROVEEDOR 05029,OUR
10005030,BENEFICIARIO 05030,001000005030,USD,3682.40,SCBLPEPLXXX,PAGO PROVEEDOR 05030,BEN
10005031,BENEFICIARIO 05031,001000005031,PEN,3683.13,CITIPEPLXXX,PAGO PROVEEDOR 05031,SHA
10005032,BENEFICIARIO 05032,001000005032,PEN,3683.86,BCPLPEPLXXX,PAGO PROVEEDOR 05032,OUR
10005033,BENEFICIARIO 05033,001000005033,PEN,3684.59,BINPPEPLXXX,PAGO PROVEEDOR 05033,BEN
10005034,BENEFICIARIO 05034,001000005034,PEN,3685.32,SCBLPEPLXXX,PAGO PROVEEDOR 05034,SHA
10005035,BENEFICIARIO 05035,001000005035,USD,3686.05,CITIPEPLXXX,PAGO PROVEEDOR 05035,OUR
10005036,BENEFICIARIO 05036,001000005036,PEN,3686.78,BCPLPEPLXXX,PAGO PROVEEDOR 05036,BEN
10005037,BENEFICIARIO 05037,001000005037,PEN,3687.51,BINPPEPLXXX,PAGO PROVEEDOR 05037,SHA
10005038,BENEFICIARIO 05038,001000005038,PEN,3688.24,SCBLPEPLXXX,PAGO PROVEEDOR 05038,OUR
10005039,BENEFICIARIO 05039,001000005039,PEN,3688.97,CITIPEPLXXX,PAGO PROVEEDOR 05039,BEN
10005040,BENEFICIARIO 05040,001000005040,USD,3689.70,BCPLPEPLXXX,PAGO PROVEEDOR 05040,SHA
10005041,BENEFICIARIO 05041,001000005041,PEN,3690.43,BINPPEPLXXX,PAGO PROVEEDOR 05041,OUR
10005042,BENEFICIARIO 05042,001000005042,PEN,3691.16,SCBLPEPLXXX,PAGO PROVEEDOR 05042,BEN
10005043,BENEFICIARIO 05043,001000005043,PEN,3691.89,CITIPEPLXXX,PAGO PROVEEDOR 05043,SHA
10005044,BENEFICIARIO 05044,001000005044,PEN,3692.62,BCPLPEPLXXX,PAGO PROVEEDOR 05044,OUR
10005045,BENEFICIARIO 05045,001000005045,USD,3693.35,BINPPEPLXXX,PAGO PROVEEDOR 05045,BEN
10005046,BENEFICIARIO 05046,001000005046,PEN,3694.08,SCBLPEPLXXX,PAGO PROVEEDOR 05046,SHA
10005047,BENEFICIARIO 05047,001000005047,PEN,3694.81,CITIPEPLXXX,PAGO PROVEEDOR 05047,OUR
10005048,BENEFICIARIO 05048,001000005048,PEN,3695.54,BCPLPEPLXXX,PAGO PROVEEDOR 05048,BEN
10005049,BENEFICIARIO 05049,001000005049,PEN,3696.27,BINPPEPLXXX,PAGO PROVEEDOR 05049,SHA
10005050,BENEFICIARIO 05050,001000005050,USD,3697.00,SCBLPEPLXXX,PAGO PROVEEDOR 05050,OUR
10005051,BENEFICIARIO 05051,001000005051,PEN,3697.73,CITIPEPLXXX,PAGO PROVEEDOR 05051,BEN
10005052,BENEFICIARIO 05052,001000005052,PEN,3698.46,BCPLPEPLXXX,PAGO PROVEEDOR 05052,SHA
10005053,BENEFICIARIO 05053,001000005053,PEN,3699.19,BINPPEPLXXX,PAGO PROVEEDOR 05053,OUR
10005054,BENEFICIARIO 05054,001000005054,PEN,3699.92,SCBLPEPLXXX,PAGO PROVEEDOR 05054,BEN
10005055,BENEFICIARIO 05055,001000005055,USD,3700.65,CITIPEPLXXX,PAGO PROVEEDOR 05055,SHA
10005056,BENEFICIARIO 05056,001000005056,PEN,3701.38,BCPLPEPLXXX,PAGO PROVEEDOR 05056,OUR
10005057,BENEFICIARIO 05057,001000005057,PEN,3702.11,BINPPEPLXXX,PAGO PROVEEDOR 05057,BEN
10005058,BENEFICIARIO 05058,001000005058,PEN,3702.84,SCBLPEPLXXX,PAGO PROVEEDOR 05058,SHA
10005059,BENEFICIARIO 05059,001000005059,PEN,3703.57,CITIPEPLXXX,PAGO PROVEEDOR 05059,OUR
10005060,BENEFICIARIO 05060,001000005060,USD,3704.30,BCPLPEPLXXX,PAGO PROVEEDOR 05060,BEN
10005061,BENEFICIARIO 05061,001000005061,PEN,3705.03,BINPPEPLXXX,PAGO PROVEEDOR 05061,SHA
10005062,BENEFICIARIO 05062,001000005062,PEN,3705.76,SCBLPEPLXXX,PAGO PROVEEDOR 05062,OUR
10005063,BENEFICIARIO 05063,001000005063,PEN,3706.49,CITIPEPLXXX,PAGO PROVEEDOR 05063,BEN
10005064,BENEFICIARIO 05064,001000005064,PEN,3707.22,BCPLPEPLXXX,PAGO PROVEEDOR 05064,SHA
10005065,BENEFICIARIO 05065,001000005065,USD,3707.95,BINPPEPLXXX,PAGO PROVEEDOR 05065,OUR
10005066,BENEFICIARIO 05066,001000005066,PEN,3708.68,SCBLPEPLXXX,PAGO PROVEEDOR 05066,BEN
10005067,BENEFICIARIO 05067,001000005067,PEN,3709.41,CITIPEPLXXX,PAGO PROVEEDOR 05067,SHA
10005068,BENEFICIARIO 05068,001000005068,PEN,3710.14,BCPLPEPLXXX,PAGO PROVEEDOR 05068,OUR
10005069,BENEFICIARIO 05069,001000005069,PEN,3710.87,BINPPEPLXXX,PAGO PROVEEDOR 05069,BEN
10005070,BENEFICIARIO 05070,001000005070,USD,3711.60,SCBLPEPLXXX,PAGO PROVEEDOR 05070,SHA
10005071,BENEFICIARIO 05071,001000005071,PEN,3712.33,CITIPEPLXXX,PAGO PROVEEDOR 05071,OUR
10005072,BENEFICIARIO 05072,001000005072,PEN,3713.06,BCPLPEPLXXX,PAGO PROVEEDOR 05072,BEN
10005073,BENEFICIARIO 05073,001000005073,PEN,3713.79,BINPPEPLXXX,PAGO PROVEEDOR 05073,SHA
10005074,BENEFICIARIO 05074,001000005074,PEN,3714.52,SCBLPEPLXXX,PAGO PROVEEDOR 05074,OUR
10005075,BENEFICIARIO 05075,001000005075,USD,3715.25,CITIPEPLXXX,PAGO PROVEEDOR 05075,BEN
10005076,BENEFICIARIO 05076,001000005076,PEN,3715.98,BCPLPEPLXXX,PAGO PROVEEDOR 05076,SHA
10005077,BENEFICIARIO 05077,001000005077,PEN,3716.71,BINPPEPLXXX,PAGO PROVEEDOR 05077,OUR
10005078,BENEFICIARIO 05078,001000005078,PEN,3717.44,SCBLPEPLXXX,PAGO PROVEEDOR 05078,BEN
10005079,BENEFICIARIO 05079,001000005079,PEN,3718.17,CITIPEPLXXX,PAGO PROVEEDOR 05079,SHA
10005080,BENEFICIARIO 05080,001000005080,USD,3718.90,BCPLPEPLXXX,PAGO PROVEEDOR 05080,OUR
10005081,BENEFICIARIO 05081,001000005081,PEN,3719.63,BINPPEPLXXX,PAGO PROVEEDOR 05081,BEN
10005082,BENEFICIARIO 05082,001000005082,PEN,3720.36,SCBLPEPLXXX,PAGO PROVEEDOR 05082,SHA
10005083,BENEFICIARIO 05083,001000005083,PEN,3721.09,CITIPEPLXXX,PAGO PROVEEDOR 05083,OUR
10005084,BENEFICIARIO 05084,001000005084,PEN,3721.82,BCPLPEPLXXX,PAGO PROVEEDOR 05084,BEN
10005085,BENEFICIARIO 05085,001000005085,USD,3722.55,BINPPEPLXXX,PAGO PROVEEDOR 05085,SHA
10005086,BENEFICIARIO 05086,001000005086,PEN,3723.28,SCBLPEPLXXX,PAGO PROVEEDOR 05086,OUR
10005087,BENEFICIARIO 05087,001000005087,PEN,3724.01,CITIPEPLXXX,PAGO PROVEEDOR 05087,BEN
10005088,BENEFICIARIO 05088,001000005088,PEN,3724.74,BCPLPEPLXXX,PAGO PROVEEDOR 05088,SHA
10005089,BENEFICIARIO 05089,001000005089,PEN,3725.47,BINPPEPLXXX,PAGO PROVEEDOR 05089,OUR
10005090,BENEFICIARIO 05090,001000005090,USD,3726.20,SCBLPEPLXXX,PAGO PROVEEDOR 05090,BEN
10005091,BENEFICIARIO 05091,001000005091,PEN,3726.93,CITIPEPLXXX,PAGO PROVEEDOR 05091,SHA
10005092,BENEFICIARIO 05092,001000005092,PEN,3727.66,BCPLPEPLXXX,PAGO PROVEEDOR 05092,OUR
10005093,BENEFICIARIO 05093,001000005093,PEN,3728.39,BINPPEPLXXX,PAGO PROVEEDOR 05093,BEN
10005094,BENEFICIARIO 05094,001000005094,PEN,3729.12,SCBLPEPLXXX,PAGO PROVEEDOR 05094,SHA
10005095,BENEFICIARIO 05095,001000005095,USD,3729.85,CITIPEPLXXX,PAGO PROVEEDOR 05095,OUR
10005096,BENEFICIARIO 05096,001000005096,PEN,3730.58,BCPLPEPLXXX,PAGO PROVEEDOR 05096,BEN
10005097,BENEFICIARIO 05097,001000005097,PEN,3731.31,BINPPEPLXXX,PAGO PROVEEDOR 05097,SHA
10005098,BENEFICIARIO 05098,001000005098,PEN,3732.04,SCBLPEPLXXX,PAGO PROVEEDOR 05098,OUR
10005099,BENEFICIARIO 05099,001000005099,PEN,3732.77,CITIPEPLXXX,PAGO PROVEEDOR 05099,BEN
10005100,BENEFICIARIO 05100,001000005100,USD,3733.50,BCPLPEPLXXX,PAGO PROVEEDOR 05100,SHA
10005101,BENEFICIARIO 05101,001000005101,PEN,3734.23,BINPPEPLXXX,PAGO PROVEEDOR 05101,OUR
10005102,BENEFICIARIO 05102,001000005102,PEN,3734.96,SCBLPEPLXXX,PAGO PROVEEDOR 05102,BEN
10005103,BENEFICIARIO 05103,001000005103,PEN,3735.69,CITIPEPLXXX,PAGO PROVEEDOR 05103,SHA
10005104,BENEFICIARIO 05104,001000005104,PEN,3736.42,BCPLPEPLXXX,PAGO PROVEEDOR 05104,OUR
10005105,BENEFICIARIO 05105,001000005105,USD,3737.15,BINPPEPLXXX,PAGO PROVEEDOR 05105,BEN
10005106,BENEFICIARIO 05106,001000005106,PEN,3737.88,SCBLPEPLXXX,PAGO PROVEEDOR 05106,SHA
10005107,BENEFICIARIO 05107,001000005107,PEN,3738.61,CITIPEPLXXX,PAGO PROVEEDOR 05107,OUR
10005108,BENEFICIARIO 05108,001000005108,PEN,3739.34,BCPLPEPLXXX,PAGO PROVEEDOR 05108,BEN
10005109,BENEFICIARIO 05109,001000005109,PEN,3740.07,BINPPEPLXXX,PAGO PROVEEDOR 05109,SHA
10005110,BENEFICIARIO 05110,001000005110,USD,3740.80,SCBLPEPLXXX,PAGO PROVEEDOR 05110,OUR
10005111,BENEFICIARIO 05111,001000005111,PEN,3741.53,CITIPEPLXXX,PAGO PROVEEDOR 05111,BEN
10005112,BENEFICIARIO 05112,001000005112,PEN,3742.26,BCPLPEPLXXX,PAGO PROVEEDOR 05112,SHA
10005113,BENEFICIARIO 05113,001000005113,PEN,3742.99,BINPPEPLXXX,PAGO PROVEEDOR 05113,OUR
10005114,BENEFICIARIO 05114,001000005114,PEN,3743.72,SCBLPEPLXXX,PAGO PROVEEDOR 05114,BEN
10005115,BENEFICIARIO 05115,001000005115,USD,3744.45,CITIPEPLXXX,PAGO PROVEEDOR 05115,SHA
10005116,BENEFICIARIO 05116,001000005116,PEN,3745.18,BCPLPEPLXXX,PAGO PROVEEDOR 05116,OUR
10005117,BENEFICIARIO 05117,001000005117,PEN,3745.91,BINPPEPLXXX,PAGO PROVEEDOR 05117,BEN
10005118,BENEFICIARIO 05118,001000005118,PEN,3746.64,SCBLPEPLXXX,PAGO PROVEEDOR 05118,SHA
10005119,BENEFICIARIO 05119,001000005119,PEN,3747.37,CITIPEPLXXX,PAGO PROVEEDOR 05119,OUR
10005120,BENEFICIARIO 05120,001000005120,USD,3748.10,BCPLPEPLXXX,PAGO PROVEEDOR 05120,BEN
10005121,BENEFICIARIO 05121,001000005121,PEN,3748.83,BINPPEPLXXX,PAGO PROVEEDOR 05121,SHA
10005122,BENEFICIARIO 05122,001000005122,PEN,3749.56,SCBLPEPLXXX,PAGO PROVEEDOR 05122,OUR
10005123,BENEFICIARIO 05123,001000005123,PEN,3750.29,CITIPEPLXXX,PAGO PROVEEDOR 05123,BEN
10005124,BENEFICIARIO 05124,001000005124,PEN,3751.02,BCPLPEPLXXX,PAGO PROVEEDOR 05124,SHA
10005125,BENEFICIARIO 05125,001000005125,USD,3751.75,BINPPEPLXXX,PAGO PROVEEDOR 05125,OUR
10005126,BENEFICIARIO 05126,001000005126,PEN,3752.48,SCBLPEPLXXX,PAGO PROVEEDOR 05126,BEN
10005127,BENEFICIARIO 05127,001000005127,PEN,3753.21,CITIPEPLXXX,PAGO PROVEEDOR 05127,SHA
10005128,BENEFICIARIO 05128,001000005128,PEN,3753.94,BCPLPEPLXXX,PAGO PROVEEDOR 05128,OUR
10005129,BENEFICIARIO 05129,001000005129,PEN,3754.67,BINPPEPLXXX,PAGO PROVEEDOR 05129,BEN
10005130,BENEFICIARIO 05130,001000005130,USD,3755.40,SCBLPEPLXXX,PAGO PROVEEDOR 05130,SHA
10005131,BENEFICIARIO 05131,001000005131,PEN,3756.13,CITIPEPLXXX,PAGO PROVEEDOR 05131,OUR
10005132,BENEFICIARIO 05132,001000005132,PEN,3756.86,BCPLPEPLXXX,PAGO PROVEEDOR 05132,BEN
10005133,BENEFICIARIO 05133,001000005133,PEN,3757.59,BINPPEPLXXX,PAGO PROVEEDOR 05133,SHA
10005134,BENEFICIARIO 05134,001000005134,PEN,3758.32,SCBLPEPLXXX,PAGO PROVEEDOR 05134,OUR
10005135,BENEFICIARIO 05135,001000005135,USD,3759.05,CITIPEPLXXX,PAGO PROVEEDOR 05135,BEN
10005136,BENEFICIARIO 05136,001000005136,PEN,3759.78,BCPLPEPLXXX,PAGO PROVEEDOR 05136,SHA
10005137,BENEFICIARIO 05137,001000005137,PEN,3760.51,BINPPEPLXXX,PAGO PROVEEDOR 05137,OUR
10005138,BENEFICIARIO 05138,001000005138,PEN,3761.24,SCBLPEPLXXX,PAGO PROVEEDOR 05138,BEN
10005139,BENEFICIARIO 05139,001000005139,PEN,3761.97,CITIPEPLXXX,PAGO PROVEEDOR 05139,SHA
10005140,BENEFICIARIO 05140,001000005140,USD,3762.70,BCPLPEPLXXX,PAGO PROVEEDOR 05140,OUR
10005141,BENEFICIARIO 05141,001000005141,PEN,3763.43,BINPPEPLXXX,PAGO PROVEEDOR 05141,BEN
10005142,BENEFICIARIO 05142,001000005142,PEN,3764.16,SCBLPEPLXXX,PAGO PROVEEDOR 05142,SHA
10005143,BENEFICIARIO 05143,001000005143,PEN,3764.89,CITIPEPLXXX,PAGO PROVEEDOR 05143,OUR
10005144,BENEFICIARIO 05144,001000005144,PEN,3765.62,BCPLPEPLXXX,PAGO PROVEEDOR 05144,BEN
10005145,BENEFICIARIO 05145,001000005145,USD,3766.35,BINPPEPLXXX,PAGO PROVEEDOR 05145,SHA
10005146,BENEFICIARIO 05146,001000005146,PEN,3767.08,SCBLPEPLXXX,PAGO PROVEEDOR 05146,OUR
10005147,BENEFICIARIO 05147,001000005147,PEN,3767.81,CITIPEPLXXX,PAGO PROVEEDOR 05147,BEN
10005148,BENEFICIARIO 05148,001000005148,PEN,3768.54,BCPLPEPLXXX,PAGO PROVEEDOR 05148,SHA
10005149,BENEFICIARIO 05149,001000005149,PEN,3769.27,BINPPEPLXXX,PAGO PROVEEDOR 05149,OUR
10005150,BENEFICIARIO 05150,001000005150,USD,3770.00,SCBLPEPLXXX,PAGO PROVEEDOR 05150,BEN
10005151,BENEFICIARIO 05151,001000005151,PEN,3770.73,CITIPEPLXXX,PAGO PROVEEDOR 05151,SHA
10005152,BENEFICIARIO 05152,001000005152,PEN,3771.46,BCPLPEPLXXX,PAGO PROVEEDOR 05152,OUR
10005153,BENEFICIARIO 05153,001000005153,PEN,3772.19,BINPPEPLXXX,PAGO PROVEEDOR 05153,BEN
10005154,BENEFICIARIO 05154,001000005154,PEN,3772.92,SCBLPEPLXXX,PAGO PROVEEDOR 05154,SHA
10005155,BENEFICIARIO 05155,001000005155,USD,3773.65,CITIPEPLXXX,PAGO PROVEEDOR 05155,OUR
10005156,BENEFICIARIO 05156,001000005156,PEN,3774.38,BCPLPEPLXXX,PAGO PROVEEDOR 05156,BEN
10005157,BENEFICIARIO 05157,001000005157,PEN,3775.11,BINPPEPLXXX,PAGO PROVEEDOR 05157,SHA
10005158,BENEFICIARIO 05158,001000005158,PEN,3775.84,SCBLPEPLXXX,PAGO PROVEEDOR 05158,OUR
10005159,BENEFICIARIO 05159,001000005159,PEN,3776.57,CITIPEPLXXX,PAGO PROVEEDOR 05159,BEN
10005160,BENEFICIARIO 05160,001000005160,USD,3777.30,BCPLPEPLXXX,PAGO PROVEEDOR 05160,SHA
10005161,BENEFICIARIO 05161,001000005161,PEN,3778.03,BINPPEPLXXX,PAGO PROVEEDOR 05161,OUR
10005162,BENEFICIARIO 05162,001000005162,PEN,3778.76,SCBLPEPLXXX,PAGO PROVEEDOR 05162,BEN
10005163,BENEFICIARIO 05163,001000005163,PEN,3779.49,CITIPEPLXXX,PAGO PROVEEDOR 05163,SHA
10005164,BENEFICIARIO 05164,001000005164,PEN,3780.22,BCPLPEPLXXX,PAGO PROVEEDOR 05164,OUR
10005165,BENEFICIARIO 05165,001000005165,USD,3780.95,BINPPEPLXXX,PAGO PROVEEDOR 05165,BEN
10005166,BENEFICIARIO 05166,001000005166,PEN,3781.68,SCBLPEPLXXX,PAGO PROVEEDOR 05166,SHA
10005167,BENEFICIARIO 05167,001000005167,PEN,3782.41,CITIPEPLXXX,PAGO PROVEEDOR 05167,OUR
10005168,BENEFICIARIO 05168,001000005168,PEN,3783.14,BCPLPEPLXXX,PAGO PROVEEDOR 05168,BEN
10005169,BENEFICIARIO 05169,001000005169,PEN,3783.87,BINPPEPLXXX,PAGO PROVEEDOR 05169,SHA
10005170,BENEFICIARIO 05170,001000005170,USD,3784.60,SCBLPEPLXXX,PAGO PROVEEDOR 05170,OUR
10005171,BENEFICIARIO 05171,001000005171,PEN,3785.33,CITIPEPLXXX,PAGO PROVEEDOR 05171,BEN
10005172,BENEFICIARIO 05172,001000005172,PEN,3786.06,BCPLPEPLXXX,PAGO PROVEEDOR 05172,SHA
10005173,BENEFICIARIO 05173,001000005173,PEN,3786.79,BINPPEPLXXX,PAGO PROVEEDOR 05173,OUR
10005174,BENEFICIARIO 05174,001000005174,PEN,3787.52,SCBLPEPLXXX,PAGO PROVEEDOR 05174,BEN
10005175,BENEFICIARIO 05175,001000005175,USD,3788.25,CITIPEPLXXX,PAGO PROVEEDOR 05175,SHA
10005176,BENEFICIARIO 05176,001000005176,PEN,3788.98,BCPLPEPLXXX,PAGO PROVEEDOR 05176,OUR
10005177,BENEFICIARIO 05177,001000005177,PEN,3789.71,BINPPEPLXXX,PAGO PROVEEDOR 05177,BEN
10005178,BENEFICIARIO 05178,001000005178,PEN,3790.44,SCBLPEPLXXX,PAGO PROVEEDOR 05178,SHA
10005179,BENEFICIARIO 05179,001000005179,PEN,3791.17,CITIPEPLXXX,PAGO PROVEEDOR 05179,OUR
10005180,BENEFICIARIO 05180,001000005180,USD,3791.90,BCPLPEPLXXX,PAGO PROVEEDOR 05180,BEN
10005181,BENEFICIARIO 05181,001000005181,PEN,3792.63,BINPPEPLXXX,PAGO PROVEEDOR 05181,SHA
10005182,BENEFICIARIO 05182,001000005182,PEN,3793.36,SCBLPEPLXXX,PAGO PROVEEDOR 05182,OUR
10005183,BENEFICIARIO 05183,001000005183,PEN,3794.09,CITIPEPLXXX,PAGO PROVEEDOR 05183,BEN
10005184,BENEFICIARIO 05184,001000005184,PEN,3794.82,BCPLPEPLXXX,PAGO PROVEEDOR 05184,SHA
10005185,BENEFICIARIO 05185,001000005185,USD,3795.55,BINPPEPLXXX,PAGO PROVEEDOR 05185,OUR
10005186,BENEFICIARIO 05186,001000005186,PEN,3796.28,SCBLPEPLXXX,PAGO PROVEEDOR 05186,BEN
10005187,BENEFICIARIO 05187,001000005187,PEN,3797.01,CITIPEPLXXX,PAGO PROVEEDOR 05187,SHA
10005188,BENEFICIARIO 05188,001000005188,PEN,3797.74,BCPLPEPLXXX,PAGO PROVEEDOR 05188,OUR
10005189,BENEFICIARIO 05189,001000005189,PEN,3798.47,BINPPEPLXXX,PAGO PROVEEDOR 05189,BEN
10005190,BENEFICIARIO 05190,001000005190,USD,3799.20,SCBLPEPLXXX,PAGO PROVEEDOR 05190,SHA
10005191,BENEFICIARIO 05191,001000005191,PEN,3799.93,CITIPEPLXXX,PAGO PROVEEDOR 05191,OUR
10005192,BENEFICIARIO 05192,001000005192,PEN,3800.66,BCPLPEPLXXX,PAGO PROVEEDOR 05192,BEN
10005193,BENEFICIARIO 05193,001000005193,PEN,3801.39,BINPPEPLXXX,PAGO PROVEEDOR 05193,SHA
10005194,BENEFICIARIO 05194,001000005194,PEN,3802.12,SCBLPEPLXXX,PAGO PROVEEDOR 05194,OUR
10005195,BENEFICIARIO 05195,001000005195,USD,3802.85,CITIPEPLXXX,PAGO PROVEEDOR 05195,BEN
10005196,BENEFICIARIO 05196,001000005196,PEN,3803.58,BCPLPEPLXXX,PAGO PROVEEDOR 05196,SHA
10005197,BENEFICIARIO 05197,001000005197,PEN,3804.31,BINPPEPLXXX,PAGO PROVEEDOR 05197,OUR
10005198,BENEFICIARIO 05198,001000005198,PEN,3805.04,SCBLPEPLXXX,PAGO PROVEEDOR 05198,BEN
10005199,BENEFICIARIO 05199,001000005199,PEN,3805.77,CITIPEPLXXX,PAGO PROVEEDOR 05199,SHA
10005200,BENEFICIARIO 05200,001000005200,USD,3806.50,BCPLPEPLXXX,PAGO PROVEEDOR 05200,OUR
10005201,BENEFICIARIO 05201,001000005201,PEN,3807.23,BINPPEPLXXX,PAGO PROVEEDOR 05201,BEN
10005202,BENEFICIARIO 05202,001000005202,PEN,3807.96,SCBLPEPLXXX,PAGO PROVEEDOR 05202,SHA
10005203,BENEFICIARIO 05203,001000005203,PEN,3808.69,CITIPEPLXXX,PAGO PROVEEDOR 05203,OUR
10005204,BENEFICIARIO 05204,001000005204,PEN,3809.42,BCPLPEPLXXX,PAGO PROVEEDOR 05204,BEN
10005205,BENEFICIARIO 05205,001000005205,USD,3810.15,BINPPEPLXXX,PAGO PROVEEDOR 05205,SHA
10005206,BENEFICIARIO 05206,001000005206,PEN,3810.88,SCBLPEPLXXX,PAGO PROVEEDOR 05206,OUR
10005207,BENEFICIARIO 05207,001000005207,PEN,3811.61,CITIPEPLXXX,PAGO PROVEEDOR 05207,BEN
10005208,BENEFICIARIO 05208,001000005208,PEN,3812.34,BCPLPEPLXXX,PAGO PROVEEDOR 05208,SHA
10005209,BENEFICIARIO 05209,001000005209,PEN,3813.07,BINPPEPLXXX,PAGO PROVEEDOR 05209,OUR
10005210,BENEFICIARIO 05210,001000005210,USD,3813.80,SCBLPEPLXXX,PAGO PROVEEDOR 05210,BEN
10005211,BENEFICIARIO 05211,001000005211,PEN,3814.53,CITIPEPLXXX,PAGO PROVEEDOR 05211,SHA
10005212,BENEFICIARIO 05212,001000005212,PEN,3815.26,BCPLPEPLXXX,PAGO PROVEEDOR 05212,OUR
10005213,BENEFICIARIO 05213,001000005213,PEN,3815.99,BINPPEPLXXX,PAGO PROVEEDOR 05213,BEN
10005214,BENEFICIARIO 05214,001000005214,PEN,3816.72,SCBLPEPLXXX,PAGO PROVEEDOR 05214,SHA
10005215,BENEFICIARIO 05215,001000005215,USD,3817.45,CITIPEPLXXX,PAGO PROVEEDOR 05215,OUR
10005216,BENEFICIARIO 05216,001000005216,PEN,3818.18,BCPLPEPLXXX,PAGO PROVEEDOR 05216,BEN
10005217,BENEFICIARIO 05217,001000005217,PEN,3818.91,BINPPEPLXXX,PAGO PROVEEDOR 05217,SHA
10005218,BENEFICIARIO 05218,001000005218,PEN,3819.64,SCBLPEPLXXX,PAGO PROVEEDOR 05218,OUR
10005219,BENEFICIARIO 05219,001000005219,PEN,3820.37,CITIPEPLXXX,PAGO PROVEEDOR 05219,BEN
10005220,BENEFICIARIO 05220,001000005220,USD,3821.10,BCPLPEPLXXX,PAGO PROVEEDOR 05220,SHA
10005221,BENEFICIARIO 05221,001000005221,PEN,3821.83,BINPPEPLXXX,PAGO PROVEEDOR 05221,OUR
10005222,BENEFICIARIO 05222,001000005222,PEN,3822.56,SCBLPEPLXXX,PAGO PROVEEDOR 05222,BEN
10005223,BENEFICIARIO 05223,001000005223,PEN,3823.29,CITIPEPLXXX,PAGO PROVEEDOR 05223,SHA
10005224,BENEFICIARIO 05224,001000005224,PEN,3824.02,BCPLPEPLXXX,PAGO PROVEEDOR 05224,OUR
10005225,BENEFICIARIO 05225,001000005225,USD,3824.75,BINPPEPLXXX,PAGO PROVEEDOR 05225,BEN
10005226,BENEFICIARIO 05226,001000005226,PEN,3825.48,SCBLPEPLXXX,PAGO PROVEEDOR 05226,SHA
10005227,BENEFICIARIO 05227,001000005227,PEN,3826.21,CITIPEPLXXX,PAGO PROVEEDOR 05227,OUR
10005228,BENEFICIARIO 05228,001000005228,PEN,3826.94,BCPLPEPLXXX,PAGO PROVEEDOR 05228,BEN
10005229,BENEFICIARIO 05229,001000005229,PEN,3827.67,BINPPEPLXXX,PAGO PROVEEDOR 05229,SHA
10005230,BENEFICIARIO 05230,001000005230,USD,3828.40,SCBLPEPLXXX,PAGO PROVEEDOR 05230,OUR
10005231,BENEFICIARIO 05231,001000005231,PEN,3829.13,CITIPEPLXXX,PAGO PROVEEDOR 05231,BEN
10005232,BENEFICIARIO 05232,001000005232,PEN,3829.86,BCPLPEPLXXX,PAGO PROVEEDOR 05232,SHA
10005233,BENEFICIARIO 05233,001000005233,PEN,3830.59,BINPPEPLXXX,PAGO PROVEEDOR 05233,OUR
10005234,BENEFICIARIO 05234,001000005234,PEN,3831.32,SCBLPEPLXXX,PAGO PROVEEDOR 05234,BEN
10005235,BENEFICIARIO 05235,001000005235,USD,3832.05,CITIPEPLXXX,PAGO PROVEEDOR 05235,SHA
10005236,BENEFICIARIO 05236,001000005236,PEN,3832.78,BCPLPEPLXXX,PAGO PROVEEDOR 05236,OUR
10005237,BENEFICIARIO 05237,001000005237,PEN,3833.51,BINPPEPLXXX,PAGO PROVEEDOR 05237,BEN
10005238,BENEFICIARIO 05238,001000005238,PEN,3834.24,SCBLPEPLXXX,PAGO PROVEEDOR 05238,SHA
10005239,BENEFICIARIO 05239,001000005239,PEN,3834.97,CITIPEPLXXX,PAGO PROVEEDOR 05239,OUR
10005240,BENEFICIARIO 05240,001000005240,USD,3835.70,BCPLPEPLXXX,PAGO PROVEEDOR 05240,BEN
10005241,BENEFICIARIO 05241,001000005241,PEN,3836.43,BINPPEPLXXX,PAGO PROVEEDOR 05241,SHA
10005242,BENEFICIARIO 05242,001000005242,PEN,3837.16,SCBLPEPLXXX,PAGO PROVEEDOR 05242,OUR
10005243,BENEFICIARIO 05243,001000005243,PEN,3837.89,CITIPEPLXXX,PAGO PROVEEDOR 05243,BEN
10005244,BENEFICIARIO 05244,001000005244,PEN,3838.62,BCPLPEPLXXX,PAGO PROVEEDOR 05244,SHA
10005245,BENEFICIARIO 05245,001000005245,USD,3839.35,BINPPEPLXXX,PAGO PROVEEDOR 05245,OUR
10005246,BENEFICIARIO 05246,001000005246,PEN,3840.08,SCBLPEPLXXX,PAGO PROVEEDOR 05246,BEN
10005247,BENEFICIARIO 05247,001000005247,PEN,3840.81,CITIPEPLXXX,PAGO PROVEEDOR 05247,SHA
10005248,BENEFICIARIO 05248,001000005248,PEN,3841.54,BCPLPEPLXXX,PAGO PROVEEDOR 05248,OUR
10005249,BENEFICIARIO 05249,001000005249,PEN,3842.27,BINPPEPLXXX,PAGO PROVEEDOR 05249,BEN
10005250,BENEFICIARIO 05250,001000005250,USD,3843.00,SCBLPEPLXXX,PAGO PROVEEDOR 05250,SHA
10005251,BENEFICIARIO 05251,001000005251,PEN,3843.73,CITIPEPLXXX,PAGO PROVEEDOR 05251,OUR
10005252,BENEFICIARIO 05252,001000005252,PEN,3844.46,BCPLPEPLXXX,PAGO PROVEEDOR 05252,BEN
10005253,BENEFICIARIO 05253,001000005253,PEN,3845.19,BINPPEPLXXX,PAGO PROVEEDOR 05253,SHA
10005254,BENEFICIARIO 05254,001000005254,PEN,3845.92,SCBLPEPLXXX,PAGO PROVEEDOR 05254,OUR
10005255,BENEFICIARIO 05255,001000005255,USD,3846.65,CITIPEPLXXX,PAGO PROVEEDOR 05255,BEN
10005256,BENEFICIARIO 05256,001000005256,PEN,3847.38,BCPLPEPLXXX,PAGO PROVEEDOR 05256,SHA
10005257,BENEFICIARIO 05257,001000005257,PEN,3848.11,BINPPEPLXXX,PAGO PROVEEDOR 05257,OUR
10005258,BENEFICIARIO 05258,001000005258,PEN,3848.84,SCBLPEPLXXX,PAGO PROVEEDOR 05258,BEN
10005259,BENEFICIARIO 05259,001000005259,PEN,3849.57,CITIPEPLXXX,PAGO PROVEEDOR 05259,SHA
10005260,BENEFICIARIO 05260,001000005260,USD,3850.30,BCPLPEPLXXX,PAGO PROVEEDOR 05260,OUR
10005261,BENEFICIARIO 05261,001000005261,PEN,3851.03,BINPPEPLXXX,PAGO PROVEEDOR 05261,BEN
10005262,BENEFICIARIO 05262,001000005262,PEN,3851.76,SCBLPEPLXXX,PAGO PROVEEDOR 05262,SHA
10005263,BENEFICIARIO 05263,001000005263,PEN,3852.49,CITIPEPLXXX,PAGO PROVEEDOR 05263,OUR
10005264,BENEFICIARIO 05264,001000005264,PEN,3853.22,BCPLPEPLXXX,PAGO PROVEEDOR 05264,BEN
10005265,BENEFICIARIO 05265,001000005265,USD,3853.95,BINPPEPLXXX,PAGO PROVEEDOR 05265,SHA
10005266,BENEFICIARIO 05266,001000005266,PEN,3854.68,SCBLPEPLXXX,PAGO PROVEEDOR 05266,OUR
10005267,BENEFICIARIO 05267,001000005267,PEN,3855.41,CITIPEPLXXX,PAGO PROVEEDOR 05267,BEN
10005268,BENEFICIARIO 05268,001000005268,PEN,3856.14,BCPLPEPLXXX,PAGO PROVEEDOR 05268,SHA
10005269,BENEFICIARIO 05269,001000005269,PEN,3856.87,BINPPEPLXXX,PAGO PROVEEDOR 05269,OUR
10005270,BENEFICIARIO 05270,001000005270,USD,3857.60,SCBLPEPLXXX,PAGO PROVEEDOR 05270,BEN
10005271,BENEFICIARIO 05271,001000005271,PEN,3858.33,CITIPEPLXXX,PAGO PROVEEDOR 05271,SHA
10005272,BENEFICIARIO 05272,001000005272,PEN,3859.06,BCPLPEPLXXX,PAGO PROVEEDOR 05272,OUR
10005273,BENEFICIARIO 05273,001000005273,PEN,3859.79,BINPPEPLXXX,PAGO PROVEEDOR 05273,BEN
10005274,BENEFICIARIO 05274,001000005274,PEN,3860.52,SCBLPEPLXXX,PAGO PROVEEDOR 05274,SHA
10005275,BENEFICIARIO 05275,001000005275,USD,3861.25,CITIPEPLXXX,PAGO PROVEEDOR 05275,OUR
10005276,BENEFICIARIO 05276,001000005276,PEN,3861.98,BCPLPEPLXXX,PAGO PROVEEDOR 05276,BEN
10005277,BENEFICIARIO 05277,001000005277,PEN,3862.71,BINPPEPLXXX,PAGO PROVEEDOR 05277,SHA
10005278,BENEFICIARIO 05278,001000005278,PEN,3863.44,SCBLPEPLXXX,PAGO PROVEEDOR 05278,OUR
10005279,BENEFICIARIO 05279,001000005279,PEN,3864.17,CITIPEPLXXX,PAGO PROVEEDOR 05279,BEN
10005280,BENEFICIARIO 05280,001000005280,USD,3864.90,BCPLPEPLXXX,PAGO PROVEEDOR 05280,SHA
10005281,BENEFICIARIO 05281,001000005281,PEN,3865.63,BINPPEPLXXX,PAGO PROVEEDOR 05281,OUR
10005282,BENEFICIARIO 05282,001000005282,PEN,3866.36,SCBLPEPLXXX,PAGO PROVEEDOR 05282,BEN
10005283,BENEFICIARIO 05283,001000005283,PEN,3867.09,CITIPEPLXXX,PAGO PROVEEDOR 05283,SHA
10005284,BENEFICIARIO 05284,001000005284,PEN,3867.82,BCPLPEPLXXX,PAGO PROVEEDOR 05284,OUR
10005285,BENEFICIARIO 05285,001000005285,USD,3868.55,BINPPEPLXXX,PAGO PROVEEDOR 05285,BEN
10005286,BENEFICIARIO 05286,001000005286,PEN,3869.28,SCBLPEPLXXX,PAGO PROVEEDOR 05286,SHA
10005287,BENEFICIARIO 05287,001000005287,PEN,3870.01,CITIPEPLXXX,PAGO PROVEEDOR 05287,OUR
10005288,BENEFICIARIO 05288,001000005288,PEN,3870.74,BCPLPEPLXXX,PAGO PROVEEDOR 05288,BEN
10005289,BENEFICIARIO 05289,001000005289,PEN,3871.47,BINPPEPLXXX,PAGO PROVEEDOR 05289,SHA
10005290,BENEFICIARIO 05290,001000005290,USD,3872.20,SCBLPEPLXXX,PAGO PROVEEDOR 05290,OUR
10005291,BENEFICIARIO 05291,001000005291,PEN,3872.93,CITIPEPLXXX,PAGO PROVEEDOR 05291,BEN
10005292,BENEFICIARIO 05292,001000005292,PEN,3873.66,BCPLPEPLXXX,PAGO PROVEEDOR 05292,SHA
10005293,BENEFICIARIO 05293,001000005293,PEN,3874.39,BINPPEPLXXX,PAGO PROVEEDOR 05293,OUR
10005294,BENEFICIARIO 05294,001000005294,PEN,3875.12,SCBLPEPLXXX,PAGO PROVEEDOR 05294,BEN
10005295,BENEFICIARIO 05295,001000005295,USD,3875.85,CITIPEPLXXX,PAGO PROVEEDOR 05295,SHA
10005296,BENEFICIARIO 05296,001000005296,PEN,3876.58,BCPLPEPLXXX,PAGO PROVEEDOR 05296,OUR
10005297,BENEFICIARIO 05297,001000005297,PEN,3877.31,BINPPEPLXXX,PAGO PROVEEDOR 05297,BEN
10005298,BENEFICIARIO 05298,001000005298,PEN,3878.04,SCBLPEPLXXX,PAGO PROVEEDOR 05298,SHA
10005299,BENEFICIARIO 05299,001000005299,PEN,3878.77,CITIPEPLXXX,PAGO PROVEEDOR 05299,OUR
10005300,BENEFICIARIO 05300,001000005300,USD,3879.50,BCPLPEPLXXX,PAGO PROVEEDOR 05300,BEN
10005301,BENEFICIARIO 05301,001000005301,PEN,3880.23,BINPPEPLXXX,PAGO PROVEEDOR 05301,SHA
10005302,BENEFICIARIO 05302,001000005302,PEN,3880.96,SCBLPEPLXXX,PAGO PROVEEDOR 05302,OUR
10005303,BENEFICIARIO 05303,001000005303,PEN,3881.69,CITIPEPLXXX,PAGO PROVEEDOR 05303,BEN
10005304,BENEFICIARIO 05304,001000005304,PEN,3882.42,BCPLPEPLXXX,PAGO PROVEEDOR 05304,SHA
10005305,BENEFICIARIO 05305,001000005305,USD,3883.15,BINPPEPLXXX,PAGO PROVEEDOR 05305,OUR
10005306,BENEFICIARIO 05306,001000005306,PEN,3883.88,SCBLPEPLXXX,PAGO PROVEEDOR 05306,BEN
10005307,BENEFICIARIO 05307,001000005307,PEN,3884.61,CITIPEPLXXX,PAGO PROVEEDOR 05307,SHA
10005308,BENEFICIARIO 05308,001000005308,PEN,3885.34,BCPLPEPLXXX,PAGO PROVEEDOR 05308,OUR
10005309,BENEFICIARIO 05309,001000005309,PEN,3886.07,BINPPEPLXXX,PAGO PROVEEDOR 05309,BEN
10005310,BENEFICIARIO 05310,001000005310,USD,3886.80,SCBLPEPLXXX,PAGO PROVEEDOR 05310,SHA
10005311,BENEFICIARIO 05311,001000005311,PEN,3887.53,CITIPEPLXXX,PAGO PROVEEDOR 05311,OUR
10005312,BENEFICIARIO 05312,001000005312,PEN,3888.26,BCPLPEPLXXX,PAGO PROVEEDOR 05312,BEN
10005313,BENEFICIARIO 05313,001000005313,PEN,3888.99,BINPPEPLXXX,PAGO PROVEEDOR 05313,SHA
10005314,BENEFICIARIO 05314,001000005314,PEN,3889.72,SCBLPEPLXXX,PAGO PROVEEDOR 05314,OUR
10005315,BENEFICIARIO 05315,001000005315,USD,3890.45,CITIPEPLXXX,PAGO PROVEEDOR 05315,BEN
10005316,BENEFICIARIO 05316,001000005316,PEN,3891.18,BCPLPEPLXXX,PAGO PROVEEDOR 05316,SHA
10005317,BENEFICIARIO 05317,001000005317,PEN,3891.91,BINPPEPLXXX,PAGO PROVEEDOR 05317,OUR
10005318,BENEFICIARIO 05318,001000005318,PEN,3892.64,SCBLPEPLXXX,PAGO PROVEEDOR 05318,BEN
10005319,BENEFICIARIO 05319,001000005319,PEN,3893.37,CITIPEPLXXX,PAGO PROVEEDOR 05319,SHA
10005320,BENEFICIARIO 05320,001000005320,USD,3894.10,BCPLPEPLXXX,PAGO PROVEEDOR 05320,OUR
10005321,BENEFICIARIO 05321,001000005321,PEN,3894.83,BINPPEPLXXX,PAGO PROVEEDOR 05321,BEN
10005322,BENEFICIARIO 05322,001000005322,PEN,3895.56,SCBLPEPLXXX,PAGO PROVEEDOR 05322,SHA
10005323,BENEFICIARIO 05323,001000005323,PEN,3896.29,CITIPEPLXXX,PAGO PROVEEDOR 05323,OUR
10005324,BENEFICIARIO 05324,001000005324,PEN,3897.02,BCPLPEPLXXX,PAGO PROVEEDOR 05324,BEN
10005325,BENEFICIARIO 05325,001000005325,USD,3897.75,BINPPEPLXXX,PAGO PROVEEDOR 05325,SHA
10005326,BENEFICIARIO 05326,001000005326,PEN,3898.48,SCBLPEPLXXX,PAGO PROVEEDOR 05326,OUR
10005327,BENEFICIARIO 05327,001000005327,PEN,3899.21,CITIPEPLXXX,PAGO PROVEEDOR 05327,BEN
10005328,BENEFICIARIO 05328,001000005328,PEN,3899.94,BCPLPEPLXXX,PAGO PROVEEDOR 05328,SHA
10005329,BENEFICIARIO 05329,001000005329,PEN,3900.67,BINPPEPLXXX,PAGO PROVEEDOR 05329,OUR
10005330,BENEFICIARIO 05330,001000005330,USD,3901.40,SCBLPEPLXXX,PAGO PROVEEDOR 05330,BEN
10005331,BENEFICIARIO 05331,001000005331,PEN,3902.13,CITIPEPLXXX,PAGO PROVEEDOR 05331,SHA
10005332,BENEFICIARIO 05332,001000005332,PEN,3902.86,BCPLPEPLXXX,PAGO PROVEEDOR 05332,OUR
10005333,BENEFICIARIO 05333,001000005333,PEN,3903.59,BINPPEPLXXX,PAGO PROVEEDOR 05333,BEN
10005334,BENEFICIARIO 05334,001000005334,PEN,3904.32,SCBLPEPLXXX,PAGO PROVEEDOR 05334,SHA
10005335,BENEFICIARIO 05335,001000005335,USD,3905.05,CITIPEPLXXX,PAGO PROVEEDOR 05335,OUR
10005336,BENEFICIARIO 05336,001000005336,PEN,3905.78,BCPLPEPLXXX,PAGO PROVEEDOR 05336,BEN
10005337,BENEFICIARIO 05337,001000005337,PEN,3906.51,BINPPEPLXXX,PAGO PROVEEDOR 05337,SHA
10005338,BENEFICIARIO 05338,001000005338,PEN,3907.24,SCBLPEPLXXX,PAGO PROVEEDOR 05338,OUR
10005339,BENEFICIARIO 05339,001000005339,PEN,3907.97,CITIPEPLXXX,PAGO PROVEEDOR 05339,BEN
10005340,BENEFICIARIO 05340,001000005340,USD,3908.70,BCPLPEPLXXX,PAGO PROVEEDOR 05340,SHA
10005341,BENEFICIARIO 05341,001000005341,PEN,3909.43,BINPPEPLXXX,PAGO PROVEEDOR 05341,OUR
10005342,BENEFICIARIO 05342,001000005342,PEN,3910.16,SCBLPEPLXXX,PAGO PROVEEDOR 05342,BEN
10005343,BENEFICIARIO 05343,001000005343,PEN,3910.89,CITIPEPLXXX,PAGO PROVEEDOR 05343,SHA
10005344,BENEFICIARIO 05344,001000005344,PEN,3911.62,BCPLPEPLXXX,PAGO PROVEEDOR 05344,OUR
10005345,BENEFICIARIO 05345,001000005345,USD,3912.35,BINPPEPLXXX,PAGO PROVEEDOR 05345,BEN
10005346,BENEFICIARIO 05346,001000005346,PEN,3913.08,SCBLPEPLXXX,PAGO PROVEEDOR 05346,SHA
10005347,BENEFICIARIO 05347,001000005347,PEN,3913.81,CITIPEPLXXX,PAGO PROVEEDOR 05347,OUR
10005348,BENEFICIARIO 05348,001000005348,PEN,3914.54,BCPLPEPLXXX,PAGO PROVEEDOR 05348,BEN
10005349,BENEFICIARIO 05349,001000005349,PEN,3915.27,BINPPEPLXXX,PAGO PROVEEDOR 05349,SHA
10005350,BENEFICIARIO 05350,001000005350,USD,3916.00,SCBLPEPLXXX,PAGO PROVEEDOR 05350,OUR
10005351,BENEFICIARIO 05351,001000005351,PEN,3916.73,CITIPEPLXXX,PAGO PROVEEDOR 05351,BEN
10005352,BENEFICIARIO 05352,001000005352,PEN,3917.46,BCPLPEPLXXX,PAGO PROVEEDOR 05352,SHA
10005353,BENEFICIARIO 05353,001000005353,PEN,3918.19,BINPPEPLXXX,PAGO PROVEEDOR 05353,OUR
10005354,BENEFICIARIO 05354,001000005354,PEN,3918.92,SCBLPEPLXXX,PAGO PROVEEDOR 05354,BEN
10005355,BENEFICIARIO 05355,001000005355,USD,3919.65,CITIPEPLXXX,PAGO PROVEEDOR 05355,SHA
10005356,BENEFICIARIO 05356,001000005356,PEN,3920.38,BCPLPEPLXXX,PAGO PROVEEDOR 05356,OUR
10005357,BENEFICIARIO 05357,001000005357,PEN,3921.11,BINPPEPLXXX,PAGO PROVEEDOR 05357,BEN
10005358,BENEFICIARIO 05358,001000005358,PEN,3921.84,SCBLPEPLXXX,PAGO PROVEEDOR 05358,SHA
10005359,BENEFICIARIO 05359,001000005359,PEN,3922.57,CITIPEPLXXX,PAGO PROVEEDOR 05359,OUR
10005360,BENEFICIARIO 05360,001000005360,USD,3923.30,BCPLPEPLXXX,PAGO PROVEEDOR 05360,BEN
10005361,BENEFICIARIO 05361,001000005361,PEN,3924.03,BINPPEPLXXX,PAGO PROVEEDOR 05361,SHA
10005362,BENEFICIARIO 05362,001000005362,PEN,3924.76,SCBLPEPLXXX,PAGO PROVEEDOR 05362,OUR
10005363,BENEFICIARIO 05363,001000005363,PEN,3925.49,CITIPEPLXXX,PAGO PROVEEDOR 05363,BEN
10005364,BENEFICIARIO 05364,001000005364,PEN,3926.22,BCPLPEPLXXX,PAGO PROVEEDOR 05364,SHA
10005365,BENEFICIARIO 05365,001000005365,USD,3926.95,BINPPEPLXXX,PAGO PROVEEDOR 05365,OUR
10005366,BENEFICIARIO 05366,001000005366,PEN,3927.68,SCBLPEPLXXX,PAGO PROVEEDOR 05366,BEN
10005367,BENEFICIARIO 05367,001000005367,PEN,3928.41,CITIPEPLXXX,PAGO PROVEEDOR 05367,SHA
10005368,BENEFICIARIO 05368,001000005368,PEN,3929.14,BCPLPEPLXXX,PAGO PROVEEDOR 05368,OUR
10005369,BENEFICIARIO 05369,001000005369,PEN,3929.87,BINPPEPLXXX,PAGO PROVEEDOR 05369,BEN
10005370,BENEFICIARIO 05370,001000005370,USD,3930.60,SCBLPEPLXXX,PAGO PROVEEDOR 05370,SHA
10005371,BENEFICIARIO 05371,001000005371,PEN,3931.33,CITIPEPLXXX,PAGO PROVEEDOR 05371,OUR
10005372,BENEFICIARIO 05372,001000005372,PEN,3932.06,BCPLPEPLXXX,PAGO PROVEEDOR 05372,BEN
10005373,BENEFICIARIO 05373,001000005373,PEN,3932.79,BINPPEPLXXX,PAGO PROVEEDOR 05373,SHA
10005374,BENEFICIARIO 05374,001000005374,PEN,3933.52,SCBLPEPLXXX,PAGO PROVEEDOR 05374,OUR
10005375,BENEFICIARIO 05375,001000005375,USD,3934.25,CITIPEPLXXX,PAGO PROVEEDOR 05375,BEN
10005376,BENEFICIARIO 05376,001000005376,PEN,3934.98,BCPLPEPLXXX,PAGO PROVEEDOR 05376,SHA
10005377,BENEFICIARIO 05377,001000005377,PEN,3935.71,BINPPEPLXXX,PAGO PROVEEDOR 05377,OUR
10005378,BENEFICIARIO 05378,001000005378,PEN,3936.44,SCBLPEPLXXX,PAGO PROVEEDOR 05378,BEN
10005379,BENEFICIARIO 05379,001000005379,PEN,3937.17,CITIPEPLXXX,PAGO PROVEEDOR 05379,SHA
10005380,BENEFICIARIO 05380,001000005380,USD,3937.90,BCPLPEPLXXX,PAGO PROVEEDOR 05380,OUR
10005381,BENEFICIARIO 05381,001000005381,PEN,3938.63,BINPPEPLXXX,PAGO PROVEEDOR 05381,BEN
10005382,BENEFICIARIO 05382,001000005382,PEN,3939.36,SCBLPEPLXXX,PAGO PROVEEDOR 05382,SHA
10005383,BENEFICIARIO 05383,001000005383,PEN,3940.09,CITIPEPLXXX,PAGO PROVEEDOR 05383,OUR
10005384,BENEFICIARIO 05384,001000005384,PEN,3940.82,BCPLPEPLXXX,PAGO PROVEEDOR 05384,BEN
10005385,BENEFICIARIO 05385,001000005385,USD,3941.55,BINPPEPLXXX,PAGO PROVEEDOR 05385,SHA
10005386,BENEFICIARIO 05386,001000005386,PEN,3942.28,SCBLPEPLXXX,PAGO PROVEEDOR 05386,OUR
10005387,BENEFICIARIO 05387,001000005387,PEN,3943.01,CITIPEPLXXX,PAGO PROVEEDOR 05387,BEN
10005388,BENEFICIARIO 05388,001000005388,PEN,3943.74,BCPLPEPLXXX,PAGO PROVEEDOR 05388,SHA
10005389,BENEFICIARIO 05389,001000005389,PEN,3944.47,BINPPEPLXXX,PAGO PROVEEDOR 05389,OUR
10005390,BENEFICIARIO 05390,001000005390,USD,3945.20,SCBLPEPLXXX,PAGO PROVEEDOR 05390,BEN
10005391,BENEFICIARIO 05391,001000005391,PEN,3945.93,CITIPEPLXXX,PAGO PROVEEDOR 05391,SHA
10005392,BENEFICIARIO 05392,001000005392,PEN,3946.66,BCPLPEPLXXX,PAGO PROVEEDOR 05392,OUR
10005393,BENEFICIARIO 05393,001000005393,PEN,3947.39,BINPPEPLXXX,PAGO PROVEEDOR 05393,BEN
10005394,BENEFICIARIO 05394,001000005394,PEN,3948.12,SCBLPEPLXXX,PAGO PROVEEDOR 05394,SHA
10005395,BENEFICIARIO 05395,001000005395,USD,3948.85,CITIPEPLXXX,PAGO PROVEEDOR 05395,OUR
10005396,BENEFICIARIO 05396,001000005396,PEN,3949.58,BCPLPEPLXXX,PAGO PROVEEDOR 05396,BEN
10005397,BENEFICIARIO 05397,001000005397,PEN,3950.31,BINPPEPLXXX,PAGO PROVEEDOR 05397,SHA
10005398,BENEFICIARIO 05398,001000005398,PEN,3951.04,SCBLPEPLXXX,PAGO PROVEEDOR 05398,OUR
10005399,BENEFICIARIO 05399,001000005399,PEN,3951.77,CITIPEPLXXX,PAGO PROVEEDOR 05399,BEN
10005400,BENEFICIARIO 05400,001000005400,USD,3952.50,BCPLPEPLXXX,PAGO PROVEEDOR 05400,SHA
10005401,BENEFICIARIO 05401,001000005401,PEN,3953.23,BINPPEPLXXX,PAGO PROVEEDOR 05401,OUR
10005402,BENEFICIARIO 05402,001000005402,PEN,3953.96,SCBLPEPLXXX,PAGO PROVEEDOR 05402,BEN
10005403,BENEFICIARIO 05403,001000005403,PEN,3954.69,CITIPEPLXXX,PAGO PROVEEDOR 05403,SHA
10005404,BENEFICIARIO 05404,001000005404,PEN,3955.42,BCPLPEPLXXX,PAGO PROVEEDOR 05404,OUR
10005405,BENEFICIARIO 05405,001000005405,USD,3956.15,BINPPEPLXXX,PAGO PROVEEDOR 05405,BEN
10005406,BENEFICIARIO 05406,001000005406,PEN,3956.88,SCBLPEPLXXX,PAGO PROVEEDOR 05406,SHA
10005407,BENEFICIARIO 05407,001000005407,PEN,3957.61,CITIPEPLXXX,PAGO PROVEEDOR 05407,OUR
10005408,BENEFICIARIO 05408,001000005408,PEN,3958.34,BCPLPEPLXXX,PAGO PROVEEDOR 05408,BEN
10005409,BENEFICIARIO 05409,001000005409,PEN,3959.07,BINPPEPLXXX,PAGO PROVEEDOR 05409,SHA
10005410,BENEFICIARIO 05410,001000005410,USD,3959.80,SCBLPEPLXXX,PAGO PROVEEDOR 05410,OUR
10005411,BENEFICIARIO 05411,001000005411,PEN,3960.53,CITIPEPLXXX,PAGO PROVEEDOR 05411,BEN
10005412,BENEFICIARIO 05412,001000005412,PEN,3961.26,BCPLPEPLXXX,PAGO PROVEEDOR 05412,SHA
10005413,BENEFICIARIO 05413,001000005413,PEN,3961.99,BINPPEPLXXX,PAGO PROVEEDOR 05413,OUR
10005414,BENEFICIARIO 05414,001000005414,PEN,3962.72,SCBLPEPLXXX,PAGO PROVEEDOR 05414,BEN
10005415,BENEFICIARIO 05415,001000005415,USD,3963.45,CITIPEPLXXX,PAGO PROVEEDOR 05415,SHA
10005416,BENEFICIARIO 05416,001000005416,PEN,3964.18,BCPLPEPLXXX,PAGO PROVEEDOR 05416,OUR
10005417,BENEFICIARIO 05417,001000005417,PEN,3964.91,BINPPEPLXXX,PAGO PROVEEDOR 05417,BEN
10005418,BENEFICIARIO 05418,001000005418,PEN,3965.64,SCBLPEPLXXX,PAGO PROVEEDOR 05418,SHA
10005419,BENEFICIARIO 05419,001000005419,PEN,3966.37,CITIPEPLXXX,PAGO PROVEEDOR 05419,OUR
10005420,BENEFICIARIO 05420,001000005420,USD,3967.10,BCPLPEPLXXX,PAGO PROVEEDOR 05420,BEN
10005421,BENEFICIARIO 05421,001000005421,PEN,3967.83,BINPPEPLXXX,PAGO PROVEEDOR 05421,SHA
10005422,BENEFICIARIO 05422,001000005422,PEN,3968.56,SCBLPEPLXXX,PAGO PROVEEDOR 05422,OUR
10005423,BENEFICIARIO 05423,001000005423,PEN,3969.29,CITIPEPLXXX,PAGO PROVEEDOR 05423,BEN
10005424,BENEFICIARIO 05424,001000005424,PEN,3970.02,BCPLPEPLXXX,PAGO PROVEEDOR 05424,SHA
10005425,BENEFICIARIO 05425,001000005425,USD,3970.75,BINPPEPLXXX,PAGO PROVEEDOR 05425,OUR
10005426,BENEFICIARIO 05426,001000005426,PEN,3971.48,SCBLPEPLXXX,PAGO PROVEEDOR 05426,BEN
10005427,BENEFICIARIO 05427,001000005427,PEN,3972.21,CITIPEPLXXX,PAGO PROVEEDOR 05427,SHA
10005428,BENEFICIARIO 05428,001000005428,PEN,3972.94,BCPLPEPLXXX,PAGO PROVEEDOR 05428,OUR
10005429,BENEFICIARIO 05429,001000005429,PEN,3973.67,BINPPEPLXXX,PAGO PROVEEDOR 05429,BEN
10005430,BENEFICIARIO 05430,001000005430,USD,3974.40,SCBLPEPLXXX,PAGO PROVEEDOR 05430,SHA
10005431,BENEFICIARIO 05431,001000005431,PEN,3975.13,CITIPEPLXXX,PAGO PROVEEDOR 05431,OUR
10005432,BENEFICIARIO 05432,001000005432,PEN,3975.86,BCPLPEPLXXX,PAGO PROVEEDOR 05432,BEN
10005433,BENEFICIARIO 05433,001000005433,PEN,3976.59,BINPPEPLXXX,PAGO PROVEEDOR 05433,SHA
10005434,BENEFICIARIO 05434,001000005434,PEN,3977.32,SCBLPEPLXXX,PAGO PROVEEDOR 05434,OUR
10005435,BENEFICIARIO 05435,001000005435,USD,3978.05,CITIPEPLXXX,PAGO PROVEEDOR 05435,BEN
10005436,BENEFICIARIO 05436,001000005436,PEN,3978.78,BCPLPEPLXXX,PAGO PROVEEDOR 05436,SHA
10005437,BENEFICIARIO 05437,001000005437,PEN,3979.51,BINPPEPLXXX,PAGO PROVEEDOR 05437,OUR
10005438,BENEFICIARIO 05438,001000005438,PEN,3980.24,SCBLPEPLXXX,PAGO PROVEEDOR 05438,BEN
10005439,BENEFICIARIO 05439,001000005439,PEN,3980.97,CITIPEPLXXX,PAGO PROVEEDOR 05439,SHA
10005440,BENEFICIARIO 05440,001000005440,USD,3981.70,BCPLPEPLXXX,PAGO PROVEEDOR 05440,OUR
10005441,BENEFICIARIO 05441,001000005441,PEN,3982.43,BINPPEPLXXX,PAGO PROVEEDOR 05441,BEN
10005442,BENEFICIARIO 05442,001000005442,PEN,3983.16,SCBLPEPLXXX,PAGO PROVEEDOR 05442,SHA
10005443,BENEFICIARIO 05443,001000005443,PEN,3983.89,CITIPEPLXXX,PAGO PROVEEDOR 05443,OUR
10005444,BENEFICIARIO 05444,001000005444,PEN,3984.62,BCPLPEPLXXX,PAGO PROVEEDOR 05444,BEN
10005445,BENEFICIARIO 05445,001000005445,USD,3985.35,BINPPEPLXXX,PAGO PROVEEDOR 05445,SHA
10005446,BENEFICIARIO 05446,001000005446,PEN,3986.08,SCBLPEPLXXX,PAGO PROVEEDOR 05446,OUR
10005447,BENEFICIARIO 05447,001000005447,PEN,3986.81,CITIPEPLXXX,PAGO PROVEEDOR 05447,BEN
10005448,BENEFICIARIO 05448,001000005448,PEN,3987.54,BCPLPEPLXXX,PAGO PROVEEDOR 05448,SHA
10005449,BENEFICIARIO 05449,001000005449,PEN,3988.27,BINPPEPLXXX,PAGO PROVEEDOR 05449,OUR
10005450,BENEFICIARIO 05450,001000005450,USD,3989.00,SCBLPEPLXXX,PAGO PROVEEDOR 05450,BEN
10005451,BENEFICIARIO 05451,001000005451,PEN,3989.73,CITIPEPLXXX,PAGO PROVEEDOR 05451,SHA
10005452,BENEFICIARIO 05452,001000005452,PEN,3990.46,BCPLPEPLXXX,PAGO PROVEEDOR 05452,OUR
10005453,BENEFICIARIO 05453,001000005453,PEN,3991.19,BINPPEPLXXX,PAGO PROVEEDOR 05453,BEN
10005454,BENEFICIARIO 05454,001000005454,PEN,3991.92,SCBLPEPLXXX,PAGO PROVEEDOR 05454,SHA
10005455,BENEFICIARIO 05455,001000005455,USD,3992.65,CITIPEPLXXX,PAGO PROVEEDOR 05455,OUR
10005456,BENEFICIARIO 05456,001000005456,PEN,3993.38,BCPLPEPLXXX,PAGO PROVEEDOR 05456,BEN
10005457,BENEFICIARIO 05457,001000005457,PEN,3994.11,BINPPEPLXXX,PAGO PROVEEDOR 05457,SHA
10005458,BENEFICIARIO 05458,001000005458,PEN,3994.84,SCBLPEPLXXX,PAGO PROVEEDOR 05458,OUR
10005459,BENEFICIARIO 05459,001000005459,PEN,3995.57,CITIPEPLXXX,PAGO PROVEEDOR 05459,BEN
10005460,BENEFICIARIO 05460,001000005460,USD,3996.30,BCPLPEPLXXX,PAGO PROVEEDOR 05460,SHA
10005461,BENEFICIARIO 05461,001000005461,PEN,3997.03,BINPPEPLXXX,PAGO PROVEEDOR 05461,OUR
10005462,BENEFICIARIO 05462,001000005462,PEN,3997.76,SCBLPEPLXXX,PAGO PROVEEDOR 05462,BEN
10005463,BENEFICIARIO 05463,001000005463,PEN,3998.49,CITIPEPLXXX,PAGO PROVEEDOR 05463,SHA
10005464,BENEFICIARIO 05464,001000005464,PEN,3999.22,BCPLPEPLXXX,PAGO PROVEEDOR 05464,OUR
10005465,BENEFICIARIO 05465,001000005465,USD,3999.95,BINPPEPLXXX,PAGO PROVEEDOR 05465,BEN
10005466,BENEFICIARIO 05466,001000005466,PEN,4000.68,SCBLPEPLXXX,PAGO PROVEEDOR 05466,SHA
10005467,BENEFICIARIO 05467,001000005467,PEN,4001.41,CITIPEPLXXX,PAGO PROVEEDOR 05467,OUR
10005468,BENEFICIARIO 05468,001000005468,PEN,4002.14,BCPLPEPLXXX,PAGO PROVEEDOR 05468,BEN
10005469,BENEFICIARIO 05469,001000005469,PEN,4002.87,BINPPEPLXXX,PAGO PROVEEDOR 05469,SHA
10005470,BENEFICIARIO 05470,001000005470,USD,4003.60,SCBLPEPLXXX,PAGO PROVEEDOR 05470,OUR
10005471,BENEFICIARIO 05471,001000005471,PEN,4004.33,CITIPEPLXXX,PAGO PROVEEDOR 05471,BEN
10005472,BENEFICIARIO 05472,001000005472,PEN,4005.06,BCPLPEPLXXX,PAGO PROVEEDOR 05472,SHA
10005473,BENEFICIARIO 05473,001000005473,PEN,4005.79,BINPPEPLXXX,PAGO PROVEEDOR 05473,OUR
10005474,BENEFICIARIO 05474,001000005474,PEN,4006.52,SCBLPEPLXXX,PAGO PROVEEDOR 05474,BEN
10005475,BENEFICIARIO 05475,001000005475,USD,4007.25,CITIPEPLXXX,PAGO PROVEEDOR 05475,SHA
10005476,BENEFICIARIO 05476,001000005476,PEN,4007.98,BCPLPEPLXXX,PAGO PROVEEDOR 05476,OUR
10005477,BENEFICIARIO 05477,001000005477,PEN,4008.71,BINPPEPLXXX,PAGO PROVEEDOR 05477,BEN
10005478,BENEFICIARIO 05478,001000005478,PEN,4009.44,SCBLPEPLXXX,PAGO PROVEEDOR 05478,SHA
10005479,BENEFICIARIO 05479,001000005479,PEN,4010.17,CITIPEPLXXX,PAGO PROVEEDOR 05479,OUR
10005480,BENEFICIARIO 05480,001000005480,USD,4010.90,BCPLPEPLXXX,PAGO PROVEEDOR 05480,BEN
10005481,BENEFICIARIO 05481,001000005481,PEN,4011.63,BINPPEPLXXX,PAGO PROVEEDOR 05481,SHA
10005482,BENEFICIARIO 05482,001000005482,PEN,4012.36,SCBLPEPLXXX,PAGO PROVEEDOR 05482,OUR
10005483,BENEFICIARIO 05483,001000005483,PEN,4013.09,CITIPEPLXXX,PAGO PROVEEDOR 05483,BEN
10005484,BENEFICIARIO 05484,001000005484,PEN,4013.82,BCPLPEPLXXX,PAGO PROVEEDOR 05484,SHA
10005485,BENEFICIARIO 05485,001000005485,USD,4014.55,BINPPEPLXXX,PAGO PROVEEDOR 05485,OUR
10005486,BENEFICIARIO 05486,001000005486,PEN,4015.28,SCBLPEPLXXX,PAGO PROVEEDOR 05486,BEN
10005487,BENEFICIARIO 05487,001000005487,PEN,4016.01,CITIPEPLXXX,PAGO PROVEEDOR 05487,SHA
10005488,BENEFICIARIO 05488,001000005488,PEN,4016.74,BCPLPEPLXXX,PAGO PROVEEDOR 05488,OUR
10005489,BENEFICIARIO 05489,001000005489,PEN,4017.47,BINPPEPLXXX,PAGO PROVEEDOR 05489,BEN
10005490,BENEFICIARIO 05490,001000005490,USD,4018.20,SCBLPEPLXXX,PAGO PROVEEDOR 05490,SHA
10005491,BENEFICIARIO 05491,001000005491,PEN,4018.93,CITIPEPLXXX,PAGO PROVEEDOR 05491,OUR
10005492,BENEFICIARIO 05492,001000005492,PEN,4019.66,BCPLPEPLXXX,PAGO PROVEEDOR 05492,BEN
10005493,BENEFICIARIO 05493,001000005493,PEN,4020.39,BINPPEPLXXX,PAGO PROVEEDOR 05493,SHA
10005494,BENEFICIARIO 05494,001000005494,PEN,4021.12,SCBLPEPLXXX,PAGO PROVEEDOR 05494,OUR
10005495,BENEFICIARIO 05495,001000005495,USD,4021.85,CITIPEPLXXX,PAGO PROVEEDOR 05495,BEN
10005496,BENEFICIARIO 05496,001000005496,PEN,4022.58,BCPLPEPLXXX,PAGO PROVEEDOR 05496,SHA
10005497,BENEFICIARIO 05497,001000005497,PEN,4023.31,BINPPEPLXXX,PAGO PROVEEDOR 05497,OUR
10005498,BENEFICIARIO 05498,001000005498,PEN,4024.04,SCBLPEPLXXX,PAGO PROVEEDOR 05498,BEN
10005499,BENEFICIARIO 05499,001000005499,PEN,4024.77,CITIPEPLXXX,PAGO PROVEEDOR 05499,SHA
10005500,BENEFICIARIO 05500,001000005500,USD,4025.50,BCPLPEPLXXX,PAGO PROVEEDOR 05500,OUR
10005501,BENEFICIARIO 05501,001000005501,PEN,4026.23,BINPPEPLXXX,PAGO PROVEEDOR 05501,BEN
10005502,BENEFICIARIO 05502,001000005502,PEN,4026.96,SCBLPEPLXXX,PAGO PROVEEDOR 05502,SHA
10005503,BENEFICIARIO 05503,001000005503,PEN,4027.69,CITIPEPLXXX,PAGO PROVEEDOR 05503,OUR
10005504,BENEFICIARIO 05504,001000005504,PEN,4028.42,BCPLPEPLXXX,PAGO PROVEEDOR 05504,BEN
10005505,BENEFICIARIO 05505,001000005505,USD,4029.15,BINPPEPLXXX,PAGO PROVEEDOR 05505,SHA
10005506,BENEFICIARIO 05506,001000005506,PEN,4029.88,SCBLPEPLXXX,PAGO PROVEEDOR 05506,OUR
10005507,BENEFICIARIO 05507,001000005507,PEN,4030.61,CITIPEPLXXX,PAGO PROVEEDOR 05507,BEN
10005508,BENEFICIARIO 05508,001000005508,PEN,4031.34,BCPLPEPLXXX,PAGO PROVEEDOR 05508,SHA
10005509,BENEFICIARIO 05509,001000005509,PEN,4032.07,BINPPEPLXXX,PAGO PROVEEDOR 05509,OUR
10005510,BENEFICIARIO 05510,001000005510,USD,4032.80,SCBLPEPLXXX,PAGO PROVEEDOR 05510,BEN
10005511,BENEFICIARIO 05511,001000005511,PEN,4033.53,CITIPEPLXXX,PAGO PROVEEDOR 05511,SHA
10005512,BENEFICIARIO 05512,001000005512,PEN,4034.26,BCPLPEPLXXX,PAGO PROVEEDOR 05512,OUR
10005513,BENEFICIARIO 05513,001000005513,PEN,4034.99,BINPPEPLXXX,PAGO PROVEEDOR 05513,BEN
10005514,BENEFICIARIO 05514,001000005514,PEN,4035.72,SCBLPEPLXXX,PAGO PROVEEDOR 05514,SHA
10005515,BENEFICIARIO 05515,001000005515,USD,4036.45,CITIPEPLXXX,PAGO PROVEEDOR 05515,OUR
10005516,BENEFICIARIO 05516,001000005516,PEN,4037.18,BCPLPEPLXXX,PAGO PROVEEDOR 05516,BEN
10005517,BENEFICIARIO 05517,001000005517,PEN,4037.91,BINPPEPLXXX,PAGO PROVEEDOR 05517,SHA
10005518,BENEFICIARIO 05518,001000005518,PEN,4038.64,SCBLPEPLXXX,PAGO PROVEEDOR 05518,OUR
10005519,BENEFICIARIO 05519,001000005519,PEN,4039.37,CITIPEPLXXX,PAGO PROVEEDOR 05519,BEN
10005520,BENEFICIARIO 05520,001000005520,USD,4040.10,BCPLPEPLXXX,PAGO PROVEEDOR 05520,SHA
10005521,BENEFICIARIO 05521,001000005521,PEN,4040.83,BINPPEPLXXX,PAGO PROVEEDOR 05521,OUR
10005522,BENEFICIARIO 05522,001000005522,PEN,4041.56,SCBLPEPLXXX,PAGO PROVEEDOR 05522,BEN
10005523,BENEFICIARIO 05523,001000005523,PEN,4042.29,CITIPEPLXXX,PAGO PROVEEDOR 05523,SHA
10005524,BENEFICIARIO 05524,001000005524,PEN,4043.02,BCPLPEPLXXX,PAGO PROVEEDOR 05524,OUR
10005525,BENEFICIARIO 05525,001000005525,USD,4043.75,BINPPEPLXXX,PAGO PROVEEDOR 05525,BEN
10005526,BENEFICIARIO 05526,001000005526,PEN,4044.48,SCBLPEPLXXX,PAGO PROVEEDOR 05526,SHA
10005527,BENEFICIARIO 05527,001000005527,PEN,4045.21,CITIPEPLXXX,PAGO PROVEEDOR 05527,OUR
10005528,BENEFICIARIO 05528,001000005528,PEN,4045.94,BCPLPEPLXXX,PAGO PROVEEDOR 05528,BEN
10005529,BENEFICIARIO 05529,001000005529,PEN,4046.67,BINPPEPLXXX,PAGO PROVEEDOR 05529,SHA
10005530,BENEFICIARIO 05530,001000005530,USD,4047.40,SCBLPEPLXXX,PAGO PROVEEDOR 05530,OUR
10005531,BENEFICIARIO 05531,001000005531,PEN,4048.13,CITIPEPLXXX,PAGO PROVEEDOR 05531,BEN
10005532,BENEFICIARIO 05532,001000005532,PEN,4048.86,BCPLPEPLXXX,PAGO PROVEEDOR 05532,SHA
10005533,BENEFICIARIO 05533,001000005533,PEN,4049.59,BINPPEPLXXX,PAGO PROVEEDOR 05533,OUR
10005534,BENEFICIARIO 05534,001000005534,PEN,4050.32,SCBLPEPLXXX,PAGO PROVEEDOR 05534,BEN
10005535,BENEFICIARIO 05535,001000005535,USD,4051.05,CITIPEPLXXX,PAGO PROVEEDOR 05535,SHA
10005536,BENEFICIARIO 05536,001000005536,PEN,4051.78,BCPLPEPLXXX,PAGO PROVEEDOR 05536,OUR
10005537,BENEFICIARIO 05537,001000005537,PEN,4052.51,BINPPEPLXXX,PAGO PROVEEDOR 05537,BEN
10005538,BENEFICIARIO 05538,001000005538,PEN,4053.24,SCBLPEPLXXX,PAGO PROVEEDOR 05538,SHA
10005539,BENEFICIARIO 05539,001000005539,PEN,4053.97,CITIPEPLXXX,PAGO PROVEEDOR 05539,OUR
10005540,BENEFICIARIO 05540,001000005540,USD,4054.70,BCPLPEPLXXX,PAGO PROVEEDOR 05540,BEN
10005541,BENEFICIARIO 05541,001000005541,PEN,4055.43,BINPPEPLXXX,PAGO PROVEEDOR 05541,SHA
10005542,BENEFICIARIO 05542,001000005542,PEN,4056.16,SCBLPEPLXXX,PAGO PROVEEDOR 05542,OUR
10005543,BENEFICIARIO 05543,001000005543,PEN,4056.89,CITIPEPLXXX,PAGO PROVEEDOR 05543,BEN
10005544,BENEFICIARIO 05544,001000005544,PEN,4057.62,BCPLPEPLXXX,PAGO PROVEEDOR 05544,SHA
10005545,BENEFICIARIO 05545,001000005545,USD,4058.35,BINPPEPLXXX,PAGO PROVEEDOR 05545,OUR
10005546,BENEFICIARIO 05546,001000005546,PEN,4059.08,SCBLPEPLXXX,PAGO PROVEEDOR 05546,BEN
10005547,BENEFICIARIO 05547,001000005547,PEN,4059.81,CITIPEPLXXX,PAGO PROVEEDOR 05547,SHA
10005548,BENEFICIARIO 05548,001000005548,PEN,4060.54,BCPLPEPLXXX,PAGO PROVEEDOR 05548,OUR
10005549,BENEFICIARIO 05549,001000005549,PEN,4061.27,BINPPEPLXXX,PAGO PROVEEDOR 05549,BEN
10005550,BENEFICIARIO 05550,001000005550,USD,4062.00,SCBLPEPLXXX,PAGO PROVEEDOR 05550,SHA
10005551,BENEFICIARIO 05551,001000005551,PEN,4062.73,CITIPEPLXXX,PAGO PROVEEDOR 05551,OUR
10005552,BENEFICIARIO 05552,001000005552,PEN,4063.46,BCPLPEPLXXX,PAGO PROVEEDOR 05552,BEN
10005553,BENEFICIARIO 05553,001000005553,PEN,4064.19,BINPPEPLXXX,PAGO PROVEEDOR 05553,SHA
10005554,BENEFICIARIO 05554,001000005554,PEN,4064.92,SCBLPEPLXXX,PAGO PROVEEDOR 05554,OUR
10005555,BENEFICIARIO 05555,001000005555,USD,4065.65,CITIPEPLXXX,PAGO PROVEEDOR 05555,BEN
10005556,BENEFICIARIO 05556,001000005556,PEN,4066.38,BCPLPEPLXXX,PAGO PROVEEDOR 05556,SHA
10005557,BENEFICIARIO 05557,001000005557,PEN,4067.11,BINPPEPLXXX,PAGO PROVEEDOR 05557,OUR
10005558,BENEFICIARIO 05558,001000005558,PEN,4067.84,SCBLPEPLXXX,PAGO PROVEEDOR 05558,BEN
10005559,BENEFICIARIO 05559,001000005559,PEN,4068.57,CITIPEPLXXX,PAGO PROVEEDOR 05559,SHA
10005560,BENEFICIARIO 05560,001000005560,USD,4069.30,BCPLPEPLXXX,PAGO PROVEEDOR 05560,OUR
10005561,BENEFICIARIO 05561,001000005561,PEN,4070.03,BINPPEPLXXX,PAGO PROVEEDOR 05561,BEN
10005562,BENEFICIARIO 05562,001000005562,PEN,4070.76,SCBLPEPLXXX,PAGO PROVEEDOR 05562,SHA
10005563,BENEFICIARIO 05563,001000005563,PEN,4071.49,CITIPEPLXXX,PAGO PROVEEDOR 05563,OUR
10005564,BENEFICIARIO 05564,001000005564,PEN,4072.22,BCPLPEPLXXX,PAGO PROVEEDOR 05564,BEN
10005565,BENEFICIARIO 05565,001000005565,USD,4072.95,BINPPEPLXXX,PAGO PROVEEDOR 05565,SHA
10005566,BENEFICIARIO 05566,001000005566,PEN,4073.68,SCBLPEPLXXX,PAGO PROVEEDOR 05566,OUR
10005567,BENEFICIARIO 05567,001000005567,PEN,4074.41,CITIPEPLXXX,PAGO PROVEEDOR 05567,BEN
10005568,BENEFICIARIO 05568,001000005568,PEN,4075.14,BCPLPEPLXXX,PAGO PROVEEDOR 05568,SHA
10005569,BENEFICIARIO 05569,001000005569,PEN,4075.87,BINPPEPLXXX,PAGO PROVEEDOR 05569,OUR
10005570,BENEFICIARIO 05570,001000005570,USD,4076.60,SCBLPEPLXXX,PAGO PROVEEDOR 05570,BEN
10005571,BENEFICIARIO 05571,001000005571,PEN,4077.33,CITIPEPLXXX,PAGO PROVEEDOR 05571,SHA
10005572,BENEFICIARIO 05572,001000005572,PEN,4078.06,BCPLPEPLXXX,PAGO PROVEEDOR 05572,OUR
10005573,BENEFICIARIO 05573,001000005573,PEN,4078.79,BINPPEPLXXX,PAGO PROVEEDOR 05573,BEN
10005574,BENEFICIARIO 05574,001000005574,PEN,4079.52,SCBLPEPLXXX,PAGO PROVEEDOR 05574,SHA
10005575,BENEFICIARIO 05575,001000005575,USD,4080.25,CITIPEPLXXX,PAGO PROVEEDOR 05575,OUR
10005576,BENEFICIARIO 05576,001000005576,PEN,4080.98,BCPLPEPLXXX,PAGO PROVEEDOR 05576,BEN
10005577,BENEFICIARIO 05577,001000005577,PEN,4081.71,BINPPEPLXXX,PAGO PROVEEDOR 05577,SHA
10005578,BENEFICIARIO 05578,001000005578,PEN,4082.44,SCBLPEPLXXX,PAGO PROVEEDOR 05578,OUR
10005579,BENEFICIARIO 05579,001000005579,PEN,4083.17,CITIPEPLXXX,PAGO PROVEEDOR 05579,BEN
10005580,BENEFICIARIO 05580,001000005580,USD,4083.90,BCPLPEPLXXX,PAGO PROVEEDOR 05580,SHA
10005581,BENEFICIARIO 05581,001000005581,PEN,4084.63,BINPPEPLXXX,PAGO PROVEEDOR 05581,OUR
10005582,BENEFICIARIO 05582,001000005582,PEN,4085.36,SCBLPEPLXXX,PAGO PROVEEDOR 05582,BEN
10005583,BENEFICIARIO 05583,001000005583,PEN,4086.09,CITIPEPLXXX,PAGO PROVEEDOR 05583,SHA
10005584,BENEFICIARIO 05584,001000005584,PEN,4086.82,BCPLPEPLXXX,PAGO PROVEEDOR 05584,OUR
10005585,BENEFICIARIO 05585,001000005585,USD,4087.55,BINPPEPLXXX,PAGO PROVEEDOR 05585,BEN
10005586,BENEFICIARIO 05586,001000005586,PEN,4088.28,SCBLPEPLXXX,PAGO PROVEEDOR 05586,SHA
10005587,BENEFICIARIO 05587,001000005587,PEN,4089.01,CITIPEPLXXX,PAGO PROVEEDOR 05587,OUR
10005588,BENEFICIARIO 05588,001000005588,PEN,4089.74,BCPLPEPLXXX,PAGO PROVEEDOR 05588,BEN
10005589,BENEFICIARIO 05589,001000005589,PEN,4090.47,BINPPEPLXXX,PAGO PROVEEDOR 05589,SHA
10005590,BENEFICIARIO 05590,001000005590,USD,4091.20,SCBLPEPLXXX,PAGO PROVEEDOR 05590,OUR
10005591,BENEFICIARIO 05591,001000005591,PEN,4091.93,CITIPEPLXXX,PAGO PROVEEDOR 05591,BEN
10005592,BENEFICIARIO 05592,001000005592,PEN,4092.66,BCPLPEPLXXX,PAGO PROVEEDOR 05592,SHA
10005593,BENEFICIARIO 05593,001000005593,PEN,4093.39,BINPPEPLXXX,PAGO PROVEEDOR 05593,OUR
10005594,BENEFICIARIO 05594,001000005594,PEN,4094.12,SCBLPEPLXXX,PAGO PROVEEDOR 05594,BEN
10005595,BENEFICIARIO 05595,001000005595,USD,4094.85,CITIPEPLXXX,PAGO PROVEEDOR 05595,SHA
10005596,BENEFICIARIO 05596,001000005596,PEN,4095.58,BCPLPEPLXXX,PAGO PROVEEDOR 05596,OUR
10005597,BENEFICIARIO 05597,001000005597,PEN,4096.31,BINPPEPLXXX,PAGO PROVEEDOR 05597,BEN
10005598,BENEFICIARIO 05598,001000005598,PEN,4097.04,SCBLPEPLXXX,PAGO PROVEEDOR 05598,SHA
10005599,BENEFICIARIO 05599,001000005599,PEN,4097.77,CITIPEPLXXX,PAGO PROVEEDOR 05599,OUR
10005600,BENEFICIARIO 05600,001000005600,USD,4098.50,BCPLPEPLXXX,PAGO PROVEEDOR 05600,BEN
10005601,BENEFICIARIO 05601,001000005601,PEN,4099.23,BINPPEPLXXX,PAGO PROVEEDOR 05601,SHA
10005602,BENEFICIARIO 05602,001000005602,PEN,4099.96,SCBLPEPLXXX,PAGO PROVEEDOR 05602,OUR
10005603,BENEFICIARIO 05603,001000005603,PEN,4100.69,CITIPEPLXXX,PAGO PROVEEDOR 05603,BEN
10005604,BENEFICIARIO 05604,001000005604,PEN,4101.42,BCPLPEPLXXX,PAGO PROVEEDOR 05604,SHA
10005605,BENEFICIARIO 05605,001000005605,USD,4102.15,BINPPEPLXXX,PAGO PROVEEDOR 05605,OUR
10005606,BENEFICIARIO 05606,001000005606,PEN,4102.88,SCBLPEPLXXX,PAGO PROVEEDOR 05606,BEN
10005607,BENEFICIARIO 05607,001000005607,PEN,4103.61,CITIPEPLXXX,PAGO PROVEEDOR 05607,SHA
10005608,BENEFICIARIO 05608,001000005608,PEN,4104.34,BCPLPEPLXXX,PAGO PROVEEDOR 05608,OUR
10005609,BENEFICIARIO 05609,001000005609,PEN,4105.07,BINPPEPLXXX,PAGO PROVEEDOR 05609,BEN
10005610,BENEFICIARIO 05610,001000005610,USD,4105.80,SCBLPEPLXXX,PAGO PROVEEDOR 05610,SHA
10005611,BENEFICIARIO 05611,001000005611,PEN,4106.53,CITIPEPLXXX,PAGO PROVEEDOR 05611,OUR
10005612,BENEFICIARIO 05612,001000005612,PEN,4107.26,BCPLPEPLXXX,PAGO PROVEEDOR 05612,BEN
10005613,BENEFICIARIO 05613,001000005613,PEN,4107.99,BINPPEPLXXX,PAGO PROVEEDOR 05613,SHA
10005614,BENEFICIARIO 05614,001000005614,PEN,4108.72,SCBLPEPLXXX,PAGO PROVEEDOR 05614,OUR
10005615,BENEFICIARIO 05615,001000005615,USD,4109.45,CITIPEPLXXX,PAGO PROVEEDOR 05615,BEN
10005616,BENEFICIARIO 05616,001000005616,PEN,4110.18,BCPLPEPLXXX,PAGO PROVEEDOR 05616,SHA
10005617,BENEFICIARIO 05617,001000005617,PEN,4110.91,BINPPEPLXXX,PAGO PROVEEDOR 05617,OUR
10005618,BENEFICIARIO 05618,001000005618,PEN,4111.64,SCBLPEPLXXX,PAGO PROVEEDOR 05618,BEN
10005619,BENEFICIARIO 05619,001000005619,PEN,4112.37,CITIPEPLXXX,PAGO PROVEEDOR 05619,SHA
10005620,BENEFICIARIO 05620,001000005620,USD,4113.10,BCPLPEPLXXX,PAGO PROVEEDOR 05620,OUR
10005621,BENEFICIARIO 05621,001000005621,PEN,4113.83,BINPPEPLXXX,PAGO PROVEEDOR 05621,BEN
10005622,BENEFICIARIO 05622,001000005622,PEN,4114.56,SCBLPEPLXXX,PAGO PROVEEDOR 05622,SHA
10005623,BENEFICIARIO 05623,001000005623,PEN,4115.29,CITIPEPLXXX,PAGO PROVEEDOR 05623,OUR
10005624,BENEFICIARIO 05624,001000005624,PEN,4116.02,BCPLPEPLXXX,PAGO PROVEEDOR 05624,BEN
10005625,BENEFICIARIO 05625,001000005625,USD,4116.75,BINPPEPLXXX,PAGO PROVEEDOR 05625,SHA
10005626,BENEFICIARIO 05626,001000005626,PEN,4117.48,SCBLPEPLXXX,PAGO PROVEEDOR 05626,OUR
10005627,BENEFICIARIO 05627,001000005627,PEN,4118.21,CITIPEPLXXX,PAGO PROVEEDOR 05627,BEN
10005628,BENEFICIARIO 05628,001000005628,PEN,4118.94,BCPLPEPLXXX,PAGO PROVEEDOR 05628,SHA
10005629,BENEFICIARIO 05629,001000005629,PEN,4119.67,BINPPEPLXXX,PAGO PROVEEDOR 05629,OUR
10005630,BENEFICIARIO 05630,001000005630,USD,4120.40,SCBLPEPLXXX,PAGO PROVEEDOR 05630,BEN
10005631,BENEFICIARIO 05631,001000005631,PEN,4121.13,CITIPEPLXXX,PAGO PROVEEDOR 05631,SHA
10005632,BENEFICIARIO 05632,001000005632,PEN,4121.86,BCPLPEPLXXX,PAGO PROVEEDOR 05632,OUR
10005633,BENEFICIARIO 05633,001000005633,PEN,4122.59,BINPPEPLXXX,PAGO PROVEEDOR 05633,BEN
10005634,BENEFICIARIO 05634,001000005634,PEN,4123.32,SCBLPEPLXXX,PAGO PROVEEDOR 05634,SHA
10005635,BENEFICIARIO 05635,001000005635,USD,4124.05,CITIPEPLXXX,PAGO PROVEEDOR 05635,OUR
10005636,BENEFICIARIO 05636,001000005636,PEN,4124.78,BCPLPEPLXXX,PAGO PROVEEDOR 05636,BEN
10005637,BENEFICIARIO 05637,001000005637,PEN,4125.51,BINPPEPLXXX,PAGO PROVEEDOR 05637,SHA
10005638,BENEFICIARIO 05638,001000005638,PEN,4126.24,SCBLPEPLXXX,PAGO PROVEEDOR 05638,OUR
10005639,BENEFICIARIO 05639,001000005639,PEN,4126.97,CITIPEPLXXX,PAGO PROVEEDOR 05639,BEN
10005640,BENEFICIARIO 05640,001000005640,USD,4127.70,BCPLPEPLXXX,PAGO PROVEEDOR 05640,SHA
10005641,BENEFICIARIO 05641,001000005641,PEN,4128.43,BINPPEPLXXX,PAGO PROVEEDOR 05641,OUR
10005642,BENEFICIARIO 05642,001000005642,PEN,4129.16,SCBLPEPLXXX,PAGO PROVEEDOR 05642,BEN
10005643,BENEFICIARIO 05643,001000005643,PEN,4129.89,CITIPEPLXXX,PAGO PROVEEDOR 05643,SHA
10005644,BENEFICIARIO 05644,001000005644,PEN,4130.62,BCPLPEPLXXX,PAGO PROVEEDOR 05644,OUR
10005645,BENEFICIARIO 05645,001000005645,USD,4131.35,BINPPEPLXXX,PAGO PROVEEDOR 05645,BEN
10005646,BENEFICIARIO 05646,001000005646,PEN,4132.08,SCBLPEPLXXX,PAGO PROVEEDOR 05646,SHA
10005647,BENEFICIARIO 05647,001000005647,PEN,4132.81,CITIPEPLXXX,PAGO PROVEEDOR 05647,OUR
10005648,BENEFICIARIO 05648,001000005648,PEN,4133.54,BCPLPEPLXXX,PAGO PROVEEDOR 05648,BEN
10005649,BENEFICIARIO 05649,001000005649,PEN,4134.27,BINPPEPLXXX,PAGO PROVEEDOR 05649,SHA
10005650,BENEFICIARIO 05650,001000005650,USD,4135.00,SCBLPEPLXXX,PAGO PROVEEDOR 05650,OUR
10005651,BENEFICIARIO 05651,001000005651,PEN,4135.73,CITIPEPLXXX,PAGO PROVEEDOR 05651,BEN
10005652,BENEFICIARIO 05652,001000005652,PEN,4136.46,BCPLPEPLXXX,PAGO PROVEEDOR 05652,SHA
10005653,BENEFICIARIO 05653,001000005653,PEN,4137.19,BINPPEPLXXX,PAGO PROVEEDOR 05653,OUR
10005654,BENEFICIARIO 05654,001000005654,PEN,4137.92,SCBLPEPLXXX,PAGO PROVEEDOR 05654,BEN
10005655,BENEFICIARIO 05655,001000005655,USD,4138.65,CITIPEPLXXX,PAGO PROVEEDOR 05655,SHA
10005656,BENEFICIARIO 05656,001000005656,PEN,4139.38,BCPLPEPLXXX,PAGO PROVEEDOR 05656,OUR
10005657,BENEFICIARIO 05657,001000005657,PEN,4140.11,BINPPEPLXXX,PAGO PROVEEDOR 05657,BEN
10005658,BENEFICIARIO 05658,001000005658,PEN,4140.84,SCBLPEPLXXX,PAGO PROVEEDOR 05658,SHA
10005659,BENEFICIARIO 05659,001000005659,PEN,4141.57,CITIPEPLXXX,PAGO PROVEEDOR 05659,OUR
10005660,BENEFICIARIO 05660,001000005660,USD,4142.30,BCPLPEPLXXX,PAGO PROVEEDOR 05660,BEN
10005661,BENEFICIARIO 05661,001000005661,PEN,4143.03,BINPPEPLXXX,PAGO PROVEEDOR 05661,SHA
10005662,BENEFICIARIO 05662,001000005662,PEN,4143.76,SCBLPEPLXXX,PAGO PROVEEDOR 05662,OUR
10005663,BENEFICIARIO 05663,001000005663,PEN,4144.49,CITIPEPLXXX,PAGO PROVEEDOR 05663,BEN
10005664,BENEFICIARIO 05664,001000005664,PEN,4145.22,BCPLPEPLXXX,PAGO PROVEEDOR 05664,SHA
10005665,BENEFICIARIO 05665,001000005665,USD,4145.95,BINPPEPLXXX,PAGO PROVEEDOR 05665,OUR
10005666,BENEFICIARIO 05666,001000005666,PEN,4146.68,SCBLPEPLXXX,PAGO PROVEEDOR 05666,BEN
10005667,BENEFICIARIO 05667,001000005667,PEN,4147.41,CITIPEPLXXX,PAGO PROVEEDOR 05667,SHA
10005668,BENEFICIARIO 05668,001000005668,PEN,4148.14,BCPLPEPLXXX,PAGO PROVEEDOR 05668,OUR
10005669,BENEFICIARIO 05669,001000005669,PEN,4148.87,BINPPEPLXXX,PAGO PROVEEDOR 05669,BEN
10005670,BENEFICIARIO 05670,001000005670,USD,4149.60,SCBLPEPLXXX,PAGO PROVEEDOR 05670,SHA
10005671,BENEFICIARIO 05671,001000005671,PEN,4150.33,CITIPEPLXXX,PAGO PROVEEDOR 05671,OUR
10005672,BENEFICIARIO 05672,001000005672,PEN,4151.06,BCPLPEPLXXX,PAGO PROVEEDOR 05672,BEN
10005673,BENEFICIARIO 05673,001000005673,PEN,4151.79,BINPPEPLXXX,PAGO PROVEEDOR 05673,SHA
10005674,BENEFICIARIO 05674,001000005674,PEN,4152.52,SCBLPEPLXXX,PAGO PROVEEDOR 05674,OUR
10005675,BENEFICIARIO 05675,001000005675,USD,4153.25,CITIPEPLXXX,PAGO PROVEEDOR 05675,BEN
10005676,BENEFICIARIO 05676,001000005676,PEN,4153.98,BCPLPEPLXXX,PAGO PROVEEDOR 05676,SHA
10005677,BENEFICIARIO 05677,001000005677,PEN,4154.71,BINPPEPLXXX,PAGO PROVEEDOR 05677,OUR
10005678,BENEFICIARIO 05678,001000005678,PEN,4155.44,SCBLPEPLXXX,PAGO PROVEEDOR 05678,BEN
10005679,BENEFICIARIO 05679,001000005679,PEN,4156.17,CITIPEPLXXX,PAGO PROVEEDOR 05679,SHA
10005680,BENEFICIARIO 05680,001000005680,USD,4156.90,BCPLPEPLXXX,PAGO PROVEEDOR 05680,OUR
10005681,BENEFICIARIO 05681,001000005681,PEN,4157.63,BINPPEPLXXX,PAGO PROVEEDOR 05681,BEN
10005682,BENEFICIARIO 05682,001000005682,PEN,4158.36,SCBLPEPLXXX,PAGO PROVEEDOR 05682,SHA
10005683,BENEFICIARIO 05683,001000005683,PEN,4159.09,CITIPEPLXXX,PAGO PROVEEDOR 05683,OUR
10005684,BENEFICIARIO 05684,001000005684,PEN,4159.82,BCPLPEPLXXX,PAGO PROVEEDOR 05684,BEN
10005685,BENEFICIARIO 05685,001000005685,USD,4160.55,BINPPEPLXXX,PAGO PROVEEDOR 05685,SHA
10005686,BENEFICIARIO 05686,001000005686,PEN,4161.28,SCBLPEPLXXX,PAGO PROVEEDOR 05686,OUR
10005687,BENEFICIARIO 05687,001000005687,PEN,4162.01,CITIPEPLXXX,PAGO PROVEEDOR 05687,BEN
10005688,BENEFICIARIO 05688,001000005688,PEN,4162.74,BCPLPEPLXXX,PAGO PROVEEDOR 05688,SHA
10005689,BENEFICIARIO 05689,001000005689,PEN,4163.47,BINPPEPLXXX,PAGO PROVEEDOR 05689,OUR
10005690,BENEFICIARIO 05690,001000005690,USD,4164.20,SCBLPEPLXXX,PAGO PROVEEDOR 05690,BEN
10005691,BENEFICIARIO 05691,001000005691,PEN,4164.93,CITIPEPLXXX,PAGO PROVEEDOR 05691,SHA
10005692,BENEFICIARIO 05692,001000005692,PEN,4165.66,BCPLPEPLXXX,PAGO PROVEEDOR 05692,OUR
10005693,BENEFICIARIO 05693,001000005693,PEN,4166.39,BINPPEPLXXX,PAGO PROVEEDOR 05693,BEN
10005694,BENEFICIARIO 05694,001000005694,PEN,4167.12,SCBLPEPLXXX,PAGO PROVEEDOR 05694,SHA
10005695,BENEFICIARIO 05695,001000005695,USD,4167.85,CITIPEPLXXX,PAGO PROVEEDOR 05695,OUR
10005696,BENEFICIARIO 05696,001000005696,PEN,4168.58,BCPLPEPLXXX,PAGO PROVEEDOR 05696,BEN
10005697,BENEFICIARIO 05697,001000005697,PEN,4169.31,BINPPEPLXXX,PAGO PROVEEDOR 05697,SHA
10005698,BENEFICIARIO 05698,001000005698,PEN,4170.04,SCBLPEPLXXX,PAGO PROVEEDOR 05698,OUR
10005699,BENEFICIARIO 05699,001000005699,PEN,4170.77,CITIPEPLXXX,PAGO PROVEEDOR 05699,BEN
10005700,BENEFICIARIO 05700,001000005700,USD,4171.50,BCPLPEPLXXX,PAGO PROVEEDOR 05700,SHA
10005701,BENEFICIARIO 05701,001000005701,PEN,4172.23,BINPPEPLXXX,PAGO PROVEEDOR 05701,OUR
10005702,BENEFICIARIO 05702,001000005702,PEN,4172.96,SCBLPEPLXXX,PAGO PROVEEDOR 05702,BEN
10005703,BENEFICIARIO 05703,001000005703,PEN,4173.69,CITIPEPLXXX,PAGO PROVEEDOR 05703,SHA
10005704,BENEFICIARIO 05704,001000005704,PEN,4174.42,BCPLPEPLXXX,PAGO PROVEEDOR 05704,OUR
10005705,BENEFICIARIO 05705,001000005705,USD,4175.15,BINPPEPLXXX,PAGO PROVEEDOR 05705,BEN
10005706,BENEFICIARIO 05706,001000005706,PEN,4175.88,SCBLPEPLXXX,PAGO PROVEEDOR 05706,SHA
10005707,BENEFICIARIO 05707,001000005707,PEN,4176.61,CITIPEPLXXX,PAGO PROVEEDOR 05707,OUR
10005708,BENEFICIARIO 05708,001000005708,PEN,4177.34,BCPLPEPLXXX,PAGO PROVEEDOR 05708,BEN
10005709,BENEFICIARIO 05709,001000005709,PEN,4178.07,BINPPEPLXXX,PAGO PROVEEDOR 05709,SHA
10005710,BENEFICIARIO 05710,001000005710,USD,4178.80,SCBLPEPLXXX,PAGO PROVEEDOR 05710,OUR
10005711,BENEFICIARIO 05711,001000005711,PEN,4179.53,CITIPEPLXXX,PAGO PROVEEDOR 05711,BEN
10005712,BENEFICIARIO 05712,001000005712,PEN,4180.26,BCPLPEPLXXX,PAGO PROVEEDOR 05712,SHA
10005713,BENEFICIARIO 05713,001000005713,PEN,4180.99,BINPPEPLXXX,PAGO PROVEEDOR 05713,OUR
10005714,BENEFICIARIO 05714,001000005714,PEN,4181.72,SCBLPEPLXXX,PAGO PROVEEDOR 05714,BEN
10005715,BENEFICIARIO 05715,001000005715,USD,4182.45,CITIPEPLXXX,PAGO PROVEEDOR 05715,SHA
10005716,BENEFICIARIO 05716,001000005716,PEN,4183.18,BCPLPEPLXXX,PAGO PROVEEDOR 05716,OUR
10005717,BENEFICIARIO 05717,001000005717,PEN,4183.91,BINPPEPLXXX,PAGO PROVEEDOR 05717,BEN
10005718,BENEFICIARIO 05718,001000005718,PEN,4184.64,SCBLPEPLXXX,PAGO PROVEEDOR 05718,SHA
10005719,BENEFICIARIO 05719,001000005719,PEN,4185.37,CITIPEPLXXX,PAGO PROVEEDOR 05719,OUR
10005720,BENEFICIARIO 05720,001000005720,USD,4186.10,BCPLPEPLXXX,PAGO PROVEEDOR 05720,BEN
10005721,BENEFICIARIO 05721,001000005721,PEN,4186.83,BINPPEPLXXX,PAGO PROVEEDOR 05721,SHA
10005722,BENEFICIARIO 05722,001000005722,PEN,4187.56,SCBLPEPLXXX,PAGO PROVEEDOR 05722,OUR
10005723,BENEFICIARIO 05723,001000005723,PEN,4188.29,CITIPEPLXXX,PAGO PROVEEDOR 05723,BEN
10005724,BENEFICIARIO 05724,001000005724,PEN,4189.02,BCPLPEPLXXX,PAGO PROVEEDOR 05724,SHA
10005725,BENEFICIARIO 05725,001000005725,USD,4189.75,BINPPEPLXXX,PAGO PROVEEDOR 05725,OUR
10005726,BENEFICIARIO 05726,001000005726,PEN,4190.48,SCBLPEPLXXX,PAGO PROVEEDOR 05726,BEN
10005727,BENEFICIARIO 05727,001000005727,PEN,4191.21,CITIPEPLXXX,PAGO PROVEEDOR 05727,SHA
10005728,BENEFICIARIO 05728,001000005728,PEN,4191.94,BCPLPEPLXXX,PAGO PROVEEDOR 05728,OUR
10005729,BENEFICIARIO 05729,001000005729,PEN,4192.67,BINPPEPLXXX,PAGO PROVEEDOR 05729,BEN
10005730,BENEFICIARIO 05730,001000005730,USD,4193.40,SCBLPEPLXXX,PAGO PROVEEDOR 05730,SHA
10005731,BENEFICIARIO 05731,001000005731,PEN,4194.13,CITIPEPLXXX,PAGO PROVEEDOR 05731,OUR
10005732,BENEFICIARIO 05732,001000005732,PEN,4194.86,BCPLPEPLXXX,PAGO PROVEEDOR 05732,BEN
10005733,BENEFICIARIO 05733,001000005733,PEN,4195.59,BINPPEPLXXX,PAGO PROVEEDOR 05733,SHA
10005734,BENEFICIARIO 05734,001000005734,PEN,4196.32,SCBLPEPLXXX,PAGO PROVEEDOR 05734,OUR
10005735,BENEFICIARIO 05735,001000005735,USD,4197.05,CITIPEPLXXX,PAGO PROVEEDOR 05735,BEN
10005736,BENEFICIARIO 05736,001000005736,PEN,4197.78,BCPLPEPLXXX,PAGO PROVEEDOR 05736,SHA
10005737,BENEFICIARIO 05737,001000005737,PEN,4198.51,BINPPEPLXXX,PAGO PROVEEDOR 05737,OUR
10005738,BENEFICIARIO 05738,001000005738,PEN,4199.24,SCBLPEPLXXX,PAGO PROVEEDOR 05738,BEN
10005739,BENEFICIARIO 05739,001000005739,PEN,4199.97,CITIPEPLXXX,PAGO PROVEEDOR 05739,SHA
10005740,BENEFICIARIO 05740,001000005740,USD,4200.70,BCPLPEPLXXX,PAGO PROVEEDOR 05740,OUR
10005741,BENEFICIARIO 05741,001000005741,PEN,4201.43,BINPPEPLXXX,PAGO PROVEEDOR 05741,BEN
10005742,BENEFICIARIO 05742,001000005742,PEN,4202.16,SCBLPEPLXXX,PAGO PROVEEDOR 05742,SHA
10005743,BENEFICIARIO 05743,001000005743,PEN,4202.89,CITIPEPLXXX,PAGO PROVEEDOR 05743,OUR
10005744,BENEFICIARIO 05744,001000005744,PEN,4203.62,BCPLPEPLXXX,PAGO PROVEEDOR 05744,BEN
10005745,BENEFICIARIO 05745,001000005745,USD,4204.35,BINPPEPLXXX,PAGO PROVEEDOR 05745,SHA
10005746,BENEFICIARIO 05746,001000005746,PEN,4205.08,SCBLPEPLXXX,PAGO PROVEEDOR 05746,OUR
10005747,BENEFICIARIO 05747,001000005747,PEN,4205.81,CITIPEPLXXX,PAGO PROVEEDOR 05747,BEN
10005748,BENEFICIARIO 05748,001000005748,PEN,4206.54,BCPLPEPLXXX,PAGO PROVEEDOR 05748,SHA
10005749,BENEFICIARIO 05749,001000005749,PEN,4207.27,BINPPEPLXXX,PAGO PROVEEDOR 05749,OUR
10005750,BENEFICIARIO 05750,001000005750,USD,4208.00,SCBLPEPLXXX,PAGO PROVEEDOR 05750,BEN
10005751,BENEFICIARIO 05751,001000005751,PEN,4208.73,CITIPEPLXXX,PAGO PROVEEDOR 05751,SHA
10005752,BENEFICIARIO 05752,001000005752,PEN,4209.46,BCPLPEPLXXX,PAGO PROVEEDOR 05752,OUR
10005753,BENEFICIARIO 05753,001000005753,PEN,4210.19,BINPPEPLXXX,PAGO PROVEEDOR 05753,BEN
10005754,BENEFICIARIO 05754,001000005754,PEN,4210.92,SCBLPEPLXXX,PAGO PROVEEDOR 05754,SHA
10005755,BENEFICIARIO 05755,001000005755,USD,4211.65,CITIPEPLXXX,PAGO PROVEEDOR 05755,OUR
10005756,BENEFICIARIO 05756,001000005756,PEN,4212.38,BCPLPEPLXXX,PAGO PROVEEDOR 05756,BEN
10005757,BENEFICIARIO 05757,001000005757,PEN,4213.11,BINPPEPLXXX,PAGO PROVEEDOR 05757,SHA
10005758,BENEFICIARIO 05758,001000005758,PEN,4213.84,SCBLPEPLXXX,PAGO PROVEEDOR 05758,OUR
10005759,BENEFICIARIO 05759,001000005759,PEN,4214.57,CITIPEPLXXX,PAGO PROVEEDOR 05759,BEN
10005760,BENEFICIARIO 05760,001000005760,USD,4215.30,BCPLPEPLXXX,PAGO PROVEEDOR 05760,SHA
10005761,BENEFICIARIO 05761,001000005761,PEN,4216.03,BINPPEPLXXX,PAGO PROVEEDOR 05761,OUR
10005762,BENEFICIARIO 05762,001000005762,PEN,4216.76,SCBLPEPLXXX,PAGO PROVEEDOR 05762,BEN
10005763,BENEFICIARIO 05763,001000005763,PEN,4217.49,CITIPEPLXXX,PAGO PROVEEDOR 05763,SHA
10005764,BENEFICIARIO 05764,001000005764,PEN,4218.22,BCPLPEPLXXX,PAGO PROVEEDOR 05764,OUR
10005765,BENEFICIARIO 05765,001000005765,USD,4218.95,BINPPEPLXXX,PAGO PROVEEDOR 05765,BEN
10005766,BENEFICIARIO 05766,001000005766,PEN,4219.68,SCBLPEPLXXX,PAGO PROVEEDOR 05766,SHA
10005767,BENEFICIARIO 05767,001000005767,PEN,4220.41,CITIPEPLXXX,PAGO PROVEEDOR 05767,OUR
10005768,BENEFICIARIO 05768,001000005768,PEN,4221.14,BCPLPEPLXXX,PAGO PROVEEDOR 05768,BEN
10005769,BENEFICIARIO 05769,001000005769,PEN,4221.87,BINPPEPLXXX,PAGO PROVEEDOR 05769,SHA
10005770,BENEFICIARIO 05770,001000005770,USD,4222.60,SCBLPEPLXXX,PAGO PROVEEDOR 05770,OUR
10005771,BENEFICIARIO 05771,001000005771,PEN,4223.33,CITIPEPLXXX,PAGO PROVEEDOR 05771,BEN
10005772,BENEFICIARIO 05772,001000005772,PEN,4224.06,BCPLPEPLXXX,PAGO PROVEEDOR 05772,SHA
10005773,BENEFICIARIO 05773,001000005773,PEN,4224.79,BINPPEPLXXX,PAGO PROVEEDOR 05773,OUR
10005774,BENEFICIARIO 05774,001000005774,PEN,4225.52,SCBLPEPLXXX,PAGO PROVEEDOR 05774,BEN
10005775,BENEFICIARIO 05775,001000005775,USD,4226.25,CITIPEPLXXX,PAGO PROVEEDOR 05775,SHA
10005776,BENEFICIARIO 05776,001000005776,PEN,4226.98,BCPLPEPLXXX,PAGO PROVEEDOR 05776,OUR
10005777,BENEFICIARIO 05777,001000005777,PEN,4227.71,BINPPEPLXXX,PAGO PROVEEDOR 05777,BEN
10005778,BENEFICIARIO 05778,001000005778,PEN,4228.44,SCBLPEPLXXX,PAGO PROVEEDOR 05778,SHA
10005779,BENEFICIARIO 05779,001000005779,PEN,4229.17,CITIPEPLXXX,PAGO PROVEEDOR 05779,OUR
10005780,BENEFICIARIO 05780,001000005780,USD,4229.90,BCPLPEPLXXX,PAGO PROVEEDOR 05780,BEN
10005781,BENEFICIARIO 05781,001000005781,PEN,4230.63,BINPPEPLXXX,PAGO PROVEEDOR 05781,SHA
10005782,BENEFICIARIO 05782,001000005782,PEN,4231.36,SCBLPEPLXXX,PAGO PROVEEDOR 05782,OUR
10005783,BENEFICIARIO 05783,001000005783,PEN,4232.09,CITIPEPLXXX,PAGO PROVEEDOR 05783,BEN
10005784,BENEFICIARIO 05784,001000005784,PEN,4232.82,BCPLPEPLXXX,PAGO PROVEEDOR 05784,SHA
10005785,BENEFICIARIO 05785,001000005785,USD,4233.55,BINPPEPLXXX,PAGO PROVEEDOR 05785,OUR
10005786,BENEFICIARIO 05786,001000005786,PEN,4234.28,SCBLPEPLXXX,PAGO PROVEEDOR 05786,BEN
10005787,BENEFICIARIO 05787,001000005787,PEN,4235.01,CITIPEPLXXX,PAGO PROVEEDOR 05787,SHA
10005788,BENEFICIARIO 05788,001000005788,PEN,4235.74,BCPLPEPLXXX,PAGO PROVEEDOR 05788,OUR
10005789,BENEFICIARIO 05789,001000005789,PEN,4236.47,BINPPEPLXXX,PAGO PROVEEDOR 05789,BEN
10005790,BENEFICIARIO 05790,001000005790,USD,4237.20,SCBLPEPLXXX,PAGO PROVEEDOR 05790,SHA
10005791,BENEFICIARIO 05791,001000005791,PEN,4237.93,CITIPEPLXXX,PAGO PROVEEDOR 05791,OUR
10005792,BENEFICIARIO 05792,001000005792,PEN,4238.66,BCPLPEPLXXX,PAGO PROVEEDOR 05792,BEN
10005793,BENEFICIARIO 05793,001000005793,PEN,4239.39,BINPPEPLXXX,PAGO PROVEEDOR 05793,SHA
10005794,BENEFICIARIO 05794,001000005794,PEN,4240.12,SCBLPEPLXXX,PAGO PROVEEDOR 05794,OUR
10005795,BENEFICIARIO 05795,001000005795,USD,4240.85,CITIPEPLXXX,PAGO PROVEEDOR 05795,BEN
10005796,BENEFICIARIO 05796,001000005796,PEN,4241.58,BCPLPEPLXXX,PAGO PROVEEDOR 05796,SHA
10005797,BENEFICIARIO 05797,001000005797,PEN,4242.31,BINPPEPLXXX,PAGO PROVEEDOR 05797,OUR
10005798,BENEFICIARIO 05798,001000005798,PEN,4243.04,SCBLPEPLXXX,PAGO PROVEEDOR 05798,BEN
10005799,BENEFICIARIO 05799,001000005799,PEN,4243.77,CITIPEPLXXX,PAGO PROVEEDOR 05799,SHA
10005800,BENEFICIARIO 05800,001000005800,USD,4244.50,BCPLPEPLXXX,PAGO PROVEEDOR 05800,OUR
10005801,BENEFICIARIO 05801,001000005801,PEN,4245.23,BINPPEPLXXX,PAGO PROVEEDOR 05801,BEN
10005802,BENEFICIARIO 05802,001000005802,PEN,4245.96,SCBLPEPLXXX,PAGO PROVEEDOR 05802,SHA
10005803,BENEFICIARIO 05803,001000005803,PEN,4246.69,CITIPEPLXXX,PAGO PROVEEDOR 05803,OUR
10005804,BENEFICIARIO 05804,001000005804,PEN,4247.42,BCPLPEPLXXX,PAGO PROVEEDOR 05804,BEN
10005805,BENEFICIARIO 05805,001000005805,USD,4248.15,BINPPEPLXXX,PAGO PROVEEDOR 05805,SHA
10005806,BENEFICIARIO 05806,001000005806,PEN,4248.88,SCBLPEPLXXX,PAGO PROVEEDOR 05806,OUR
10005807,BENEFICIARIO 05807,001000005807,PEN,4249.61,CITIPEPLXXX,PAGO PROVEEDOR 05807,BEN
10005808,BENEFICIARIO 05808,001000005808,PEN,4250.34,BCPLPEPLXXX,PAGO PROVEEDOR 05808,SHA
10005809,BENEFICIARIO 05809,001000005809,PEN,4251.07,BINPPEPLXXX,PAGO PROVEEDOR 05809,OUR
10005810,BENEFICIARIO 05810,001000005810,USD,4251.80,SCBLPEPLXXX,PAGO PROVEEDOR 05810,BEN
10005811,BENEFICIARIO 05811,001000005811,PEN,4252.53,CITIPEPLXXX,PAGO PROVEEDOR 05811,SHA
10005812,BENEFICIARIO 05812,001000005812,PEN,4253.26,BCPLPEPLXXX,PAGO PROVEEDOR 05812,OUR
10005813,BENEFICIARIO 05813,001000005813,PEN,4253.99,BINPPEPLXXX,PAGO PROVEEDOR 05813,BEN
10005814,BENEFICIARIO 05814,001000005814,PEN,4254.72,SCBLPEPLXXX,PAGO PROVEEDOR 05814,SHA
10005815,BENEFICIARIO 05815,001000005815,USD,4255.45,CITIPEPLXXX,PAGO PROVEEDOR 05815,OUR
10005816,BENEFICIARIO 05816,001000005816,PEN,4256.18,BCPLPEPLXXX,PAGO PROVEEDOR 05816,BEN
10005817,BENEFICIARIO 05817,001000005817,PEN,4256.91,BINPPEPLXXX,PAGO PROVEEDOR 05817,SHA
10005818,BENEFICIARIO 05818,001000005818,PEN,4257.64,SCBLPEPLXXX,PAGO PROVEEDOR 05818,OUR
10005819,BENEFICIARIO 05819,001000005819,PEN,4258.37,CITIPEPLXXX,PAGO PROVEEDOR 05819,BEN
10005820,BENEFICIARIO 05820,001000005820,USD,4259.10,BCPLPEPLXXX,PAGO PROVEEDOR 05820,SHA
10005821,BENEFICIARIO 05821,001000005821,PEN,4259.83,BINPPEPLXXX,PAGO PROVEEDOR 05821,OUR
10005822,BENEFICIARIO 05822,001000005822,PEN,4260.56,SCBLPEPLXXX,PAGO PROVEEDOR 05822,BEN
10005823,BENEFICIARIO 05823,001000005823,PEN,4261.29,CITIPEPLXXX,PAGO PROVEEDOR 05823,SHA
10005824,BENEFICIARIO 05824,001000005824,PEN,4262.02,BCPLPEPLXXX,PAGO PROVEEDOR 05824,OUR
10005825,BENEFICIARIO 05825,001000005825,USD,4262.75,BINPPEPLXXX,PAGO PROVEEDOR 05825,BEN
10005826,BENEFICIARIO 05826,001000005826,PEN,4263.48,SCBLPEPLXXX,PAGO PROVEEDOR 05826,SHA
10005827,BENEFICIARIO 05827,001000005827,PEN,4264.21,CITIPEPLXXX,PAGO PROVEEDOR 05827,OUR
10005828,BENEFICIARIO 05828,001000005828,PEN,4264.94,BCPLPEPLXXX,PAGO PROVEEDOR 05828,BEN
10005829,BENEFICIARIO 05829,001000005829,PEN,4265.67,BINPPEPLXXX,PAGO PROVEEDOR 05829,SHA
10005830,BENEFICIARIO 05830,001000005830,USD,4266.40,SCBLPEPLXXX,PAGO PROVEEDOR 05830,OUR
10005831,BENEFICIARIO 05831,001000005831,PEN,4267.13,CITIPEPLXXX,PAGO PROVEEDOR 05831,BEN
10005832,BENEFICIARIO 05832,001000005832,PEN,4267.86,BCPLPEPLXXX,PAGO PROVEEDOR 05832,SHA
10005833,BENEFICIARIO 05833,001000005833,PEN,4268.59,BINPPEPLXXX,PAGO PROVEEDOR 05833,OUR
10005834,BENEFICIARIO 05834,001000005834,PEN,4269.32,SCBLPEPLXXX,PAGO PROVEEDOR 05834,BEN
10005835,BENEFICIARIO 05835,001000005835,USD,4270.05,CITIPEPLXXX,PAGO PROVEEDOR 05835,SHA
10005836,BENEFICIARIO 05836,001000005836,PEN,4270.78,BCPLPEPLXXX,PAGO PROVEEDOR 05836,OUR
10005837,BENEFICIARIO 05837,001000005837,PEN,4271.51,BINPPEPLXXX,PAGO PROVEEDOR 05837,BEN
10005838,BENEFICIARIO 05838,001000005838,PEN,4272.24,SCBLPEPLXXX,PAGO PROVEEDOR 05838,SHA
10005839,BENEFICIARIO 05839,001000005839,PEN,4272.97,CITIPEPLXXX,PAGO PROVEEDOR 05839,OUR
10005840,BENEFICIARIO 05840,001000005840,USD,4273.70,BCPLPEPLXXX,PAGO PROVEEDOR 05840,BEN
10005841,BENEFICIARIO 05841,001000005841,PEN,4274.43,BINPPEPLXXX,PAGO PROVEEDOR 05841,SHA
10005842,BENEFICIARIO 05842,001000005842,PEN,4275.16,SCBLPEPLXXX,PAGO PROVEEDOR 05842,OUR
10005843,BENEFICIARIO 05843,001000005843,PEN,4275.89,CITIPEPLXXX,PAGO PROVEEDOR 05843,BEN
10005844,BENEFICIARIO 05844,001000005844,PEN,4276.62,BCPLPEPLXXX,PAGO PROVEEDOR 05844,SHA
10005845,BENEFICIARIO 05845,001000005845,USD,4277.35,BINPPEPLXXX,PAGO PROVEEDOR 05845,OUR
10005846,BENEFICIARIO 05846,001000005846,PEN,4278.08,SCBLPEPLXXX,PAGO PROVEEDOR 05846,BEN
10005847,BENEFICIARIO 05847,001000005847,PEN,4278.81,CITIPEPLXXX,PAGO PROVEEDOR 05847,SHA
10005848,BENEFICIARIO 05848,001000005848,PEN,4279.54,BCPLPEPLXXX,PAGO PROVEEDOR 05848,OUR
10005849,BENEFICIARIO 05849,001000005849,PEN,4280.27,BINPPEPLXXX,PAGO PROVEEDOR 05849,BEN
10005850,BENEFICIARIO 05850,001000005850,USD,4281.00,SCBLPEPLXXX,PAGO PROVEEDOR 05850,SHA
10005851,BENEFICIARIO 05851,001000005851,PEN,4281.73,CITIPEPLXXX,PAGO PROVEEDOR 05851,OUR
10005852,BENEFICIARIO 05852,001000005852,PEN,4282.46,BCPLPEPLXXX,PAGO PROVEEDOR 05852,BEN
10005853,BENEFICIARIO 05853,001000005853,PEN,4283.19,BINPPEPLXXX,PAGO PROVEEDOR 05853,SHA
10005854,BENEFICIARIO 05854,001000005854,PEN,4283.92,SCBLPEPLXXX,PAGO PROVEEDOR 05854,OUR
10005855,BENEFICIARIO 05855,001000005855,USD,4284.65,CITIPEPLXXX,PAGO PROVEEDOR 05855,BEN
10005856,BENEFICIARIO 05856,001000005856,PEN,4285.38,BCPLPEPLXXX,PAGO PROVEEDOR 05856,SHA
10005857,BENEFICIARIO 05857,001000005857,PEN,4286.11,BINPPEPLXXX,PAGO PROVEEDOR 05857,OUR
10005858,BENEFICIARIO 05858,001000005858,PEN,4286.84,SCBLPEPLXXX,PAGO PROVEEDOR 05858,BEN
10005859,BENEFICIARIO 05859,001000005859,PEN,4287.57,CITIPEPLXXX,PAGO PROVEEDOR 05859,SHA
10005860,BENEFICIARIO 05860,001000005860,USD,4288.30,BCPLPEPLXXX,PAGO PROVEEDOR 05860,OUR
10005861,BENEFICIARIO 05861,001000005861,PEN,4289.03,BINPPEPLXXX,PAGO PROVEEDOR 05861,BEN
10005862,BENEFICIARIO 05862,001000005862,PEN,4289.76,SCBLPEPLXXX,PAGO PROVEEDOR 05862,SHA
10005863,BENEFICIARIO 05863,001000005863,PEN,4290.49,CITIPEPLXXX,PAGO PROVEEDOR 05863,OUR
10005864,BENEFICIARIO 05864,001000005864,PEN,4291.22,BCPLPEPLXXX,PAGO PROVEEDOR 05864,BEN
10005865,BENEFICIARIO 05865,001000005865,USD,4291.95,BINPPEPLXXX,PAGO PROVEEDOR 05865,SHA
10005866,BENEFICIARIO 05866,001000005866,PEN,4292.68,SCBLPEPLXXX,PAGO PROVEEDOR 05866,OUR
10005867,BENEFICIARIO 05867,001000005867,PEN,4293.41,CITIPEPLXXX,PAGO PROVEEDOR 05867,BEN
10005868,BENEFICIARIO 05868,001000005868,PEN,4294.14,BCPLPEPLXXX,PAGO PROVEEDOR 05868,SHA
10005869,BENEFICIARIO 05869,001000005869,PEN,4294.87,BINPPEPLXXX,PAGO PROVEEDOR 05869,OUR
10005870,BENEFICIARIO 05870,001000005870,USD,4295.60,SCBLPEPLXXX,PAGO PROVEEDOR 05870,BEN
10005871,BENEFICIARIO 05871,001000005871,PEN,4296.33,CITIPEPLXXX,PAGO PROVEEDOR 05871,SHA
10005872,BENEFICIARIO 05872,001000005872,PEN,4297.06,BCPLPEPLXXX,PAGO PROVEEDOR 05872,OUR
10005873,BENEFICIARIO 05873,001000005873,PEN,4297.79,BINPPEPLXXX,PAGO PROVEEDOR 05873,BEN
10005874,BENEFICIARIO 05874,001000005874,PEN,4298.52,SCBLPEPLXXX,PAGO PROVEEDOR 05874,SHA
10005875,BENEFICIARIO 05875,001000005875,USD,4299.25,CITIPEPLXXX,PAGO PROVEEDOR 05875,OUR
10005876,BENEFICIARIO 05876,001000005876,PEN,4299.98,BCPLPEPLXXX,PAGO PROVEEDOR 05876,BEN
10005877,BENEFICIARIO 05877,001000005877,PEN,4300.71,BINPPEPLXXX,PAGO PROVEEDOR 05877,SHA
10005878,BENEFICIARIO 05878,001000005878,PEN,4301.44,SCBLPEPLXXX,PAGO PROVEEDOR 05878,OUR
10005879,BENEFICIARIO 05879,001000005879,PEN,4302.17,CITIPEPLXXX,PAGO PROVEEDOR 05879,BEN
10005880,BENEFICIARIO 05880,001000005880,USD,4302.90,BCPLPEPLXXX,PAGO PROVEEDOR 05880,SHA
10005881,BENEFICIARIO 05881,001000005881,PEN,4303.63,BINPPEPLXXX,PAGO PROVEEDOR 05881,OUR
10005882,BENEFICIARIO 05882,001000005882,PEN,4304.36,SCBLPEPLXXX,PAGO PROVEEDOR 05882,BEN
10005883,BENEFICIARIO 05883,001000005883,PEN,4305.09,CITIPEPLXXX,PAGO PROVEEDOR 05883,SHA
10005884,BENEFICIARIO 05884,001000005884,PEN,4305.82,BCPLPEPLXXX,PAGO PROVEEDOR 05884,OUR
10005885,BENEFICIARIO 05885,001000005885,USD,4306.55,BINPPEPLXXX,PAGO PROVEEDOR 05885,BEN
10005886,BENEFICIARIO 05886,001000005886,PEN,4307.28,SCBLPEPLXXX,PAGO PROVEEDOR 05886,SHA
10005887,BENEFICIARIO 05887,001000005887,PEN,4308.01,CITIPEPLXXX,PAGO PROVEEDOR 05887,OUR
10005888,BENEFICIARIO 05888,001000005888,PEN,4308.74,BCPLPEPLXXX,PAGO PROVEEDOR 05888,BEN
10005889,BENEFICIARIO 05889,001000005889,PEN,4309.47,BINPPEPLXXX,PAGO PROVEEDOR 05889,SHA
10005890,BENEFICIARIO 05890,001000005890,USD,4310.20,SCBLPEPLXXX,PAGO PROVEEDOR 05890,OUR
10005891,BENEFICIARIO 05891,001000005891,PEN,4310.93,CITIPEPLXXX,PAGO PROVEEDOR 05891,BEN
10005892,BENEFICIARIO 05892,001000005892,PEN,4311.66,BCPLPEPLXXX,PAGO PROVEEDOR 05892,SHA
10005893,BENEFICIARIO 05893,001000005893,PEN,4312.39,BINPPEPLXXX,PAGO PROVEEDOR 05893,OUR
10005894,BENEFICIARIO 05894,001000005894,PEN,4313.12,SCBLPEPLXXX,PAGO PROVEEDOR 05894,BEN
10005895,BENEFICIARIO 05895,001000005895,USD,4313.85,CITIPEPLXXX,PAGO PROVEEDOR 05895,SHA
10005896,BENEFICIARIO 05896,001000005896,PEN,4314.58,BCPLPEPLXXX,PAGO PROVEEDOR 05896,OUR
10005897,BENEFICIARIO 05897,001000005897,PEN,4315.31,BINPPEPLXXX,PAGO PROVEEDOR 05897,BEN
10005898,BENEFICIARIO 05898,001000005898,PEN,4316.04,SCBLPEPLXXX,PAGO PROVEEDOR 05898,SHA
10005899,BENEFICIARIO 05899,001000005899,PEN,4316.77,CITIPEPLXXX,PAGO PROVEEDOR 05899,OUR
10005900,BENEFICIARIO 05900,001000005900,USD,4317.50,BCPLPEPLXXX,PAGO PROVEEDOR 05900,BEN
10005901,BENEFICIARIO 05901,001000005901,PEN,4318.23,BINPPEPLXXX,PAGO PROVEEDOR 05901,SHA
10005902,BENEFICIARIO 05902,001000005902,PEN,4318.96,SCBLPEPLXXX,PAGO PROVEEDOR 05902,OUR
10005903,BENEFICIARIO 05903,001000005903,PEN,4319.69,CITIPEPLXXX,PAGO PROVEEDOR 05903,BEN
10005904,BENEFICIARIO 05904,001000005904,PEN,4320.42,BCPLPEPLXXX,PAGO PROVEEDOR 05904,SHA
10005905,BENEFICIARIO 05905,001000005905,USD,4321.15,BINPPEPLXXX,PAGO PROVEEDOR 05905,OUR
10005906,BENEFICIARIO 05906,001000005906,PEN,4321.88,SCBLPEPLXXX,PAGO PROVEEDOR 05906,BEN
10005907,BENEFICIARIO 05907,001000005907,PEN,4322.61,CITIPEPLXXX,PAGO PROVEEDOR 05907,SHA
10005908,BENEFICIARIO 05908,001000005908,PEN,4323.34,BCPLPEPLXXX,PAGO PROVEEDOR 05908,OUR
10005909,BENEFICIARIO 05909,001000005909,PEN,4324.07,BINPPEPLXXX,PAGO PROVEEDOR 05909,BEN
10005910,BENEFICIARIO 05910,001000005910,USD,4324.80,SCBLPEPLXXX,PAGO PROVEEDOR 05910,SHA
10005911,BENEFICIARIO 05911,001000005911,PEN,4325.53,CITIPEPLXXX,PAGO PROVEEDOR 05911,OUR
10005912,BENEFICIARIO 05912,001000005912,PEN,4326.26,BCPLPEPLXXX,PAGO PROVEEDOR 05912,BEN
10005913,BENEFICIARIO 05913,001000005913,PEN,4326.99,BINPPEPLXXX,PAGO PROVEEDOR 05913,SHA
10005914,BENEFICIARIO 05914,001000005914,PEN,4327.72,SCBLPEPLXXX,PAGO PROVEEDOR 05914,OUR
10005915,BENEFICIARIO 05915,001000005915,USD,4328.45,CITIPEPLXXX,PAGO PROVEEDOR 05915,BEN
10005916,BENEFICIARIO 05916,001000005916,PEN,4329.18,BCPLPEPLXXX,PAGO PROVEEDOR 05916,SHA
10005917,BENEFICIARIO 05917,001000005917,PEN,4329.91,BINPPEPLXXX,PAGO PROVEEDOR 05917,OUR
10005918,BENEFICIARIO 05918,001000005918,PEN,4330.64,SCBLPEPLXXX,PAGO PROVEEDOR 05918,BEN
10005919,BENEFICIARIO 05919,001000005919,PEN,4331.37,CITIPEPLXXX,PAGO PROVEEDOR 05919,SHA
10005920,BENEFICIARIO 05920,001000005920,USD,4332.10,BCPLPEPLXXX,PAGO PROVEEDOR 05920,OUR
10005921,BENEFICIARIO 05921,001000005921,PEN,4332.83,BINPPEPLXXX,PAGO PROVEEDOR 05921,BEN
10005922,BENEFICIARIO 05922,001000005922,PEN,4333.56,SCBLPEPLXXX,PAGO PROVEEDOR 05922,SHA
10005923,BENEFICIARIO 05923,001000005923,PEN,4334.29,CITIPEPLXXX,PAGO PROVEEDOR 05923,OUR
10005924,BENEFICIARIO 05924,001000005924,PEN,4335.02,BCPLPEPLXXX,PAGO PROVEEDOR 05924,BEN
10005925,BENEFICIARIO 05925,001000005925,USD,4335.75,BINPPEPLXXX,PAGO PROVEEDOR 05925,SHA
10005926,BENEFICIARIO 05926,001000005926,PEN,4336.48,SCBLPEPLXXX,PAGO PROVEEDOR 05926,OUR
10005927,BENEFICIARIO 05927,001000005927,PEN,4337.21,CITIPEPLXXX,PAGO PROVEEDOR 05927,BEN
10005928,BENEFICIARIO 05928,001000005928,PEN,4337.94,BCPLPEPLXXX,PAGO PROVEEDOR 05928,SHA
10005929,BENEFICIARIO 05929,001000005929,PEN,4338.67,BINPPEPLXXX,PAGO PROVEEDOR 05929,OUR
10005930,BENEFICIARIO 05930,001000005930,USD,4339.40,SCBLPEPLXXX,PAGO PROVEEDOR 05930,BEN
10005931,BENEFICIARIO 05931,001000005931,PEN,4340.13,CITIPEPLXXX,PAGO PROVEEDOR 05931,SHA
10005932,BENEFICIARIO 05932,001000005932,PEN,4340.86,BCPLPEPLXXX,PAGO PROVEEDOR 05932,OUR
10005933,BENEFICIARIO 05933,001000005933,PEN,4341.59,BINPPEPLXXX,PAGO PROVEEDOR 05933,BEN
10005934,BENEFICIARIO 05934,001000005934,PEN,4342.32,SCBLPEPLXXX,PAGO PROVEEDOR 05934,SHA
10005935,BENEFICIARIO 05935,001000005935,USD,4343.05,CITIPEPLXXX,PAGO PROVEEDOR 05935,OUR
10005936,BENEFICIARIO 05936,001000005936,PEN,4343.78,BCPLPEPLXXX,PAGO PROVEEDOR 05936,BEN
10005937,BENEFICIARIO 05937,001000005937,PEN,4344.51,BINPPEPLXXX,PAGO PROVEEDOR 05937,SHA
10005938,BENEFICIARIO 05938,001000005938,PEN,4345.24,SCBLPEPLXXX,PAGO PROVEEDOR 05938,OUR
10005939,BENEFICIARIO 05939,001000005939,PEN,4345.97,CITIPEPLXXX,PAGO PROVEEDOR 05939,BEN
10005940,BENEFICIARIO 05940,001000005940,USD,4346.70,BCPLPEPLXXX,PAGO PROVEEDOR 05940,SHA
10005941,BENEFICIARIO 05941,001000005941,PEN,4347.43,BINPPEPLXXX,PAGO PROVEEDOR 05941,OUR
10005942,BENEFICIARIO 05942,001000005942,PEN,4348.16,SCBLPEPLXXX,PAGO PROVEEDOR 05942,BEN
10005943,BENEFICIARIO 05943,001000005943,PEN,4348.89,CITIPEPLXXX,PAGO PROVEEDOR 05943,SHA
10005944,BENEFICIARIO 05944,001000005944,PEN,4349.62,BCPLPEPLXXX,PAGO PROVEEDOR 05944,OUR
10005945,BENEFICIARIO 05945,001000005945,USD,4350.35,BINPPEPLXXX,PAGO PROVEEDOR 05945,BEN
10005946,BENEFICIARIO 05946,001000005946,PEN,4351.08,SCBLPEPLXXX,PAGO PROVEEDOR 05946,SHA
10005947,BENEFICIARIO 05947,001000005947,PEN,4351.81,CITIPEPLXXX,PAGO PROVEEDOR 05947,OUR
10005948,BENEFICIARIO 05948,001000005948,PEN,4352.54,BCPLPEPLXXX,PAGO PROVEEDOR 05948,BEN
10005949,BENEFICIARIO 05949,001000005949,PEN,4353.27,BINPPEPLXXX,PAGO PROVEEDOR 05949,SHA
10005950,BENEFICIARIO 05950,001000005950,USD,4354.00,SCBLPEPLXXX,PAGO PROVEEDOR 05950,OUR
10005951,BENEFICIARIO 05951,001000005951,PEN,4354.73,CITIPEPLXXX,PAGO PROVEEDOR 05951,BEN
10005952,BENEFICIARIO 05952,001000005952,PEN,4355.46,BCPLPEPLXXX,PAGO PROVEEDOR 05952,SHA
10005953,BENEFICIARIO 05953,001000005953,PEN,4356.19,BINPPEPLXXX,PAGO PROVEEDOR 05953,OUR
10005954,BENEFICIARIO 05954,001000005954,PEN,4356.92,SCBLPEPLXXX,PAGO PROVEEDOR 05954,BEN
10005955,BENEFICIARIO 05955,001000005955,USD,4357.65,CITIPEPLXXX,PAGO PROVEEDOR 05955,SHA
10005956,BENEFICIARIO 05956,001000005956,PEN,4358.38,BCPLPEPLXXX,PAGO PROVEEDOR 05956,OUR
10005957,BENEFICIARIO 05957,001000005957,PEN,4359.11,BINPPEPLXXX,PAGO PROVEEDOR 05957,BEN
10005958,BENEFICIARIO 05958,001000005958,PEN,4359.84,SCBLPEPLXXX,PAGO PROVEEDOR 05958,SHA
10005959,BENEFICIARIO 05959,001000005959,PEN,4360.57,CITIPEPLXXX,PAGO PROVEEDOR 05959,OUR
10005960,BENEFICIARIO 05960,001000005960,USD,4361.30,BCPLPEPLXXX,PAGO PROVEEDOR 05960,BEN
10005961,BENEFICIARIO 05961,001000005961,PEN,4362.03,BINPPEPLXXX,PAGO PROVEEDOR 05961,SHA
10005962,BENEFICIARIO 05962,001000005962,PEN,4362.76,SCBLPEPLXXX,PAGO PROVEEDOR 05962,OUR
10005963,BENEFICIARIO 05963,001000005963,PEN,4363.49,CITIPEPLXXX,PAGO PROVEEDOR 05963,BEN
10005964,BENEFICIARIO 05964,001000005964,PEN,4364.22,BCPLPEPLXXX,PAGO PROVEEDOR 05964,SHA
10005965,BENEFICIARIO 05965,001000005965,USD,4364.95,BINPPEPLXXX,PAGO PROVEEDOR 05965,OUR
10005966,BENEFICIARIO 05966,001000005966,PEN,4365.68,SCBLPEPLXXX,PAGO PROVEEDOR 05966,BEN
10005967,BENEFICIARIO 05967,001000005967,PEN,4366.41,CITIPEPLXXX,PAGO PROVEEDOR 05967,SHA
10005968,BENEFICIARIO 05968,001000005968,PEN,4367.14,BCPLPEPLXXX,PAGO PROVEEDOR 05968,OUR
10005969,BENEFICIARIO 05969,001000005969,PEN,4367.87,BINPPEPLXXX,PAGO PROVEEDOR 05969,BEN
10005970,BENEFICIARIO 05970,001000005970,USD,4368.60,SCBLPEPLXXX,PAGO PROVEEDOR 05970,SHA
10005971,BENEFICIARIO 05971,001000005971,PEN,4369.33,CITIPEPLXXX,PAGO PROVEEDOR 05971,OUR
10005972,BENEFICIARIO 05972,001000005972,PEN,4370.06,BCPLPEPLXXX,PAGO PROVEEDOR 05972,BEN
10005973,BENEFICIARIO 05973,001000005973,PEN,4370.79,BINPPEPLXXX,PAGO PROVEEDOR 05973,SHA
10005974,BENEFICIARIO 05974,001000005974,PEN,4371.52,SCBLPEPLXXX,PAGO PROVEEDOR 05974,OUR
10005975,BENEFICIARIO 05975,001000005975,USD,4372.25,CITIPEPLXXX,PAGO PROVEEDOR 05975,BEN
10005976,BENEFICIARIO 05976,001000005976,PEN,4372.98,BCPLPEPLXXX,PAGO PROVEEDOR 05976,SHA
10005977,BENEFICIARIO 05977,001000005977,PEN,4373.71,BINPPEPLXXX,PAGO PROVEEDOR 05977,OUR
10005978,BENEFICIARIO 05978,001000005978,PEN,4374.44,SCBLPEPLXXX,PAGO PROVEEDOR 05978,BEN
10005979,BENEFICIARIO 05979,001000005979,PEN,4375.17,CITIPEPLXXX,PAGO PROVEEDOR 05979,SHA
10005980,BENEFICIARIO 05980,001000005980,USD,4375.90,BCPLPEPLXXX,PAGO PROVEEDOR 05980,OUR
10005981,BENEFICIARIO 05981,001000005981,PEN,4376.63,BINPPEPLXXX,PAGO PROVEEDOR 05981,BEN
10005982,BENEFICIARIO 05982,001000005982,PEN,4377.36,SCBLPEPLXXX,PAGO PROVEEDOR 05982,SHA
10005983,BENEFICIARIO 05983,001000005983,PEN,4378.09,CITIPEPLXXX,PAGO PROVEEDOR 05983,OUR
10005984,BENEFICIARIO 05984,001000005984,PEN,4378.82,BCPLPEPLXXX,PAGO PROVEEDOR 05984,BEN
10005985,BENEFICIARIO 05985,001000005985,USD,4379.55,BINPPEPLXXX,PAGO PROVEEDOR 05985,SHA
10005986,BENEFICIARIO 05986,001000005986,PEN,4380.28,SCBLPEPLXXX,PAGO PROVEEDOR 05986,OUR
10005987,BENEFICIARIO 05987,001000005987,PEN,4381.01,CITIPEPLXXX,PAGO PROVEEDOR 05987,BEN
10005988,BENEFICIARIO 05988,001000005988,PEN,4381.74,BCPLPEPLXXX,PAGO PROVEEDOR 05988,SHA
10005989,BENEFICIARIO 05989,001000005989,PEN,4382.47,BINPPEPLXXX,PAGO PROVEEDOR 05989,OUR
10005990,BENEFICIARIO 05990,001000005990,USD,4383.20,SCBLPEPLXXX,PAGO PROVEEDOR 05990,BEN
10005991,BENEFICIARIO 05991,001000005991,PEN,4383.93,CITIPEPLXXX,PAGO PROVEEDOR 05991,SHA
10005992,BENEFICIARIO 05992,001000005992,PEN,4384.66,BCPLPEPLXXX,PAGO PROVEEDOR 05992,OUR
10005993,BENEFICIARIO 05993,001000005993,PEN,4385.39,BINPPEPLXXX,PAGO PROVEEDOR 05993,BEN
10005994,BENEFICIARIO 05994,001000005994,PEN,4386.12,SCBLPEPLXXX,PAGO PROVEEDOR 05994,SHA
10005995,BENEFICIARIO 05995,001000005995,USD,4386.85,CITIPEPLXXX,PAGO PROVEEDOR 05995,OUR
10005996,BENEFICIARIO 05996,001000005996,PEN,4387.58,BCPLPEPLXXX,PAGO PROVEEDOR 05996,BEN
10005997,BENEFICIARIO 05997,001000005997,PEN,4388.31,BINPPEPLXXX,PAGO PROVEEDOR 05997,SHA
10005998,BENEFICIARIO 05998,001000005998,PEN,4389.04,SCBLPEPLXXX,PAGO PROVEEDOR 05998,OUR
10005999,BENEFICIARIO 05999,001000005999,PEN,4389.77,CITIPEPLXXX,PAGO PROVEEDOR 05999,BEN
10006000,BENEFICIARIO 06000,001000006000,USD,4390.50,BCPLPEPLXXX,PAGO PROVEEDOR 06000,SHA
10006001,BENEFICIARIO 06001,001000006001,PEN,4391.23,BINPPEPLXXX,PAGO PROVEEDOR 06001,OUR
10006002,BENEFICIARIO 06002,001000006002,PEN,4391.96,SCBLPEPLXXX,PAGO PROVEEDOR 06002,BEN
10006003,BENEFICIARIO 06003,001000006003,PEN,4392.69,CITIPEPLXXX,PAGO PROVEEDOR 06003,SHA
10006004,BENEFICIARIO 06004,001000006004,PEN,4393.42,BCPLPEPLXXX,PAGO PROVEEDOR 06004,OUR
10006005,BENEFICIARIO 06005,001000006005,USD,4394.15,BINPPEPLXXX,PAGO PROVEEDOR 06005,BEN
10006006,BENEFICIARIO 06006,001000006006,PEN,4394.88,SCBLPEPLXXX,PAGO PROVEEDOR 06006,SHA
10006007,BENEFICIARIO 06007,001000006007,PEN,4395.61,CITIPEPLXXX,PAGO PROVEEDOR 06007,OUR
10006008,BENEFICIARIO 06008,001000006008,PEN,4396.34,BCPLPEPLXXX,PAGO PROVEEDOR 06008,BEN
10006009,BENEFICIARIO 06009,001000006009,PEN,4397.07,BINPPEPLXXX,PAGO PROVEEDOR 06009,SHA
10006010,BENEFICIARIO 06010,001000006010,USD,4397.80,SCBLPEPLXXX,PAGO PROVEEDOR 06010,OUR
10006011,BENEFICIARIO 06011,001000006011,PEN,4398.53,CITIPEPLXXX,PAGO PROVEEDOR 06011,BEN
10006012,BENEFICIARIO 06012,001000006012,PEN,4399.26,BCPLPEPLXXX,PAGO PROVEEDOR 06012,SHA
10006013,BENEFICIARIO 06013,001000006013,PEN,4399.99,BINPPEPLXXX,PAGO PROVEEDOR 06013,OUR
10006014,BENEFICIARIO 06014,001000006014,PEN,4400.72,SCBLPEPLXXX,PAGO PROVEEDOR 06014,BEN
10006015,BENEFICIARIO 06015,001000006015,USD,4401.45,CITIPEPLXXX,PAGO PROVEEDOR 06015,SHA
10006016,BENEFICIARIO 06016,001000006016,PEN,4402.18,BCPLPEPLXXX,PAGO PROVEEDOR 06016,OUR
10006017,BENEFICIARIO 06017,001000006017,PEN,4402.91,BINPPEPLXXX,PAGO PROVEEDOR 06017,BEN
10006018,BENEFICIARIO 06018,001000006018,PEN,4403.64,SCBLPEPLXXX,PAGO PROVEEDOR 06018,SHA
10006019,BENEFICIARIO 06019,001000006019,PEN,4404.37,CITIPEPLXXX,PAGO PROVEEDOR 06019,OUR
10006020,BENEFICIARIO 06020,001000006020,USD,4405.10,BCPLPEPLXXX,PAGO PROVEEDOR 06020,BEN
10006021,BENEFICIARIO 06021,001000006021,PEN,4405.83,BINPPEPLXXX,PAGO PROVEEDOR 06021,SHA
10006022,BENEFICIARIO 06022,001000006022,PEN,4406.56,SCBLPEPLXXX,PAGO PROVEEDOR 06022,OUR
10006023,BENEFICIARIO 06023,001000006023,PEN,4407.29,CITIPEPLXXX,PAGO PROVEEDOR 06023,BEN
10006024,BENEFICIARIO 06024,001000006024,PEN,4408.02,BCPLPEPLXXX,PAGO PROVEEDOR 06024,SHA
10006025,BENEFICIARIO 06025,001000006025,USD,4408.75,BINPPEPLXXX,PAGO PROVEEDOR 06025,OUR
10006026,BENEFICIARIO 06026,001000006026,PEN,4409.48,SCBLPEPLXXX,PAGO PROVEEDOR 06026,BEN
10006027,BENEFICIARIO 06027,001000006027,PEN,4410.21,CITIPEPLXXX,PAGO PROVEEDOR 06027,SHA
10006028,BENEFICIARIO 06028,001000006028,PEN,4410.94,BCPLPEPLXXX,PAGO PROVEEDOR 06028,OUR
10006029,BENEFICIARIO 06029,001000006029,PEN,4411.67,BINPPEPLXXX,PAGO PROVEEDOR 06029,BEN
10006030,BENEFICIARIO 06030,001000006030,USD,4412.40,SCBLPEPLXXX,PAGO PROVEEDOR 06030,SHA
10006031,BENEFICIARIO 06031,001000006031,PEN,4413.13,CITIPEPLXXX,PAGO PROVEEDOR 06031,OUR
10006032,BENEFICIARIO 06032,001000006032,PEN,4413.86,BCPLPEPLXXX,PAGO PROVEEDOR 06032,BEN
10006033,BENEFICIARIO 06033,001000006033,PEN,4414.59,BINPPEPLXXX,PAGO PROVEEDOR 06033,SHA
10006034,BENEFICIARIO 06034,001000006034,PEN,4415.32,SCBLPEPLXXX,PAGO PROVEEDOR 06034,OUR
10006035,BENEFICIARIO 06035,001000006035,USD,4416.05,CITIPEPLXXX,PAGO PROVEEDOR 06035,BEN
10006036,BENEFICIARIO 06036,001000006036,PEN,4416.78,BCPLPEPLXXX,PAGO PROVEEDOR 06036,SHA
10006037,BENEFICIARIO 06037,001000006037,PEN,4417.51,BINPPEPLXXX,PAGO PROVEEDOR 06037,OUR
10006038,BENEFICIARIO 06038,001000006038,PEN,4418.24,SCBLPEPLXXX,PAGO PROVEEDOR 06038,BEN
10006039,BENEFICIARIO 06039,001000006039,PEN,4418.97,CITIPEPLXXX,PAGO PROVEEDOR 06039,SHA
10006040,BENEFICIARIO 06040,001000006040,USD,4419.70,BCPLPEPLXXX,PAGO PROVEEDOR 06040,OUR
10006041,BENEFICIARIO 06041,001000006041,PEN,4420.43,BINPPEPLXXX,PAGO PROVEEDOR 06041,BEN
10006042,BENEFICIARIO 06042,001000006042,PEN,4421.16,SCBLPEPLXXX,PAGO PROVEEDOR 06042,SHA
10006043,BENEFICIARIO 06043,001000006043,PEN,4421.89,CITIPEPLXXX,PAGO PROVEEDOR 06043,OUR
10006044,BENEFICIARIO 06044,001000006044,PEN,4422.62,BCPLPEPLXXX,PAGO PROVEEDOR 06044,BEN
10006045,BENEFICIARIO 06045,001000006045,USD,4423.35,BINPPEPLXXX,PAGO PROVEEDOR 06045,SHA
10006046,BENEFICIARIO 06046,001000006046,PEN,4424.08,SCBLPEPLXXX,PAGO PROVEEDOR 06046,OUR
10006047,BENEFICIARIO 06047,001000006047,PEN,4424.81,CITIPEPLXXX,PAGO PROVEEDOR 06047,BEN
10006048,BENEFICIARIO 06048,001000006048,PEN,4425.54,BCPLPEPLXXX,PAGO PROVEEDOR 06048,SHA
10006049,BENEFICIARIO 06049,001000006049,PEN,4426.27,BINPPEPLXXX,PAGO PROVEEDOR 06049,OUR
10006050,BENEFICIARIO 06050,001000006050,USD,4427.00,SCBLPEPLXXX,PAGO PROVEEDOR 06050,BEN
10006051,BENEFICIARIO 06051,001000006051,PEN,4427.73,CITIPEPLXXX,PAGO PROVEEDOR 06051,SHA
10006052,BENEFICIARIO 06052,001000006052,PEN,4428.46,BCPLPEPLXXX,PAGO PROVEEDOR 06052,OUR
10006053,BENEFICIARIO 06053,001000006053,PEN,4429.19,BINPPEPLXXX,PAGO PROVEEDOR 06053,BEN
10006054,BENEFICIARIO 06054,001000006054,PEN,4429.92,SCBLPEPLXXX,PAGO PROVEEDOR 06054,SHA
10006055,BENEFICIARIO 06055,001000006055,USD,4430.65,CITIPEPLXXX,PAGO PROVEEDOR 06055,OUR
10006056,BENEFICIARIO 06056,001000006056,PEN,4431.38,BCPLPEPLXXX,PAGO PROVEEDOR 06056,BEN
10006057,BENEFICIARIO 06057,001000006057,PEN,4432.11,BINPPEPLXXX,PAGO PROVEEDOR 06057,SHA
10006058,BENEFICIARIO 06058,001000006058,PEN,4432.84,SCBLPEPLXXX,PAGO PROVEEDOR 06058,OUR
10006059,BENEFICIARIO 06059,001000006059,PEN,4433.57,CITIPEPLXXX,PAGO PROVEEDOR 06059,BEN
10006060,BENEFICIARIO 06060,001000006060,USD,4434.30,BCPLPEPLXXX,PAGO PROVEEDOR 06060,SHA
10006061,BENEFICIARIO 06061,001000006061,PEN,4435.03,BINPPEPLXXX,PAGO PROVEEDOR 06061,OUR
10006062,BENEFICIARIO 06062,001000006062,PEN,4435.76,SCBLPEPLXXX,PAGO PROVEEDOR 06062,BEN
10006063,BENEFICIARIO 06063,001000006063,PEN,4436.49,CITIPEPLXXX,PAGO PROVEEDOR 06063,SHA
10006064,BENEFICIARIO 06064,001000006064,PEN,4437.22,BCPLPEPLXXX,PAGO PROVEEDOR 06064,OUR
10006065,BENEFICIARIO 06065,001000006065,USD,4437.95,BINPPEPLXXX,PAGO PROVEEDOR 06065,BEN
10006066,BENEFICIARIO 06066,001000006066,PEN,4438.68,SCBLPEPLXXX,PAGO PROVEEDOR 06066,SHA
10006067,BENEFICIARIO 06067,001000006067,PEN,4439.41,CITIPEPLXXX,PAGO PROVEEDOR 06067,OUR
10006068,BENEFICIARIO 06068,001000006068,PEN,4440.14,BCPLPEPLXXX,PAGO PROVEEDOR 06068,BEN
10006069,BENEFICIARIO 06069,001000006069,PEN,4440.87,BINPPEPLXXX,PAGO PROVEEDOR 06069,SHA
10006070,BENEFICIARIO 06070,001000006070,USD,4441.60,SCBLPEPLXXX,PAGO PROVEEDOR 06070,OUR
10006071,BENEFICIARIO 06071,001000006071,PEN,4442.33,CITIPEPLXXX,PAGO PROVEEDOR 06071,BEN
10006072,BENEFICIARIO 06072,001000006072,PEN,4443.06,BCPLPEPLXXX,PAGO PROVEEDOR 06072,SHA
10006073,BENEFICIARIO 06073,001000006073,PEN,4443.79,BINPPEPLXXX,PAGO PROVEEDOR 06073,OUR
10006074,BENEFICIARIO 06074,001000006074,PEN,4444.52,SCBLPEPLXXX,PAGO PROVEEDOR 06074,BEN
10006075,BENEFICIARIO 06075,001000006075,USD,4445.25,CITIPEPLXXX,PAGO PROVEEDOR 06075,SHA
10006076,BENEFICIARIO 06076,001000006076,PEN,4445.98,BCPLPEPLXXX,PAGO PROVEEDOR 06076,OUR
10006077,BENEFICIARIO 06077,001000006077,PEN,4446.71,BINPPEPLXXX,PAGO PROVEEDOR 06077,BEN
10006078,BENEFICIARIO 06078,001000006078,PEN,4447.44,SCBLPEPLXXX,PAGO PROVEEDOR 06078,SHA
10006079,BENEFICIARIO 06079,001000006079,PEN,4448.17,CITIPEPLXXX,PAGO PROVEEDOR 06079,OUR
10006080,BENEFICIARIO 06080,001000006080,USD,4448.90,BCPLPEPLXXX,PAGO PROVEEDOR 06080,BEN
10006081,BENEFICIARIO 06081,001000006081,PEN,4449.63,BINPPEPLXXX,PAGO PROVEEDOR 06081,SHA
10006082,BENEFICIARIO 06082,001000006082,PEN,4450.36,SCBLPEPLXXX,PAGO PROVEEDOR 06082,OUR
10006083,BENEFICIARIO 06083,001000006083,PEN,4451.09,CITIPEPLXXX,PAGO PROVEEDOR 06083,BEN
10006084,BENEFICIARIO 06084,001000006084,PEN,4451.82,BCPLPEPLXXX,PAGO PROVEEDOR 06084,SHA
10006085,BENEFICIARIO 06085,001000006085,USD,4452.55,BINPPEPLXXX,PAGO PROVEEDOR 06085,OUR
10006086,BENEFICIARIO 06086,001000006086,PEN,4453.28,SCBLPEPLXXX,PAGO PROVEEDOR 06086,BEN
10006087,BENEFICIARIO 06087,001000006087,PEN,4454.01,CITIPEPLXXX,PAGO PROVEEDOR 06087,SHA
10006088,BENEFICIARIO 06088,001000006088,PEN,4454.74,BCPLPEPLXXX,PAGO PROVEEDOR 06088,OUR
10006089,BENEFICIARIO 06089,001000006089,PEN,4455.47,BINPPEPLXXX,PAGO PROVEEDOR 06089,BEN
10006090,BENEFICIARIO 06090,001000006090,USD,4456.20,SCBLPEPLXXX,PAGO PROVEEDOR 06090,SHA
10006091,BENEFICIARIO 06091,001000006091,PEN,4456.93,CITIPEPLXXX,PAGO PROVEEDOR 06091,OUR
10006092,BENEFICIARIO 06092,001000006092,PEN,4457.66,BCPLPEPLXXX,PAGO PROVEEDOR 06092,BEN
10006093,BENEFICIARIO 06093,001000006093,PEN,4458.39,BINPPEPLXXX,PAGO PROVEEDOR 06093,SHA
10006094,BENEFICIARIO 06094,001000006094,PEN,4459.12,SCBLPEPLXXX,PAGO PROVEEDOR 06094,OUR
10006095,BENEFICIARIO 06095,001000006095,USD,4459.85,CITIPEPLXXX,PAGO PROVEEDOR 06095,BEN
10006096,BENEFICIARIO 06096,001000006096,PEN,4460.58,BCPLPEPLXXX,PAGO PROVEEDOR 06096,SHA
10006097,BENEFICIARIO 06097,001000006097,PEN,4461.31,BINPPEPLXXX,PAGO PROVEEDOR 06097,OUR
10006098,BENEFICIARIO 06098,001000006098,PEN,4462.04,SCBLPEPLXXX,PAGO PROVEEDOR 06098,BEN
10006099,BENEFICIARIO 06099,001000006099,PEN,4462.77,CITIPEPLXXX,PAGO PROVEEDOR 06099,SHA
10006100,BENEFICIARIO 06100,001000006100,USD,4463.50,BCPLPEPLXXX,PAGO PROVEEDOR 06100,OUR
10006101,BENEFICIARIO 06101,001000006101,PEN,4464.23,BINPPEPLXXX,PAGO PROVEEDOR 06101,BEN
10006102,BENEFICIARIO 06102,001000006102,PEN,4464.96,SCBLPEPLXXX,PAGO PROVEEDOR 06102,SHA
10006103,BENEFICIARIO 06103,001000006103,PEN,4465.69,CITIPEPLXXX,PAGO PROVEEDOR 06103,OUR
10006104,BENEFICIARIO 06104,001000006104,PEN,4466.42,BCPLPEPLXXX,PAGO PROVEEDOR 06104,BEN
10006105,BENEFICIARIO 06105,001000006105,USD,4467.15,BINPPEPLXXX,PAGO PROVEEDOR 06105,SHA
10006106,BENEFICIARIO 06106,001000006106,PEN,4467.88,SCBLPEPLXXX,PAGO PROVEEDOR 06106,OUR
10006107,BENEFICIARIO 06107,001000006107,PEN,4468.61,CITIPEPLXXX,PAGO PROVEEDOR 06107,BEN
10006108,BENEFICIARIO 06108,001000006108,PEN,4469.34,BCPLPEPLXXX,PAGO PROVEEDOR 06108,SHA
10006109,BENEFICIARIO 06109,001000006109,PEN,4470.07,BINPPEPLXXX,PAGO PROVEEDOR 06109,OUR
10006110,BENEFICIARIO 06110,001000006110,USD,4470.80,SCBLPEPLXXX,PAGO PROVEEDOR 06110,BEN
10006111,BENEFICIARIO 06111,001000006111,PEN,4471.53,CITIPEPLXXX,PAGO PROVEEDOR 06111,SHA
10006112,BENEFICIARIO 06112,001000006112,PEN,4472.26,BCPLPEPLXXX,PAGO PROVEEDOR 06112,OUR
10006113,BENEFICIARIO 06113,001000006113,PEN,4472.99,BINPPEPLXXX,PAGO PROVEEDOR 06113,BEN
10006114,BENEFICIARIO 06114,001000006114,PEN,4473.72,SCBLPEPLXXX,PAGO PROVEEDOR 06114,SHA
10006115,BENEFICIARIO 06115,001000006115,USD,4474.45,CITIPEPLXXX,PAGO PROVEEDOR 06115,OUR
10006116,BENEFICIARIO 06116,001000006116,PEN,4475.18,BCPLPEPLXXX,PAGO PROVEEDOR 06116,BEN
10006117,BENEFICIARIO 06117,001000006117,PEN,4475.91,BINPPEPLXXX,PAGO PROVEEDOR 06117,SHA
10006118,BENEFICIARIO 06118,001000006118,PEN,4476.64,SCBLPEPLXXX,PAGO PROVEEDOR 06118,OUR
10006119,BENEFICIARIO 06119,001000006119,PEN,4477.37,CITIPEPLXXX,PAGO PROVEEDOR 06119,BEN
10006120,BENEFICIARIO 06120,001000006120,USD,4478.10,BCPLPEPLXXX,PAGO PROVEEDOR 06120,SHA
10006121,BENEFICIARIO 06121,001000006121,PEN,4478.83,BINPPEPLXXX,PAGO PROVEEDOR 06121,OUR
10006122,BENEFICIARIO 06122,001000006122,PEN,4479.56,SCBLPEPLXXX,PAGO PROVEEDOR 06122,BEN
10006123,BENEFICIARIO 06123,001000006123,PEN,4480.29,CITIPEPLXXX,PAGO PROVEEDOR 06123,SHA
10006124,BENEFICIARIO 06124,001000006124,PEN,4481.02,BCPLPEPLXXX,PAGO PROVEEDOR 06124,OUR
10006125,BENEFICIARIO 06125,001000006125,USD,4481.75,BINPPEPLXXX,PAGO PROVEEDOR 06125,BEN
10006126,BENEFICIARIO 06126,001000006126,PEN,4482.48,SCBLPEPLXXX,PAGO PROVEEDOR 06126,SHA
10006127,BENEFICIARIO 06127,001000006127,PEN,4483.21,CITIPEPLXXX,PAGO PROVEEDOR 06127,OUR
10006128,BENEFICIARIO 06128,001000006128,PEN,4483.94,BCPLPEPLXXX,PAGO PROVEEDOR 06128,BEN
10006129,BENEFICIARIO 06129,001000006129,PEN,4484.67,BINPPEPLXXX,PAGO PROVEEDOR 06129,SHA
10006130,BENEFICIARIO 06130,001000006130,USD,4485.40,SCBLPEPLXXX,PAGO PROVEEDOR 06130,OUR
10006131,BENEFICIARIO 06131,001000006131,PEN,4486.13,CITIPEPLXXX,PAGO PROVEEDOR 06131,BEN
10006132,BENEFICIARIO 06132,001000006132,PEN,4486.86,BCPLPEPLXXX,PAGO PROVEEDOR 06132,SHA
10006133,BENEFICIARIO 06133,001000006133,PEN,4487.59,BINPPEPLXXX,PAGO PROVEEDOR 06133,OUR
10006134,BENEFICIARIO 06134,001000006134,PEN,4488.32,SCBLPEPLXXX,PAGO PROVEEDOR 06134,BEN
10006135,BENEFICIARIO 06135,001000006135,USD,4489.05,CITIPEPLXXX,PAGO PROVEEDOR 06135,SHA
10006136,BENEFICIARIO 06136,001000006136,PEN,4489.78,BCPLPEPLXXX,PAGO PROVEEDOR 06136,OUR
10006137,BENEFICIARIO 06137,001000006137,PEN,4490.51,BINPPEPLXXX,PAGO PROVEEDOR 06137,BEN
10006138,BENEFICIARIO 06138,001000006138,PEN,4491.24,SCBLPEPLXXX,PAGO PROVEEDOR 06138,SHA
10006139,BENEFICIARIO 06139,001000006139,PEN,4491.97,CITIPEPLXXX,PAGO PROVEEDOR 06139,OUR
10006140,BENEFICIARIO 06140,001000006140,USD,4492.70,BCPLPEPLXXX,PAGO PROVEEDOR 06140,BEN
10006141,BENEFICIARIO 06141,001000006141,PEN,4493.43,BINPPEPLXXX,PAGO PROVEEDOR 06141,SHA
10006142,BENEFICIARIO 06142,001000006142,PEN,4494.16,SCBLPEPLXXX,PAGO PROVEEDOR 06142,OUR
10006143,BENEFICIARIO 06143,001000006143,PEN,4494.89,CITIPEPLXXX,PAGO PROVEEDOR 06143,BEN
10006144,BENEFICIARIO 06144,001000006144,PEN,4495.62,BCPLPEPLXXX,PAGO PROVEEDOR 06144,SHA
10006145,BENEFICIARIO 06145,001000006145,USD,4496.35,BINPPEPLXXX,PAGO PROVEEDOR 06145,OUR
10006146,BENEFICIARIO 06146,001000006146,PEN,4497.08,SCBLPEPLXXX,PAGO PROVEEDOR 06146,BEN
10006147,BENEFICIARIO 06147,001000006147,PEN,4497.81,CITIPEPLXXX,PAGO PROVEEDOR 06147,SHA
10006148,BENEFICIARIO 06148,001000006148,PEN,4498.54,BCPLPEPLXXX,PAGO PROVEEDOR 06148,OUR
10006149,BENEFICIARIO 06149,001000006149,PEN,4499.27,BINPPEPLXXX,PAGO PROVEEDOR 06149,BEN
10006150,BENEFICIARIO 06150,001000006150,USD,4500.00,SCBLPEPLXXX,PAGO PROVEEDOR 06150,SHA
10006151,BENEFICIARIO 06151,001000006151,PEN,4500.73,CITIPEPLXXX,PAGO PROVEEDOR 06151,OUR
10006152,BENEFICIARIO 06152,001000006152,PEN,4501.46,BCPLPEPLXXX,PAGO PROVEEDOR 06152,BEN
10006153,BENEFICIARIO 06153,001000006153,PEN,4502.19,BINPPEPLXXX,PAGO PROVEEDOR 06153,SHA
10006154,BENEFICIARIO 06154,001000006154,PEN,4502.92,SCBLPEPLXXX,PAGO PROVEEDOR 06154,OUR
10006155,BENEFICIARIO 06155,001000006155,USD,4503.65,CITIPEPLXXX,PAGO PROVEEDOR 06155,BEN
10006156,BENEFICIARIO 06156,001000006156,PEN,4504.38,BCPLPEPLXXX,PAGO PROVEEDOR 06156,SHA
10006157,BENEFICIARIO 06157,001000006157,PEN,4505.11,BINPPEPLXXX,PAGO PROVEEDOR 06157,OUR
10006158,BENEFICIARIO 06158,001000006158,PEN,4505.84,SCBLPEPLXXX,PAGO PROVEEDOR 06158,BEN
10006159,BENEFICIARIO 06159,001000006159,PEN,4506.57,CITIPEPLXXX,PAGO PROVEEDOR 06159,SHA
10006160,BENEFICIARIO 06160,001000006160,USD,4507.30,BCPLPEPLXXX,PAGO PROVEEDOR 06160,OUR
10006161,BENEFICIARIO 06161,001000006161,PEN,4508.03,BINPPEPLXXX,PAGO PROVEEDOR 06161,BEN
10006162,BENEFICIARIO 06162,001000006162,PEN,4508.76,SCBLPEPLXXX,PAGO PROVEEDOR 06162,SHA
10006163,BENEFICIARIO 06163,001000006163,PEN,4509.49,CITIPEPLXXX,PAGO PROVEEDOR 06163,OUR
10006164,BENEFICIARIO 06164,001000006164,PEN,4510.22,BCPLPEPLXXX,PAGO PROVEEDOR 06164,BEN
10006165,BENEFICIARIO 06165,001000006165,USD,4510.95,BINPPEPLXXX,PAGO PROVEEDOR 06165,SHA
10006166,BENEFICIARIO 06166,001000006166,PEN,4511.68,SCBLPEPLXXX,PAGO PROVEEDOR 06166,OUR
10006167,BENEFICIARIO 06167,001000006167,PEN,4512.41,CITIPEPLXXX,PAGO PROVEEDOR 06167,BEN
10006168,BENEFICIARIO 06168,001000006168,PEN,4513.14,BCPLPEPLXXX,PAGO PROVEEDOR 06168,SHA
10006169,BENEFICIARIO 06169,001000006169,PEN,4513.87,BINPPEPLXXX,PAGO PROVEEDOR 06169,OUR
10006170,BENEFICIARIO 06170,001000006170,USD,4514.60,SCBLPEPLXXX,PAGO PROVEEDOR 06170,BEN
10006171,BENEFICIARIO 06171,001000006171,PEN,4515.33,CITIPEPLXXX,PAGO PROVEEDOR 06171,SHA
10006172,BENEFICIARIO 06172,001000006172,PEN,4516.06,BCPLPEPLXXX,PAGO PROVEEDOR 06172,OUR
10006173,BENEFICIARIO 06173,001000006173,PEN,4516.79,BINPPEPLXXX,PAGO PROVEEDOR 06173,BEN
10006174,BENEFICIARIO 06174,001000006174,PEN,4517.52,SCBLPEPLXXX,PAGO PROVEEDOR 06174,SHA
10006175,BENEFICIARIO 06175,001000006175,USD,4518.25,CITIPEPLXXX,PAGO PROVEEDOR 06175,OUR
10006176,BENEFICIARIO 06176,001000006176,PEN,4518.98,BCPLPEPLXXX,PAGO PROVEEDOR 06176,BEN
10006177,BENEFICIARIO 06177,001000006177,PEN,4519.71,BINPPEPLXXX,PAGO PROVEEDOR 06177,SHA
10006178,BENEFICIARIO 06178,001000006178,PEN,4520.44,SCBLPEPLXXX,PAGO PROVEEDOR 06178,OUR
10006179,BENEFICIARIO 06179,001000006179,PEN,4521.17,CITIPEPLXXX,PAGO PROVEEDOR 06179,BEN
10006180,BENEFICIARIO 06180,001000006180,USD,4521.90,BCPLPEPLXXX,PAGO PROVEEDOR 06180,SHA
10006181,BENEFICIARIO 06181,001000006181,PEN,4522.63,BINPPEPLXXX,PAGO PROVEEDOR 06181,OUR
10006182,BENEFICIARIO 06182,001000006182,PEN,4523.36,SCBLPEPLXXX,PAGO PROVEEDOR 06182,BEN
10006183,BENEFICIARIO 06183,001000006183,PEN,4524.09,CITIPEPLXXX,PAGO PROVEEDOR 06183,SHA
10006184,BENEFICIARIO 06184,001000006184,PEN,4524.82,BCPLPEPLXXX,PAGO PROVEEDOR 06184,OUR
10006185,BENEFICIARIO 06185,001000006185,USD,4525.55,BINPPEPLXXX,PAGO PROVEEDOR 06185,BEN
10006186,BENEFICIARIO 06186,001000006186,PEN,4526.28,SCBLPEPLXXX,PAGO PROVEEDOR 06186,SHA
10006187,BENEFICIARIO 06187,001000006187,PEN,4527.01,CITIPEPLXXX,PAGO PROVEEDOR 06187,OUR
10006188,BENEFICIARIO 06188,001000006188,PEN,4527.74,BCPLPEPLXXX,PAGO PROVEEDOR 06188,BEN
10006189,BENEFICIARIO 06189,001000006189,PEN,4528.47,BINPPEPLXXX,PAGO PROVEEDOR 06189,SHA
10006190,BENEFICIARIO 06190,001000006190,USD,4529.20,SCBLPEPLXXX,PAGO PROVEEDOR 06190,OUR
10006191,BENEFICIARIO 06191,001000006191,PEN,4529.93,CITIPEPLXXX,PAGO PROVEEDOR 06191,BEN
10006192,BENEFICIARIO 06192,001000006192,PEN,4530.66,BCPLPEPLXXX,PAGO PROVEEDOR 06192,SHA
10006193,BENEFICIARIO 06193,001000006193,PEN,4531.39,BINPPEPLXXX,PAGO PROVEEDOR 06193,OUR
10006194,BENEFICIARIO 06194,001000006194,PEN,4532.12,SCBLPEPLXXX,PAGO PROVEEDOR 06194,BEN
10006195,BENEFICIARIO 06195,001000006195,USD,4532.85,CITIPEPLXXX,PAGO PROVEEDOR 06195,SHA
10006196,BENEFICIARIO 06196,001000006196,PEN,4533.58,BCPLPEPLXXX,PAGO PROVEEDOR 06196,OUR
10006197,BENEFICIARIO 06197,001000006197,PEN,4534.31,BINPPEPLXXX,PAGO PROVEEDOR 06197,BEN
10006198,BENEFICIARIO 06198,001000006198,PEN,4535.04,SCBLPEPLXXX,PAGO PROVEEDOR 06198,SHA
10006199,BENEFICIARIO 06199,001000006199,PEN,4535.77,CITIPEPLXXX,PAGO PROVEEDOR 06199,OUR
10006200,BENEFICIARIO 06200,001000006200,USD,4536.50,BCPLPEPLXXX,PAGO PROVEEDOR 06200,BEN
10006201,BENEFICIARIO 06201,001000006201,PEN,4537.23,BINPPEPLXXX,PAGO PROVEEDOR 06201,SHA
10006202,BENEFICIARIO 06202,001000006202,PEN,4537.96,SCBLPEPLXXX,PAGO PROVEEDOR 06202,OUR
10006203,BENEFICIARIO 06203,001000006203,PEN,4538.69,CITIPEPLXXX,PAGO PROVEEDOR 06203,BEN
10006204,BENEFICIARIO 06204,001000006204,PEN,4539.42,BCPLPEPLXXX,PAGO PROVEEDOR 06204,SHA
10006205,BENEFICIARIO 06205,001000006205,USD,4540.15,BINPPEPLXXX,PAGO PROVEEDOR 06205,OUR
10006206,BENEFICIARIO 06206,001000006206,PEN,4540.88,SCBLPEPLXXX,PAGO PROVEEDOR 06206,BEN
10006207,BENEFICIARIO 06207,001000006207,PEN,4541.61,CITIPEPLXXX,PAGO PROVEEDOR 06207,SHA
10006208,BENEFICIARIO 06208,001000006208,PEN,4542.34,BCPLPEPLXXX,PAGO PROVEEDOR 06208,OUR
10006209,BENEFICIARIO 06209,001000006209,PEN,4543.07,BINPPEPLXXX,PAGO PROVEEDOR 06209,BEN
10006210,BENEFICIARIO 06210,001000006210,USD,4543.80,SCBLPEPLXXX,PAGO PROVEEDOR 06210,SHA
10006211,BENEFICIARIO 06211,001000006211,PEN,4544.53,CITIPEPLXXX,PAGO PROVEEDOR 06211,OUR
10006212,BENEFICIARIO 06212,001000006212,PEN,4545.26,BCPLPEPLXXX,PAGO PROVEEDOR 06212,BEN
10006213,BENEFICIARIO 06213,001000006213,PEN,4545.99,BINPPEPLXXX,PAGO PROVEEDOR 06213,SHA
10006214,BENEFICIARIO 06214,001000006214,PEN,4546.72,SCBLPEPLXXX,PAGO PROVEEDOR 06214,OUR
10006215,BENEFICIARIO 06215,001000006215,USD,4547.45,CITIPEPLXXX,PAGO PROVEEDOR 06215,BEN
10006216,BENEFICIARIO 06216,001000006216,PEN,4548.18,BCPLPEPLXXX,PAGO PROVEEDOR 06216,SHA
10006217,BENEFICIARIO 06217,001000006217,PEN,4548.91,BINPPEPLXXX,PAGO PROVEEDOR 06217,OUR
10006218,BENEFICIARIO 06218,001000006218,PEN,4549.64,SCBLPEPLXXX,PAGO PROVEEDOR 06218,BEN
10006219,BENEFICIARIO 06219,001000006219,PEN,4550.37,CITIPEPLXXX,PAGO PROVEEDOR 06219,SHA
10006220,BENEFICIARIO 06220,001000006220,USD,4551.10,BCPLPEPLXXX,PAGO PROVEEDOR 06220,OUR
10006221,BENEFICIARIO 06221,001000006221,PEN,4551.83,BINPPEPLXXX,PAGO PROVEEDOR 06221,BEN
10006222,BENEFICIARIO 06222,001000006222,PEN,4552.56,SCBLPEPLXXX,PAGO PROVEEDOR 06222,SHA
10006223,BENEFICIARIO 06223,001000006223,PEN,4553.29,CITIPEPLXXX,PAGO PROVEEDOR 06223,OUR
10006224,BENEFICIARIO 06224,001000006224,PEN,4554.02,BCPLPEPLXXX,PAGO PROVEEDOR 06224,BEN
10006225,BENEFICIARIO 06225,001000006225,USD,4554.75,BINPPEPLXXX,PAGO PROVEEDOR 06225,SHA
10006226,BENEFICIARIO 06226,001000006226,PEN,4555.48,SCBLPEPLXXX,PAGO PROVEEDOR 06226,OUR
10006227,BENEFICIARIO 06227,001000006227,PEN,4556.21,CITIPEPLXXX,PAGO PROVEEDOR 06227,BEN
10006228,BENEFICIARIO 06228,001000006228,PEN,4556.94,BCPLPEPLXXX,PAGO PROVEEDOR 06228,SHA
10006229,BENEFICIARIO 06229,001000006229,PEN,4557.67,BINPPEPLXXX,PAGO PROVEEDOR 06229,OUR
10006230,BENEFICIARIO 06230,001000006230,USD,4558.40,SCBLPEPLXXX,PAGO PROVEEDOR 06230,BEN
10006231,BENEFICIARIO 06231,001000006231,PEN,4559.13,CITIPEPLXXX,PAGO PROVEEDOR 06231,SHA
10006232,BENEFICIARIO 06232,001000006232,PEN,4559.86,BCPLPEPLXXX,PAGO PROVEEDOR 06232,OUR
10006233,BENEFICIARIO 06233,001000006233,PEN,4560.59,BINPPEPLXXX,PAGO PROVEEDOR 06233,BEN
10006234,BENEFICIARIO 06234,001000006234,PEN,4561.32,SCBLPEPLXXX,PAGO PROVEEDOR 06234,SHA
10006235,BENEFICIARIO 06235,001000006235,USD,4562.05,CITIPEPLXXX,PAGO PROVEEDOR 06235,OUR
10006236,BENEFICIARIO 06236,001000006236,PEN,4562.78,BCPLPEPLXXX,PAGO PROVEEDOR 06236,BEN
10006237,BENEFICIARIO 06237,001000006237,PEN,4563.51,BINPPEPLXXX,PAGO PROVEEDOR 06237,SHA
10006238,BENEFICIARIO 06238,001000006238,PEN,4564.24,SCBLPEPLXXX,PAGO PROVEEDOR 06238,OUR
10006239,BENEFICIARIO 06239,001000006239,PEN,4564.97,CITIPEPLXXX,PAGO PROVEEDOR 06239,BEN
10006240,BENEFICIARIO 06240,001000006240,USD,4565.70,BCPLPEPLXXX,PAGO PROVEEDOR 06240,SHA
10006241,BENEFICIARIO 06241,001000006241,PEN,4566.43,BINPPEPLXXX,PAGO PROVEEDOR 06241,OUR
10006242,BENEFICIARIO 06242,001000006242,PEN,4567.16,SCBLPEPLXXX,PAGO PROVEEDOR 06242,BEN
10006243,BENEFICIARIO 06243,001000006243,PEN,4567.89,CITIPEPLXXX,PAGO PROVEEDOR 06243,SHA
10006244,BENEFICIARIO 06244,001000006244,PEN,4568.62,BCPLPEPLXXX,PAGO PROVEEDOR 06244,OUR
10006245,BENEFICIARIO 06245,001000006245,USD,4569.35,BINPPEPLXXX,PAGO PROVEEDOR 06245,BEN
10006246,BENEFICIARIO 06246,001000006246,PEN,4570.08,SCBLPEPLXXX,PAGO PROVEEDOR 06246,SHA
10006247,BENEFICIARIO 06247,001000006247,PEN,4570.81,CITIPEPLXXX,PAGO PROVEEDOR 06247,OUR
10006248,BENEFICIARIO 06248,001000006248,PEN,4571.54,BCPLPEPLXXX,PAGO PROVEEDOR 06248,BEN
10006249,BENEFICIARIO 06249,001000006249,PEN,4572.27,BINPPEPLXXX,PAGO PROVEEDOR 06249,SHA
10006250,BENEFICIARIO 06250,001000006250,USD,4573.00,SCBLPEPLXXX,PAGO PROVEEDOR 06250,OUR
10006251,BENEFICIARIO 06251,001000006251,PEN,4573.73,CITIPEPLXXX,PAGO PROVEEDOR 06251,BEN
10006252,BENEFICIARIO 06252,001000006252,PEN,4574.46,BCPLPEPLXXX,PAGO PROVEEDOR 06252,SHA
10006253,BENEFICIARIO 06253,001000006253,PEN,4575.19,BINPPEPLXXX,PAGO PROVEEDOR 06253,OUR
10006254,BENEFICIARIO 06254,001000006254,PEN,4575.92,SCBLPEPLXXX,PAGO PROVEEDOR 06254,BEN
10006255,BENEFICIARIO 06255,001000006255,USD,4576.65,CITIPEPLXXX,PAGO PROVEEDOR 06255,SHA
10006256,BENEFICIARIO 06256,001000006256,PEN,4577.38,BCPLPEPLXXX,PAGO PROVEEDOR 06256,OUR
10006257,BENEFICIARIO 06257,001000006257,PEN,4578.11,BINPPEPLXXX,PAGO PROVEEDOR 06257,BEN
10006258,BENEFICIARIO 06258,001000006258,PEN,4578.84,SCBLPEPLXXX,PAGO PROVEEDOR 06258,SHA
10006259,BENEFICIARIO 06259,001000006259,PEN,4579.57,CITIPEPLXXX,PAGO PROVEEDOR 06259,OUR
10006260,BENEFICIARIO 06260,001000006260,USD,4580.30,BCPLPEPLXXX,PAGO PROVEEDOR 06260,BEN
10006261,BENEFICIARIO 06261,001000006261,PEN,4581.03,BINPPEPLXXX,PAGO PROVEEDOR 06261,SHA
10006262,BENEFICIARIO 06262,001000006262,PEN,4581.76,SCBLPEPLXXX,PAGO PROVEEDOR 06262,OUR
10006263,BENEFICIARIO 06263,001000006263,PEN,4582.49,CITIPEPLXXX,PAGO PROVEEDOR 06263,BEN
10006264,BENEFICIARIO 06264,001000006264,PEN,4583.22,BCPLPEPLXXX,PAGO PROVEEDOR 06264,SHA
10006265,BENEFICIARIO 06265,001000006265,USD,4583.95,BINPPEPLXXX,PAGO PROVEEDOR 06265,OUR
10006266,BENEFICIARIO 06266,001000006266,PEN,4584.68,SCBLPEPLXXX,PAGO PROVEEDOR 06266,BEN
10006267,BENEFICIARIO 06267,001000006267,PEN,4585.41,CITIPEPLXXX,PAGO PROVEEDOR 06267,SHA
10006268,BENEFICIARIO 06268,001000006268,PEN,4586.14,BCPLPEPLXXX,PAGO PROVEEDOR 06268,OUR
10006269,BENEFICIARIO 06269,001000006269,PEN,4586.87,BINPPEPLXXX,PAGO PROVEEDOR 06269,BEN
10006270,BENEFICIARIO 06270,001000006270,USD,4587.60,SCBLPEPLXXX,PAGO PROVEEDOR 06270,SHA
10006271,BENEFICIARIO 06271,001000006271,PEN,4588.33,CITIPEPLXXX,PAGO PROVEEDOR 06271,OUR
10006272,BENEFICIARIO 06272,001000006272,PEN,4589.06,BCPLPEPLXXX,PAGO PROVEEDOR 06272,BEN
10006273,BENEFICIARIO 06273,001000006273,PEN,4589.79,BINPPEPLXXX,PAGO PROVEEDOR 06273,SHA
10006274,BENEFICIARIO 06274,001000006274,PEN,4590.52,SCBLPEPLXXX,PAGO PROVEEDOR 06274,OUR
10006275,BENEFICIARIO 06275,001000006275,USD,4591.25,CITIPEPLXXX,PAGO PROVEEDOR 06275,BEN
10006276,BENEFICIARIO 06276,001000006276,PEN,4591.98,BCPLPEPLXXX,PAGO PROVEEDOR 06276,SHA
10006277,BENEFICIARIO 06277,001000006277,PEN,4592.71,BINPPEPLXXX,PAGO PROVEEDOR 06277,OUR
10006278,BENEFICIARIO 06278,001000006278,PEN,4593.44,SCBLPEPLXXX,PAGO PROVEEDOR 06278,BEN
10006279,BENEFICIARIO 06279,001000006279,PEN,4594.17,CITIPEPLXXX,PAGO PROVEEDOR 06279,SHA
10006280,BENEFICIARIO 06280,001000006280,USD,4594.90,BCPLPEPLXXX,PAGO PROVEEDOR 06280,OUR
10006281,BENEFICIARIO 06281,001000006281,PEN,4595.63,BINPPEPLXXX,PAGO PROVEEDOR 06281,BEN
10006282,BENEFICIARIO 06282,001000006282,PEN,4596.36,SCBLPEPLXXX,PAGO PROVEEDOR 06282,SHA
10006283,BENEFICIARIO 06283,001000006283,PEN,4597.09,CITIPEPLXXX,PAGO PROVEEDOR 06283,OUR
10006284,BENEFICIARIO 06284,001000006284,PEN,4597.82,BCPLPEPLXXX,PAGO PROVEEDOR 06284,BEN
10006285,BENEFICIARIO 06285,001000006285,USD,4598.55,BINPPEPLXXX,PAGO PROVEEDOR 06285,SHA
10006286,BENEFICIARIO 06286,001000006286,PEN,4599.28,SCBLPEPLXXX,PAGO PROVEEDOR 06286,OUR
10006287,BENEFICIARIO 06287,001000006287,PEN,4600.01,CITIPEPLXXX,PAGO PROVEEDOR 06287,BEN
10006288,BENEFICIARIO 06288,001000006288,PEN,4600.74,BCPLPEPLXXX,PAGO PROVEEDOR 06288,SHA
10006289,BENEFICIARIO 06289,001000006289,PEN,4601.47,BINPPEPLXXX,PAGO PROVEEDOR 06289,OUR
10006290,BENEFICIARIO 06290,001000006290,USD,4602.20,SCBLPEPLXXX,PAGO PROVEEDOR 06290,BEN
10006291,BENEFICIARIO 06291,001000006291,PEN,4602.93,CITIPEPLXXX,PAGO PROVEEDOR 06291,SHA
10006292,BENEFICIARIO 06292,001000006292,PEN,4603.66,BCPLPEPLXXX,PAGO PROVEEDOR 06292,OUR
10006293,BENEFICIARIO 06293,001000006293,PEN,4604.39,BINPPEPLXXX,PAGO PROVEEDOR 06293,BEN
10006294,BENEFICIARIO 06294,001000006294,PEN,4605.12,SCBLPEPLXXX,PAGO PROVEEDOR 06294,SHA
10006295,BENEFICIARIO 06295,001000006295,USD,4605.85,CITIPEPLXXX,PAGO PROVEEDOR 06295,OUR
10006296,BENEFICIARIO 06296,001000006296,PEN,4606.58,BCPLPEPLXXX,PAGO PROVEEDOR 06296,BEN
10006297,BENEFICIARIO 06297,001000006297,PEN,4607.31,BINPPEPLXXX,PAGO PROVEEDOR 06297,SHA
10006298,BENEFICIARIO 06298,001000006298,PEN,4608.04,SCBLPEPLXXX,PAGO PROVEEDOR 06298,OUR
10006299,BENEFICIARIO 06299,001000006299,PEN,4608.77,CITIPEPLXXX,PAGO PROVEEDOR 06299,BEN
10006300,BENEFICIARIO 06300,001000006300,USD,4609.50,BCPLPEPLXXX,PAGO PROVEEDOR 06300,SHA
10006301,BENEFICIARIO 06301,001000006301,PEN,4610.23,BINPPEPLXXX,PAGO PROVEEDOR 06301,OUR
10006302,BENEFICIARIO 06302,001000006302,PEN,4610.96,SCBLPEPLXXX,PAGO PROVEEDOR 06302,BEN
10006303,BENEFICIARIO 06303,001000006303,PEN,4611.69,CITIPEPLXXX,PAGO PROVEEDOR 06303,SHA
10006304,BENEFICIARIO 06304,001000006304,PEN,4612.42,BCPLPEPLXXX,PAGO PROVEEDOR 06304,OUR
10006305,BENEFICIARIO 06305,001000006305,USD,4613.15,BINPPEPLXXX,PAGO PROVEEDOR 06305,BEN
10006306,BENEFICIARIO 06306,001000006306,PEN,4613.88,SCBLPEPLXXX,PAGO PROVEEDOR 06306,SHA
10006307,BENEFICIARIO 06307,001000006307,PEN,4614.61,CITIPEPLXXX,PAGO PROVEEDOR 06307,OUR
10006308,BENEFICIARIO 06308,001000006308,PEN,4615.34,BCPLPEPLXXX,PAGO PROVEEDOR 06308,BEN
10006309,BENEFICIARIO 06309,001000006309,PEN,4616.07,BINPPEPLXXX,PAGO PROVEEDOR 06309,SHA
10006310,BENEFICIARIO 06310,001000006310,USD,4616.80,SCBLPEPLXXX,PAGO PROVEEDOR 06310,OUR
10006311,BENEFICIARIO 06311,001000006311,PEN,4617.53,CITIPEPLXXX,PAGO PROVEEDOR 06311,BEN
10006312,BENEFICIARIO 06312,001000006312,PEN,4618.26,BCPLPEPLXXX,PAGO PROVEEDOR 06312,SHA
10006313,BENEFICIARIO 06313,001000006313,PEN,4618.99,BINPPEPLXXX,PAGO PROVEEDOR 06313,OUR
10006314,BENEFICIARIO 06314,001000006314,PEN,4619.72,SCBLPEPLXXX,PAGO PROVEEDOR 06314,BEN
10006315,BENEFICIARIO 06315,001000006315,USD,4620.45,CITIPEPLXXX,PAGO PROVEEDOR 06315,SHA
10006316,BENEFICIARIO 06316,001000006316,PEN,4621.18,BCPLPEPLXXX,PAGO PROVEEDOR 06316,OUR
10006317,BENEFICIARIO 06317,001000006317,PEN,4621.91,BINPPEPLXXX,PAGO PROVEEDOR 06317,BEN
10006318,BENEFICIARIO 06318,001000006318,PEN,4622.64,SCBLPEPLXXX,PAGO PROVEEDOR 06318,SHA
10006319,BENEFICIARIO 06319,001000006319,PEN,4623.37,CITIPEPLXXX,PAGO PROVEEDOR 06319,OUR
10006320,BENEFICIARIO 06320,001000006320,USD,4624.10,BCPLPEPLXXX,PAGO PROVEEDOR 06320,BEN
10006321,BENEFICIARIO 06321,001000006321,PEN,4624.83,BINPPEPLXXX,PAGO PROVEEDOR 06321,SHA
10006322,BENEFICIARIO 06322,001000006322,PEN,4625.56,SCBLPEPLXXX,PAGO PROVEEDOR 06322,OUR
10006323,BENEFICIARIO 06323,001000006323,PEN,4626.29,CITIPEPLXXX,PAGO PROVEEDOR 06323,BEN
10006324,BENEFICIARIO 06324,001000006324,PEN,4627.02,BCPLPEPLXXX,PAGO PROVEEDOR 06324,SHA
10006325,BENEFICIARIO 06325,001000006325,USD,4627.75,BINPPEPLXXX,PAGO PROVEEDOR 06325,OUR
10006326,BENEFICIARIO 06326,001000006326,PEN,4628.48,SCBLPEPLXXX,PAGO PROVEEDOR 06326,BEN
10006327,BENEFICIARIO 06327,001000006327,PEN,4629.21,CITIPEPLXXX,PAGO PROVEEDOR 06327,SHA
10006328,BENEFICIARIO 06328,001000006328,PEN,4629.94,BCPLPEPLXXX,PAGO PROVEEDOR 06328,OUR
10006329,BENEFICIARIO 06329,001000006329,PEN,4630.67,BINPPEPLXXX,PAGO PROVEEDOR 06329,BEN
10006330,BENEFICIARIO 06330,001000006330,USD,4631.40,SCBLPEPLXXX,PAGO PROVEEDOR 06330,SHA
10006331,BENEFICIARIO 06331,001000006331,PEN,4632.13,CITIPEPLXXX,PAGO PROVEEDOR 06331,OUR
10006332,BENEFICIARIO 06332,001000006332,PEN,4632.86,BCPLPEPLXXX,PAGO PROVEEDOR 06332,BEN
10006333,BENEFICIARIO 06333,001000006333,PEN,4633.59,BINPPEPLXXX,PAGO PROVEEDOR 06333,SHA
10006334,BENEFICIARIO 06334,001000006334,PEN,4634.32,SCBLPEPLXXX,PAGO PROVEEDOR 06334,OUR
10006335,BENEFICIARIO 06335,001000006335,USD,4635.05,CITIPEPLXXX,PAGO PROVEEDOR 06335,BEN
10006336,BENEFICIARIO 06336,001000006336,PEN,4635.78,BCPLPEPLXXX,PAGO PROVEEDOR 06336,SHA
10006337,BENEFICIARIO 06337,001000006337,PEN,4636.51,BINPPEPLXXX,PAGO PROVEEDOR 06337,OUR
10006338,BENEFICIARIO 06338,001000006338,PEN,4637.24,SCBLPEPLXXX,PAGO PROVEEDOR 06338,BEN
10006339,BENEFICIARIO 06339,001000006339,PEN,4637.97,CITIPEPLXXX,PAGO PROVEEDOR 06339,SHA
10006340,BENEFICIARIO 06340,001000006340,USD,4638.70,BCPLPEPLXXX,PAGO PROVEEDOR 06340,OUR
10006341,BENEFICIARIO 06341,001000006341,PEN,4639.43,BINPPEPLXXX,PAGO PROVEEDOR 06341,BEN
10006342,BENEFICIARIO 06342,001000006342,PEN,4640.16,SCBLPEPLXXX,PAGO PROVEEDOR 06342,SHA
10006343,BENEFICIARIO 06343,001000006343,PEN,4640.89,CITIPEPLXXX,PAGO PROVEEDOR 06343,OUR
10006344,BENEFICIARIO 06344,001000006344,PEN,4641.62,BCPLPEPLXXX,PAGO PROVEEDOR 06344,BEN
10006345,BENEFICIARIO 06345,001000006345,USD,4642.35,BINPPEPLXXX,PAGO PROVEEDOR 06345,SHA
10006346,BENEFICIARIO 06346,001000006346,PEN,4643.08,SCBLPEPLXXX,PAGO PROVEEDOR 06346,OUR
10006347,BENEFICIARIO 06347,001000006347,PEN,4643.81,CITIPEPLXXX,PAGO PROVEEDOR 06347,BEN
10006348,BENEFICIARIO 06348,001000006348,PEN,4644.54,BCPLPEPLXXX,PAGO PROVEEDOR 06348,SHA
10006349,BENEFICIARIO 06349,001000006349,PEN,4645.27,BINPPEPLXXX,PAGO PROVEEDOR 06349,OUR
10006350,BENEFICIARIO 06350,001000006350,USD,4646.00,SCBLPEPLXXX,PAGO PROVEEDOR 06350,BEN
10006351,BENEFICIARIO 06351,001000006351,PEN,4646.73,CITIPEPLXXX,PAGO PROVEEDOR 06351,SHA
10006352,BENEFICIARIO 06352,001000006352,PEN,4647.46,BCPLPEPLXXX,PAGO PROVEEDOR 06352,OUR
10006353,BENEFICIARIO 06353,001000006353,PEN,4648.19,BINPPEPLXXX,PAGO PROVEEDOR 06353,BEN
10006354,BENEFICIARIO 06354,001000006354,PEN,4648.92,SCBLPEPLXXX,PAGO PROVEEDOR 06354,SHA
10006355,BENEFICIARIO 06355,001000006355,USD,4649.65,CITIPEPLXXX,PAGO PROVEEDOR 06355,OUR
10006356,BENEFICIARIO 06356,001000006356,PEN,4650.38,BCPLPEPLXXX,PAGO PROVEEDOR 06356,BEN
10006357,BENEFICIARIO 06357,001000006357,PEN,4651.11,BINPPEPLXXX,PAGO PROVEEDOR 06357,SHA
10006358,BENEFICIARIO 06358,001000006358,PEN,4651.84,SCBLPEPLXXX,PAGO PROVEEDOR 06358,OUR
10006359,BENEFICIARIO 06359,001000006359,PEN,4652.57,CITIPEPLXXX,PAGO PROVEEDOR 06359,BEN
10006360,BENEFICIARIO 06360,001000006360,USD,4653.30,BCPLPEPLXXX,PAGO PROVEEDOR 06360,SHA
10006361,BENEFICIARIO 06361,001000006361,PEN,4654.03,BINPPEPLXXX,PAGO PROVEEDOR 06361,OUR
10006362,BENEFICIARIO 06362,001000006362,PEN,4654.76,SCBLPEPLXXX,PAGO PROVEEDOR 06362,BEN
10006363,BENEFICIARIO 06363,001000006363,PEN,4655.49,CITIPEPLXXX,PAGO PROVEEDOR 06363,SHA
10006364,BENEFICIARIO 06364,001000006364,PEN,4656.22,BCPLPEPLXXX,PAGO PROVEEDOR 06364,OUR
10006365,BENEFICIARIO 06365,001000006365,USD,4656.95,BINPPEPLXXX,PAGO PROVEEDOR 06365,BEN
10006366,BENEFICIARIO 06366,001000006366,PEN,4657.68,SCBLPEPLXXX,PAGO PROVEEDOR 06366,SHA
10006367,BENEFICIARIO 06367,001000006367,PEN,4658.41,CITIPEPLXXX,PAGO PROVEEDOR 06367,OUR
10006368,BENEFICIARIO 06368,001000006368,PEN,4659.14,BCPLPEPLXXX,PAGO PROVEEDOR 06368,BEN
10006369,BENEFICIARIO 06369,001000006369,PEN,4659.87,BINPPEPLXXX,PAGO PROVEEDOR 06369,SHA
10006370,BENEFICIARIO 06370,001000006370,USD,4660.60,SCBLPEPLXXX,PAGO PROVEEDOR 06370,OUR
10006371,BENEFICIARIO 06371,001000006371,PEN,4661.33,CITIPEPLXXX,PAGO PROVEEDOR 06371,BEN
10006372,BENEFICIARIO 06372,001000006372,PEN,4662.06,BCPLPEPLXXX,PAGO PROVEEDOR 06372,SHA
10006373,BENEFICIARIO 06373,001000006373,PEN,4662.79,BINPPEPLXXX,PAGO PROVEEDOR 06373,OUR
10006374,BENEFICIARIO 06374,001000006374,PEN,4663.52,SCBLPEPLXXX,PAGO PROVEEDOR 06374,BEN
10006375,BENEFICIARIO 06375,001000006375,USD,4664.25,CITIPEPLXXX,PAGO PROVEEDOR 06375,SHA
10006376,BENEFICIARIO 06376,001000006376,PEN,4664.98,BCPLPEPLXXX,PAGO PROVEEDOR 06376,OUR
10006377,BENEFICIARIO 06377,001000006377,PEN,4665.71,BINPPEPLXXX,PAGO PROVEEDOR 06377,BEN
10006378,BENEFICIARIO 06378,001000006378,PEN,4666.44,SCBLPEPLXXX,PAGO PROVEEDOR 06378,SHA
10006379,BENEFICIARIO 06379,001000006379,PEN,4667.17,CITIPEPLXXX,PAGO PROVEEDOR 06379,OUR
10006380,BENEFICIARIO 06380,001000006380,USD,4667.90,BCPLPEPLXXX,PAGO PROVEEDOR 06380,BEN
10006381,BENEFICIARIO 06381,001000006381,PEN,4668.63,BINPPEPLXXX,PAGO PROVEEDOR 06381,SHA
10006382,BENEFICIARIO 06382,001000006382,PEN,4669.36,SCBLPEPLXXX,PAGO PROVEEDOR 06382,OUR
10006383,BENEFICIARIO 06383,001000006383,PEN,4670.09,CITIPEPLXXX,PAGO PROVEEDOR 06383,BEN
10006384,BENEFICIARIO 06384,001000006384,PEN,4670.82,BCPLPEPLXXX,PAGO PROVEEDOR 06384,SHA
10006385,BENEFICIARIO 06385,001000006385,USD,4671.55,BINPPEPLXXX,PAGO PROVEEDOR 06385,OUR
10006386,BENEFICIARIO 06386,001000006386,PEN,4672.28,SCBLPEPLXXX,PAGO PROVEEDOR 06386,BEN
10006387,BENEFICIARIO 06387,001000006387,PEN,4673.01,CITIPEPLXXX,PAGO PROVEEDOR 06387,SHA
10006388,BENEFICIARIO 06388,001000006388,PEN,4673.74,BCPLPEPLXXX,PAGO PROVEEDOR 06388,OUR
10006389,BENEFICIARIO 06389,001000006389,PEN,4674.47,BINPPEPLXXX,PAGO PROVEEDOR 06389,BEN
10006390,BENEFICIARIO 06390,001000006390,USD,4675.20,SCBLPEPLXXX,PAGO PROVEEDOR 06390,SHA
10006391,BENEFICIARIO 06391,001000006391,PEN,4675.93,CITIPEPLXXX,PAGO PROVEEDOR 06391,OUR
10006392,BENEFICIARIO 06392,001000006392,PEN,4676.66,BCPLPEPLXXX,PAGO PROVEEDOR 06392,BEN
10006393,BENEFICIARIO 06393,001000006393,PEN,4677.39,BINPPEPLXXX,PAGO PROVEEDOR 06393,SHA
10006394,BENEFICIARIO 06394,001000006394,PEN,4678.12,SCBLPEPLXXX,PAGO PROVEEDOR 06394,OUR
10006395,BENEFICIARIO 06395,001000006395,USD,4678.85,CITIPEPLXXX,PAGO PROVEEDOR 06395,BEN
10006396,BENEFICIARIO 06396,001000006396,PEN,4679.58,BCPLPEPLXXX,PAGO PROVEEDOR 06396,SHA
10006397,BENEFICIARIO 06397,001000006397,PEN,4680.31,BINPPEPLXXX,PAGO PROVEEDOR 06397,OUR
10006398,BENEFICIARIO 06398,001000006398,PEN,4681.04,SCBLPEPLXXX,PAGO PROVEEDOR 06398,BEN
10006399,BENEFICIARIO 06399,001000006399,PEN,4681.77,CITIPEPLXXX,PAGO PROVEEDOR 06399,SHA
10006400,BENEFICIARIO 06400,001000006400,USD,4682.50,BCPLPEPLXXX,PAGO PROVEEDOR 06400,OUR
10006401,BENEFICIARIO 06401,001000006401,PEN,4683.23,BINPPEPLXXX,PAGO PROVEEDOR 06401,BEN
10006402,BENEFICIARIO 06402,001000006402,PEN,4683.96,SCBLPEPLXXX,PAGO PROVEEDOR 06402,SHA
10006403,BENEFICIARIO 06403,001000006403,PEN,4684.69,CITIPEPLXXX,PAGO PROVEEDOR 06403,OUR
10006404,BENEFICIARIO 06404,001000006404,PEN,4685.42,BCPLPEPLXXX,PAGO PROVEEDOR 06404,BEN
10006405,BENEFICIARIO 06405,001000006405,USD,4686.15,BINPPEPLXXX,PAGO PROVEEDOR 06405,SHA
10006406,BENEFICIARIO 06406,001000006406,PEN,4686.88,SCBLPEPLXXX,PAGO PROVEEDOR 06406,OUR
10006407,BENEFICIARIO 06407,001000006407,PEN,4687.61,CITIPEPLXXX,PAGO PROVEEDOR 06407,BEN
10006408,BENEFICIARIO 06408,001000006408,PEN,4688.34,BCPLPEPLXXX,PAGO PROVEEDOR 06408,SHA
10006409,BENEFICIARIO 06409,001000006409,PEN,4689.07,BINPPEPLXXX,PAGO PROVEEDOR 06409,OUR
10006410,BENEFICIARIO 06410,001000006410,USD,4689.80,SCBLPEPLXXX,PAGO PROVEEDOR 06410,BEN
10006411,BENEFICIARIO 06411,001000006411,PEN,4690.53,CITIPEPLXXX,PAGO PROVEEDOR 06411,SHA
10006412,BENEFICIARIO 06412,001000006412,PEN,4691.26,BCPLPEPLXXX,PAGO PROVEEDOR 06412,OUR
10006413,BENEFICIARIO 06413,001000006413,PEN,4691.99,BINPPEPLXXX,PAGO PROVEEDOR 06413,BEN
10006414,BENEFICIARIO 06414,001000006414,PEN,4692.72,SCBLPEPLXXX,PAGO PROVEEDOR 06414,SHA
10006415,BENEFICIARIO 06415,001000006415,USD,4693.45,CITIPEPLXXX,PAGO PROVEEDOR 06415,OUR
10006416,BENEFICIARIO 06416,001000006416,PEN,4694.18,BCPLPEPLXXX,PAGO PROVEEDOR 06416,BEN
10006417,BENEFICIARIO 06417,001000006417,PEN,4694.91,BINPPEPLXXX,PAGO PROVEEDOR 06417,SHA
10006418,BENEFICIARIO 06418,001000006418,PEN,4695.64,SCBLPEPLXXX,PAGO PROVEEDOR 06418,OUR
10006419,BENEFICIARIO 06419,001000006419,PEN,4696.37,CITIPEPLXXX,PAGO PROVEEDOR 06419,BEN
10006420,BENEFICIARIO 06420,001000006420,USD,4697.10,BCPLPEPLXXX,PAGO PROVEEDOR 06420,SHA
10006421,BENEFICIARIO 06421,001000006421,PEN,4697.83,BINPPEPLXXX,PAGO PROVEEDOR 06421,OUR
10006422,BENEFICIARIO 06422,001000006422,PEN,4698.56,SCBLPEPLXXX,PAGO PROVEEDOR 06422,BEN
10006423,BENEFICIARIO 06423,001000006423,PEN,4699.29,CITIPEPLXXX,PAGO PROVEEDOR 06423,SHA
10006424,BENEFICIARIO 06424,001000006424,PEN,4700.02,BCPLPEPLXXX,PAGO PROVEEDOR 06424,OUR
10006425,BENEFICIARIO 06425,001000006425,USD,4700.75,BINPPEPLXXX,PAGO PROVEEDOR 06425,BEN
10006426,BENEFICIARIO 06426,001000006426,PEN,4701.48,SCBLPEPLXXX,PAGO PROVEEDOR 06426,SHA
10006427,BENEFICIARIO 06427,001000006427,PEN,4702.21,CITIPEPLXXX,PAGO PROVEEDOR 06427,OUR
10006428,BENEFICIARIO 06428,001000006428,PEN,4702.94,BCPLPEPLXXX,PAGO PROVEEDOR 06428,BEN
10006429,BENEFICIARIO 06429,001000006429,PEN,4703.67,BINPPEPLXXX,PAGO PROVEEDOR 06429,SHA
10006430,BENEFICIARIO 06430,001000006430,USD,4704.40,SCBLPEPLXXX,PAGO PROVEEDOR 06430,OUR
10006431,BENEFICIARIO 06431,001000006431,PEN,4705.13,CITIPEPLXXX,PAGO PROVEEDOR 06431,BEN
10006432,BENEFICIARIO 06432,001000006432,PEN,4705.86,BCPLPEPLXXX,PAGO PROVEEDOR 06432,SHA
10006433,BENEFICIARIO 06433,001000006433,PEN,4706.59,BINPPEPLXXX,PAGO PROVEEDOR 06433,OUR
10006434,BENEFICIARIO 06434,001000006434,PEN,4707.32,SCBLPEPLXXX,PAGO PROVEEDOR 06434,BEN
10006435,BENEFICIARIO 06435,001000006435,USD,4708.05,CITIPEPLXXX,PAGO PROVEEDOR 06435,SHA
10006436,BENEFICIARIO 06436,001000006436,PEN,4708.78,BCPLPEPLXXX,PAGO PROVEEDOR 06436,OUR
10006437,BENEFICIARIO 06437,001000006437,PEN,4709.51,BINPPEPLXXX,PAGO PROVEEDOR 06437,BEN
10006438,BENEFICIARIO 06438,001000006438,PEN,4710.24,SCBLPEPLXXX,PAGO PROVEEDOR 06438,SHA
10006439,BENEFICIARIO 06439,001000006439,PEN,4710.97,CITIPEPLXXX,PAGO PROVEEDOR 06439,OUR
10006440,BENEFICIARIO 06440,001000006440,USD,4711.70,BCPLPEPLXXX,PAGO PROVEEDOR 06440,BEN
10006441,BENEFICIARIO 06441,001000006441,PEN,4712.43,BINPPEPLXXX,PAGO PROVEEDOR 06441,SHA
10006442,BENEFICIARIO 06442,001000006442,PEN,4713.16,SCBLPEPLXXX,PAGO PROVEEDOR 06442,OUR
10006443,BENEFICIARIO 06443,001000006443,PEN,4713.89,CITIPEPLXXX,PAGO PROVEEDOR 06443,BEN
10006444,BENEFICIARIO 06444,001000006444,PEN,4714.62,BCPLPEPLXXX,PAGO PROVEEDOR 06444,SHA
10006445,BENEFICIARIO 06445,001000006445,USD,4715.35,BINPPEPLXXX,PAGO PROVEEDOR 06445,OUR
10006446,BENEFICIARIO 06446,001000006446,PEN,4716.08,SCBLPEPLXXX,PAGO PROVEEDOR 06446,BEN
10006447,BENEFICIARIO 06447,001000006447,PEN,4716.81,CITIPEPLXXX,PAGO PROVEEDOR 06447,SHA
10006448,BENEFICIARIO 06448,001000006448,PEN,4717.54,BCPLPEPLXXX,PAGO PROVEEDOR 06448,OUR
10006449,BENEFICIARIO 06449,001000006449,PEN,4718.27,BINPPEPLXXX,PAGO PROVEEDOR 06449,BEN
10006450,BENEFICIARIO 06450,001000006450,USD,4719.00,SCBLPEPLXXX,PAGO PROVEEDOR 06450,SHA
10006451,BENEFICIARIO 06451,001000006451,PEN,4719.73,CITIPEPLXXX,PAGO PROVEEDOR 06451,OUR
10006452,BENEFICIARIO 06452,001000006452,PEN,4720.46,BCPLPEPLXXX,PAGO PROVEEDOR 06452,BEN
10006453,BENEFICIARIO 06453,001000006453,PEN,4721.19,BINPPEPLXXX,PAGO PROVEEDOR 06453,SHA
10006454,BENEFICIARIO 06454,001000006454,PEN,4721.92,SCBLPEPLXXX,PAGO PROVEEDOR 06454,OUR
10006455,BENEFICIARIO 06455,001000006455,USD,4722.65,CITIPEPLXXX,PAGO PROVEEDOR 06455,BEN
10006456,BENEFICIARIO 06456,001000006456,PEN,4723.38,BCPLPEPLXXX,PAGO PROVEEDOR 06456,SHA
10006457,BENEFICIARIO 06457,001000006457,PEN,4724.11,BINPPEPLXXX,PAGO PROVEEDOR 06457,OUR
10006458,BENEFICIARIO 06458,001000006458,PEN,4724.84,SCBLPEPLXXX,PAGO PROVEEDOR 06458,BEN
10006459,BENEFICIARIO 06459,001000006459,PEN,4725.57,CITIPEPLXXX,PAGO PROVEEDOR 06459,SHA
10006460,BENEFICIARIO 06460,001000006460,USD,4726.30,BCPLPEPLXXX,PAGO PROVEEDOR 06460,OUR
10006461,BENEFICIARIO 06461,001000006461,PEN,4727.03,BINPPEPLXXX,PAGO PROVEEDOR 06461,BEN
10006462,BENEFICIARIO 06462,001000006462,PEN,4727.76,SCBLPEPLXXX,PAGO PROVEEDOR 06462,SHA
10006463,BENEFICIARIO 06463,001000006463,PEN,4728.49,CITIPEPLXXX,PAGO PROVEEDOR 06463,OUR
10006464,BENEFICIARIO 06464,001000006464,PEN,4729.22,BCPLPEPLXXX,PAGO PROVEEDOR 06464,BEN
10006465,BENEFICIARIO 06465,001000006465,USD,4729.95,BINPPEPLXXX,PAGO PROVEEDOR 06465,SHA
10006466,BENEFICIARIO 06466,001000006466,PEN,4730.68,SCBLPEPLXXX,PAGO PROVEEDOR 06466,OUR
10006467,BENEFICIARIO 06467,001000006467,PEN,4731.41,CITIPEPLXXX,PAGO PROVEEDOR 06467,BEN
10006468,BENEFICIARIO 06468,001000006468,PEN,4732.14,BCPLPEPLXXX,PAGO PROVEEDOR 06468,SHA
10006469,BENEFICIARIO 06469,001000006469,PEN,4732.87,BINPPEPLXXX,PAGO PROVEEDOR 06469,OUR
10006470,BENEFICIARIO 06470,001000006470,USD,4733.60,SCBLPEPLXXX,PAGO PROVEEDOR 06470,BEN
10006471,BENEFICIARIO 06471,001000006471,PEN,4734.33,CITIPEPLXXX,PAGO PROVEEDOR 06471,SHA
10006472,BENEFICIARIO 06472,001000006472,PEN,4735.06,BCPLPEPLXXX,PAGO PROVEEDOR 06472,OUR
10006473,BENEFICIARIO 06473,001000006473,PEN,4735.79,BINPPEPLXXX,PAGO PROVEEDOR 06473,BEN
10006474,BENEFICIARIO 06474,001000006474,PEN,4736.52,SCBLPEPLXXX,PAGO PROVEEDOR 06474,SHA
10006475,BENEFICIARIO 06475,001000006475,USD,4737.25,CITIPEPLXXX,PAGO PROVEEDOR 06475,OUR
10006476,BENEFICIARIO 06476,001000006476,PEN,4737.98,BCPLPEPLXXX,PAGO PROVEEDOR 06476,BEN
10006477,BENEFICIARIO 06477,001000006477,PEN,4738.71,BINPPEPLXXX,PAGO PROVEEDOR 06477,SHA
10006478,BENEFICIARIO 06478,001000006478,PEN,4739.44,SCBLPEPLXXX,PAGO PROVEEDOR 06478,OUR
10006479,BENEFICIARIO 06479,001000006479,PEN,4740.17,CITIPEPLXXX,PAGO PROVEEDOR 06479,BEN
10006480,BENEFICIARIO 06480,001000006480,USD,4740.90,BCPLPEPLXXX,PAGO PROVEEDOR 06480,SHA
10006481,BENEFICIARIO 06481,001000006481,PEN,4741.63,BINPPEPLXXX,PAGO PROVEEDOR 06481,OUR
10006482,BENEFICIARIO 06482,001000006482,PEN,4742.36,SCBLPEPLXXX,PAGO PROVEEDOR 06482,BEN
10006483,BENEFICIARIO 06483,001000006483,PEN,4743.09,CITIPEPLXXX,PAGO PROVEEDOR 06483,SHA
10006484,BENEFICIARIO 06484,001000006484,PEN,4743.82,BCPLPEPLXXX,PAGO PROVEEDOR 06484,OUR
10006485,BENEFICIARIO 06485,001000006485,USD,4744.55,BINPPEPLXXX,PAGO PROVEEDOR 06485,BEN
10006486,BENEFICIARIO 06486,001000006486,PEN,4745.28,SCBLPEPLXXX,PAGO PROVEEDOR 06486,SHA
10006487,BENEFICIARIO 06487,001000006487,PEN,4746.01,CITIPEPLXXX,PAGO PROVEEDOR 06487,OUR
10006488,BENEFICIARIO 06488,001000006488,PEN,4746.74,BCPLPEPLXXX,PAGO PROVEEDOR 06488,BEN
10006489,BENEFICIARIO 06489,001000006489,PEN,4747.47,BINPPEPLXXX,PAGO PROVEEDOR 06489,SHA
10006490,BENEFICIARIO 06490,001000006490,USD,4748.20,SCBLPEPLXXX,PAGO PROVEEDOR 06490,OUR
10006491,BENEFICIARIO 06491,001000006491,PEN,4748.93,CITIPEPLXXX,PAGO PROVEEDOR 06491,BEN
10006492,BENEFICIARIO 06492,001000006492,PEN,4749.66,BCPLPEPLXXX,PAGO PROVEEDOR 06492,SHA
10006493,BENEFICIARIO 06493,001000006493,PEN,4750.39,BINPPEPLXXX,PAGO PROVEEDOR 06493,OUR
10006494,BENEFICIARIO 06494,001000006494,PEN,4751.12,SCBLPEPLXXX,PAGO PROVEEDOR 06494,BEN
10006495,BENEFICIARIO 06495,001000006495,USD,4751.85,CITIPEPLXXX,PAGO PROVEEDOR 06495,SHA
10006496,BENEFICIARIO 06496,001000006496,PEN,4752.58,BCPLPEPLXXX,PAGO PROVEEDOR 06496,OUR
10006497,BENEFICIARIO 06497,001000006497,PEN,4753.31,BINPPEPLXXX,PAGO PROVEEDOR 06497,BEN
10006498,BENEFICIARIO 06498,001000006498,PEN,4754.04,SCBLPEPLXXX,PAGO PROVEEDOR 06498,SHA
10006499,BENEFICIARIO 06499,001000006499,PEN,4754.77,CITIPEPLXXX,PAGO PROVEEDOR 06499,OUR
10006500,BENEFICIARIO 06500,001000006500,USD,4755.50,BCPLPEPLXXX,PAGO PROVEEDOR 06500,BEN
10006501,BENEFICIARIO 06501,001000006501,PEN,4756.23,BINPPEPLXXX,PAGO PROVEEDOR 06501,SHA
10006502,BENEFICIARIO 06502,001000006502,PEN,4756.96,SCBLPEPLXXX,PAGO PROVEEDOR 06502,OUR
10006503,BENEFICIARIO 06503,001000006503,PEN,4757.69,CITIPEPLXXX,PAGO PROVEEDOR 06503,BEN
10006504,BENEFICIARIO 06504,001000006504,PEN,4758.42,BCPLPEPLXXX,PAGO PROVEEDOR 06504,SHA
10006505,BENEFICIARIO 06505,001000006505,USD,4759.15,BINPPEPLXXX,PAGO PROVEEDOR 06505,OUR
10006506,BENEFICIARIO 06506,001000006506,PEN,4759.88,SCBLPEPLXXX,PAGO PROVEEDOR 06506,BEN
10006507,BENEFICIARIO 06507,001000006507,PEN,4760.61,CITIPEPLXXX,PAGO PROVEEDOR 06507,SHA
10006508,BENEFICIARIO 06508,001000006508,PEN,4761.34,BCPLPEPLXXX,PAGO PROVEEDOR 06508,OUR
10006509,BENEFICIARIO 06509,001000006509,PEN,4762.07,BINPPEPLXXX,PAGO PROVEEDOR 06509,BEN
10006510,BENEFICIARIO 06510,001000006510,USD,4762.80,SCBLPEPLXXX,PAGO PROVEEDOR 06510,SHA
10006511,BENEFICIARIO 06511,001000006511,PEN,4763.53,CITIPEPLXXX,PAGO PROVEEDOR 06511,OUR
10006512,BENEFICIARIO 06512,001000006512,PEN,4764.26,BCPLPEPLXXX,PAGO PROVEEDOR 06512,BEN
10006513,BENEFICIARIO 06513,001000006513,PEN,4764.99,BINPPEPLXXX,PAGO PROVEEDOR 06513,SHA
10006514,BENEFICIARIO 06514,001000006514,PEN,4765.72,SCBLPEPLXXX,PAGO PROVEEDOR 06514,OUR
10006515,BENEFICIARIO 06515,001000006515,USD,4766.45,CITIPEPLXXX,PAGO PROVEEDOR 06515,BEN
10006516,BENEFICIARIO 06516,001000006516,PEN,4767.18,BCPLPEPLXXX,PAGO PROVEEDOR 06516,SHA
10006517,BENEFICIARIO 06517,001000006517,PEN,4767.91,BINPPEPLXXX,PAGO PROVEEDOR 06517,OUR
10006518,BENEFICIARIO 06518,001000006518,PEN,4768.64,SCBLPEPLXXX,PAGO PROVEEDOR 06518,BEN
10006519,BENEFICIARIO 06519,001000006519,PEN,4769.37,CITIPEPLXXX,PAGO PROVEEDOR 06519,SHA
10006520,BENEFICIARIO 06520,001000006520,USD,4770.10,BCPLPEPLXXX,PAGO PROVEEDOR 06520,OUR
10006521,BENEFICIARIO 06521,001000006521,PEN,4770.83,BINPPEPLXXX,PAGO PROVEEDOR 06521,BEN
10006522,BENEFICIARIO 06522,001000006522,PEN,4771.56,SCBLPEPLXXX,PAGO PROVEEDOR 06522,SHA
10006523,BENEFICIARIO 06523,001000006523,PEN,4772.29,CITIPEPLXXX,PAGO PROVEEDOR 06523,OUR
10006524,BENEFICIARIO 06524,001000006524,PEN,4773.02,BCPLPEPLXXX,PAGO PROVEEDOR 06524,BEN
10006525,BENEFICIARIO 06525,001000006525,USD,4773.75,BINPPEPLXXX,PAGO PROVEEDOR 06525,SHA
10006526,BENEFICIARIO 06526,001000006526,PEN,4774.48,SCBLPEPLXXX,PAGO PROVEEDOR 06526,OUR
10006527,BENEFICIARIO 06527,001000006527,PEN,4775.21,CITIPEPLXXX,PAGO PROVEEDOR 06527,BEN
10006528,BENEFICIARIO 06528,001000006528,PEN,4775.94,BCPLPEPLXXX,PAGO PROVEEDOR 06528,SHA
10006529,BENEFICIARIO 06529,001000006529,PEN,4776.67,BINPPEPLXXX,PAGO PROVEEDOR 06529,OUR
10006530,BENEFICIARIO 06530,001000006530,USD,4777.40,SCBLPEPLXXX,PAGO PROVEEDOR 06530,BEN
10006531,BENEFICIARIO 06531,001000006531,PEN,4778.13,CITIPEPLXXX,PAGO PROVEEDOR 06531,SHA
10006532,BENEFICIARIO 06532,001000006532,PEN,4778.86,BCPLPEPLXXX,PAGO PROVEEDOR 06532,OUR
10006533,BENEFICIARIO 06533,001000006533,PEN,4779.59,BINPPEPLXXX,PAGO PROVEEDOR 06533,BEN
10006534,BENEFICIARIO 06534,001000006534,PEN,4780.32,SCBLPEPLXXX,PAGO PROVEEDOR 06534,SHA
10006535,BENEFICIARIO 06535,001000006535,USD,4781.05,CITIPEPLXXX,PAGO PROVEEDOR 06535,OUR
10006536,BENEFICIARIO 06536,001000006536,PEN,4781.78,BCPLPEPLXXX,PAGO PROVEEDOR 06536,BEN
10006537,BENEFICIARIO 06537,001000006537,PEN,4782.51,BINPPEPLXXX,PAGO PROVEEDOR 06537,SHA
10006538,BENEFICIARIO 06538,001000006538,PEN,4783.24,SCBLPEPLXXX,PAGO PROVEEDOR 06538,OUR
10006539,BENEFICIARIO 06539,001000006539,PEN,4783.97,CITIPEPLXXX,PAGO PROVEEDOR 06539,BEN
10006540,BENEFICIARIO 06540,001000006540,USD,4784.70,BCPLPEPLXXX,PAGO PROVEEDOR 06540,SHA
10006541,BENEFICIARIO 06541,001000006541,PEN,4785.43,BINPPEPLXXX,PAGO PROVEEDOR 06541,OUR
10006542,BENEFICIARIO 06542,001000006542,PEN,4786.16,SCBLPEPLXXX,PAGO PROVEEDOR 06542,BEN
10006543,BENEFICIARIO 06543,001000006543,PEN,4786.89,CITIPEPLXXX,PAGO PROVEEDOR 06543,SHA
10006544,BENEFICIARIO 06544,001000006544,PEN,4787.62,BCPLPEPLXXX,PAGO PROVEEDOR 06544,OUR
10006545,BENEFICIARIO 06545,001000006545,USD,4788.35,BINPPEPLXXX,PAGO PROVEEDOR 06545,BEN
10006546,BENEFICIARIO 06546,001000006546,PEN,4789.08,SCBLPEPLXXX,PAGO PROVEEDOR 06546,SHA
10006547,BENEFICIARIO 06547,001000006547,PEN,4789.81,CITIPEPLXXX,PAGO PROVEEDOR 06547,OUR
10006548,BENEFICIARIO 06548,001000006548,PEN,4790.54,BCPLPEPLXXX,PAGO PROVEEDOR 06548,BEN
10006549,BENEFICIARIO 06549,001000006549,PEN,4791.27,BINPPEPLXXX,PAGO PROVEEDOR 06549,SHA
10006550,BENEFICIARIO 06550,001000006550,USD,4792.00,SCBLPEPLXXX,PAGO PROVEEDOR 06550,OUR
10006551,BENEFICIARIO 06551,001000006551,PEN,4792.73,CITIPEPLXXX,PAGO PROVEEDOR 06551,BEN
10006552,BENEFICIARIO 06552,001000006552,PEN,4793.46,BCPLPEPLXXX,PAGO PROVEEDOR 06552,SHA
10006553,BENEFICIARIO 06553,001000006553,PEN,4794.19,BINPPEPLXXX,PAGO PROVEEDOR 06553,OUR
10006554,BENEFICIARIO 06554,001000006554,PEN,4794.92,SCBLPEPLXXX,PAGO PROVEEDOR 06554,BEN
10006555,BENEFICIARIO 06555,001000006555,USD,4795.65,CITIPEPLXXX,PAGO PROVEEDOR 06555,SHA
10006556,BENEFICIARIO 06556,001000006556,PEN,4796.38,BCPLPEPLXXX,PAGO PROVEEDOR 06556,OUR
10006557,BENEFICIARIO 06557,001000006557,PEN,4797.11,BINPPEPLXXX,PAGO PROVEEDOR 06557,BEN
10006558,BENEFICIARIO 06558,001000006558,PEN,4797.84,SCBLPEPLXXX,PAGO PROVEEDOR 06558,SHA
10006559,BENEFICIARIO 06559,001000006559,PEN,4798.57,CITIPEPLXXX,PAGO PROVEEDOR 06559,OUR
10006560,BENEFICIARIO 06560,001000006560,USD,4799.30,BCPLPEPLXXX,PAGO PROVEEDOR 06560,BEN
10006561,BENEFICIARIO 06561,001000006561,PEN,4800.03,BINPPEPLXXX,PAGO PROVEEDOR 06561,SHA
10006562,BENEFICIARIO 06562,001000006562,PEN,4800.76,SCBLPEPLXXX,PAGO PROVEEDOR 06562,OUR
10006563,BENEFICIARIO 06563,001000006563,PEN,4801.49,CITIPEPLXXX,PAGO PROVEEDOR 06563,BEN
10006564,BENEFICIARIO 06564,001000006564,PEN,4802.22,BCPLPEPLXXX,PAGO PROVEEDOR 06564,SHA
10006565,BENEFICIARIO 06565,001000006565,USD,4802.95,BINPPEPLXXX,PAGO PROVEEDOR 06565,OUR
10006566,BENEFICIARIO 06566,001000006566,PEN,4803.68,SCBLPEPLXXX,PAGO PROVEEDOR 06566,BEN
10006567,BENEFICIARIO 06567,001000006567,PEN,4804.41,CITIPEPLXXX,PAGO PROVEEDOR 06567,SHA
10006568,BENEFICIARIO 06568,001000006568,PEN,4805.14,BCPLPEPLXXX,PAGO PROVEEDOR 06568,OUR
10006569,BENEFICIARIO 06569,001000006569,PEN,4805.87,BINPPEPLXXX,PAGO PROVEEDOR 06569,BEN
10006570,BENEFICIARIO 06570,001000006570,USD,4806.60,SCBLPEPLXXX,PAGO PROVEEDOR 06570,SHA
10006571,BENEFICIARIO 06571,001000006571,PEN,4807.33,CITIPEPLXXX,PAGO PROVEEDOR 06571,OUR
10006572,BENEFICIARIO 06572,001000006572,PEN,4808.06,BCPLPEPLXXX,PAGO PROVEEDOR 06572,BEN
10006573,BENEFICIARIO 06573,001000006573,PEN,4808.79,BINPPEPLXXX,PAGO PROVEEDOR 06573,SHA
10006574,BENEFICIARIO 06574,001000006574,PEN,4809.52,SCBLPEPLXXX,PAGO PROVEEDOR 06574,OUR
10006575,BENEFICIARIO 06575,001000006575,USD,4810.25,CITIPEPLXXX,PAGO PROVEEDOR 06575,BEN
10006576,BENEFICIARIO 06576,001000006576,PEN,4810.98,BCPLPEPLXXX,PAGO PROVEEDOR 06576,SHA
10006577,BENEFICIARIO 06577,001000006577,PEN,4811.71,BINPPEPLXXX,PAGO PROVEEDOR 06577,OUR
10006578,BENEFICIARIO 06578,001000006578,PEN,4812.44,SCBLPEPLXXX,PAGO PROVEEDOR 06578,BEN
10006579,BENEFICIARIO 06579,001000006579,PEN,4813.17,CITIPEPLXXX,PAGO PROVEEDOR 06579,SHA
10006580,BENEFICIARIO 06580,001000006580,USD,4813.90,BCPLPEPLXXX,PAGO PROVEEDOR 06580,OUR
10006581,BENEFICIARIO 06581,001000006581,PEN,4814.63,BINPPEPLXXX,PAGO PROVEEDOR 06581,BEN
10006582,BENEFICIARIO 06582,001000006582,PEN,4815.36,SCBLPEPLXXX,PAGO PROVEEDOR 06582,SHA
10006583,BENEFICIARIO 06583,001000006583,PEN,4816.09,CITIPEPLXXX,PAGO PROVEEDOR 06583,OUR
10006584,BENEFICIARIO 06584,001000006584,PEN,4816.82,BCPLPEPLXXX,PAGO PROVEEDOR 06584,BEN
10006585,BENEFICIARIO 06585,001000006585,USD,4817.55,BINPPEPLXXX,PAGO PROVEEDOR 06585,SHA
10006586,BENEFICIARIO 06586,001000006586,PEN,4818.28,SCBLPEPLXXX,PAGO PROVEEDOR 06586,OUR
10006587,BENEFICIARIO 06587,001000006587,PEN,4819.01,CITIPEPLXXX,PAGO PROVEEDOR 06587,BEN
10006588,BENEFICIARIO 06588,001000006588,PEN,4819.74,BCPLPEPLXXX,PAGO PROVEEDOR 06588,SHA
10006589,BENEFICIARIO 06589,001000006589,PEN,4820.47,BINPPEPLXXX,PAGO PROVEEDOR 06589,OUR
10006590,BENEFICIARIO 06590,001000006590,USD,4821.20,SCBLPEPLXXX,PAGO PROVEEDOR 06590,BEN
10006591,BENEFICIARIO 06591,001000006591,PEN,4821.93,CITIPEPLXXX,PAGO PROVEEDOR 06591,SHA
10006592,BENEFICIARIO 06592,001000006592,PEN,4822.66,BCPLPEPLXXX,PAGO PROVEEDOR 06592,OUR
10006593,BENEFICIARIO 06593,001000006593,PEN,4823.39,BINPPEPLXXX,PAGO PROVEEDOR 06593,BEN
10006594,BENEFICIARIO 06594,001000006594,PEN,4824.12,SCBLPEPLXXX,PAGO PROVEEDOR 06594,SHA
10006595,BENEFICIARIO 06595,001000006595,USD,4824.85,CITIPEPLXXX,PAGO PROVEEDOR 06595,OUR
10006596,BENEFICIARIO 06596,001000006596,PEN,4825.58,BCPLPEPLXXX,PAGO PROVEEDOR 06596,BEN
10006597,BENEFICIARIO 06597,001000006597,PEN,4826.31,BINPPEPLXXX,PAGO PROVEEDOR 06597,SHA
10006598,BENEFICIARIO 06598,001000006598,PEN,4827.04,SCBLPEPLXXX,PAGO PROVEEDOR 06598,OUR
10006599,BENEFICIARIO 06599,001000006599,PEN,4827.77,CITIPEPLXXX,PAGO PROVEEDOR 06599,BEN
10006600,BENEFICIARIO 06600,001000006600,USD,4828.50,BCPLPEPLXXX,PAGO PROVEEDOR 06600,SHA
10006601,BENEFICIARIO 06601,001000006601,PEN,4829.23,BINPPEPLXXX,PAGO PROVEEDOR 06601,OUR
10006602,BENEFICIARIO 06602,001000006602,PEN,4829.96,SCBLPEPLXXX,PAGO PROVEEDOR 06602,BEN
10006603,BENEFICIARIO 06603,001000006603,PEN,4830.69,CITIPEPLXXX,PAGO PROVEEDOR 06603,SHA
10006604,BENEFICIARIO 06604,001000006604,PEN,4831.42,BCPLPEPLXXX,PAGO PROVEEDOR 06604,OUR
10006605,BENEFICIARIO 06605,001000006605,USD,4832.15,BINPPEPLXXX,PAGO PROVEEDOR 06605,BEN
10006606,BENEFICIARIO 06606,001000006606,PEN,4832.88,SCBLPEPLXXX,PAGO PROVEEDOR 06606,SHA
10006607,BENEFICIARIO 06607,001000006607,PEN,4833.61,CITIPEPLXXX,PAGO PROVEEDOR 06607,OUR
10006608,BENEFICIARIO 06608,001000006608,PEN,4834.34,BCPLPEPLXXX,PAGO PROVEEDOR 06608,BEN
10006609,BENEFICIARIO 06609,001000006609,PEN,4835.07,BINPPEPLXXX,PAGO PROVEEDOR 06609,SHA
10006610,BENEFICIARIO 06610,001000006610,USD,4835.80,SCBLPEPLXXX,PAGO PROVEEDOR 06610,OUR
10006611,BENEFICIARIO 06611,001000006611,PEN,4836.53,CITIPEPLXXX,PAGO PROVEEDOR 06611,BEN
10006612,BENEFICIARIO 06612,001000006612,PEN,4837.26,BCPLPEPLXXX,PAGO PROVEEDOR 06612,SHA
10006613,BENEFICIARIO 06613,001000006613,PEN,4837.99,BINPPEPLXXX,PAGO PROVEEDOR 06613,OUR
10006614,BENEFICIARIO 06614,001000006614,PEN,4838.72,SCBLPEPLXXX,PAGO PROVEEDOR 06614,BEN
10006615,BENEFICIARIO 06615,001000006615,USD,4839.45,CITIPEPLXXX,PAGO PROVEEDOR 06615,SHA
10006616,BENEFICIARIO 06616,001000006616,PEN,4840.18,BCPLPEPLXXX,PAGO PROVEEDOR 06616,OUR
10006617,BENEFICIARIO 06617,001000006617,PEN,4840.91,BINPPEPLXXX,PAGO PROVEEDOR 06617,BEN
10006618,BENEFICIARIO 06618,001000006618,PEN,4841.64,SCBLPEPLXXX,PAGO PROVEEDOR 06618,SHA
10006619,BENEFICIARIO 06619,001000006619,PEN,4842.37,CITIPEPLXXX,PAGO PROVEEDOR 06619,OUR
10006620,BENEFICIARIO 06620,001000006620,USD,4843.10,BCPLPEPLXXX,PAGO PROVEEDOR 06620,BEN
10006621,BENEFICIARIO 06621,001000006621,PEN,4843.83,BINPPEPLXXX,PAGO PROVEEDOR 06621,SHA
10006622,BENEFICIARIO 06622,001000006622,PEN,4844.56,SCBLPEPLXXX,PAGO PROVEEDOR 06622,OUR
10006623,BENEFICIARIO 06623,001000006623,PEN,4845.29,CITIPEPLXXX,PAGO PROVEEDOR 06623,BEN
10006624,BENEFICIARIO 06624,001000006624,PEN,4846.02,BCPLPEPLXXX,PAGO PROVEEDOR 06624,SHA
10006625,BENEFICIARIO 06625,001000006625,USD,4846.75,BINPPEPLXXX,PAGO PROVEEDOR 06625,OUR
10006626,BENEFICIARIO 06626,001000006626,PEN,4847.48,SCBLPEPLXXX,PAGO PROVEEDOR 06626,BEN
10006627,BENEFICIARIO 06627,001000006627,PEN,4848.21,CITIPEPLXXX,PAGO PROVEEDOR 06627,SHA
10006628,BENEFICIARIO 06628,001000006628,PEN,4848.94,BCPLPEPLXXX,PAGO PROVEEDOR 06628,OUR
10006629,BENEFICIARIO 06629,001000006629,PEN,4849.67,BINPPEPLXXX,PAGO PROVEEDOR 06629,BEN
10006630,BENEFICIARIO 06630,001000006630,USD,4850.40,SCBLPEPLXXX,PAGO PROVEEDOR 06630,SHA
10006631,BENEFICIARIO 06631,001000006631,PEN,4851.13,CITIPEPLXXX,PAGO PROVEEDOR 06631,OUR
10006632,BENEFICIARIO 06632,001000006632,PEN,4851.86,BCPLPEPLXXX,PAGO PROVEEDOR 06632,BEN
10006633,BENEFICIARIO 06633,001000006633,PEN,4852.59,BINPPEPLXXX,PAGO PROVEEDOR 06633,SHA
10006634,BENEFICIARIO 06634,001000006634,PEN,4853.32,SCBLPEPLXXX,PAGO PROVEEDOR 06634,OUR
10006635,BENEFICIARIO 06635,001000006635,USD,4854.05,CITIPEPLXXX,PAGO PROVEEDOR 06635,BEN
10006636,BENEFICIARIO 06636,001000006636,PEN,4854.78,BCPLPEPLXXX,PAGO PROVEEDOR 06636,SHA
10006637,BENEFICIARIO 06637,001000006637,PEN,4855.51,BINPPEPLXXX,PAGO PROVEEDOR 06637,OUR
10006638,BENEFICIARIO 06638,001000006638,PEN,4856.24,SCBLPEPLXXX,PAGO PROVEEDOR 06638,BEN
10006639,BENEFICIARIO 06639,001000006639,PEN,4856.97,CITIPEPLXXX,PAGO PROVEEDOR 06639,SHA
10006640,BENEFICIARIO 06640,001000006640,USD,4857.70,BCPLPEPLXXX,PAGO PROVEEDOR 06640,OUR
10006641,BENEFICIARIO 06641,001000006641,PEN,4858.43,BINPPEPLXXX,PAGO PROVEEDOR 06641,BEN
10006642,BENEFICIARIO 06642,001000006642,PEN,4859.16,SCBLPEPLXXX,PAGO PROVEEDOR 06642,SHA
10006643,BENEFICIARIO 06643,001000006643,PEN,4859.89,CITIPEPLXXX,PAGO PROVEEDOR 06643,OUR
10006644,BENEFICIARIO 06644,001000006644,PEN,4860.62,BCPLPEPLXXX,PAGO PROVEEDOR 06644,BEN
10006645,BENEFICIARIO 06645,001000006645,USD,4861.35,BINPPEPLXXX,PAGO PROVEEDOR 06645,SHA
10006646,BENEFICIARIO 06646,001000006646,PEN,4862.08,SCBLPEPLXXX,PAGO PROVEEDOR 06646,OUR
10006647,BENEFICIARIO 06647,001000006647,PEN,4862.81,CITIPEPLXXX,PAGO PROVEEDOR 06647,BEN
10006648,BENEFICIARIO 06648,001000006648,PEN,4863.54,BCPLPEPLXXX,PAGO PROVEEDOR 06648,SHA
10006649,BENEFICIARIO 06649,001000006649,PEN,4864.27,BINPPEPLXXX,PAGO PROVEEDOR 06649,OUR
10006650,BENEFICIARIO 06650,001000006650,USD,4865.00,SCBLPEPLXXX,PAGO PROVEEDOR 06650,BEN
10006651,BENEFICIARIO 06651,001000006651,PEN,4865.73,CITIPEPLXXX,PAGO PROVEEDOR 06651,SHA
10006652,BENEFICIARIO 06652,001000006652,PEN,4866.46,BCPLPEPLXXX,PAGO PROVEEDOR 06652,OUR
10006653,BENEFICIARIO 06653,001000006653,PEN,4867.19,BINPPEPLXXX,PAGO PROVEEDOR 06653,BEN
10006654,BENEFICIARIO 06654,001000006654,PEN,4867.92,SCBLPEPLXXX,PAGO PROVEEDOR 06654,SHA
10006655,BENEFICIARIO 06655,001000006655,USD,4868.65,CITIPEPLXXX,PAGO PROVEEDOR 06655,OUR
10006656,BENEFICIARIO 06656,001000006656,PEN,4869.38,BCPLPEPLXXX,PAGO PROVEEDOR 06656,BEN
10006657,BENEFICIARIO 06657,001000006657,PEN,4870.11,BINPPEPLXXX,PAGO PROVEEDOR 06657,SHA
10006658,BENEFICIARIO 06658,001000006658,PEN,4870.84,SCBLPEPLXXX,PAGO PROVEEDOR 06658,OUR
10006659,BENEFICIARIO 06659,001000006659,PEN,4871.57,CITIPEPLXXX,PAGO PROVEEDOR 06659,BEN
10006660,BENEFICIARIO 06660,001000006660,USD,4872.30,BCPLPEPLXXX,PAGO PROVEEDOR 06660,SHA
10006661,BENEFICIARIO 06661,001000006661,PEN,4873.03,BINPPEPLXXX,PAGO PROVEEDOR 06661,OUR
10006662,BENEFICIARIO 06662,001000006662,PEN,4873.76,SCBLPEPLXXX,PAGO PROVEEDOR 06662,BEN
10006663,BENEFICIARIO 06663,001000006663,PEN,4874.49,CITIPEPLXXX,PAGO PROVEEDOR 06663,SHA
10006664,BENEFICIARIO 06664,001000006664,PEN,4875.22,BCPLPEPLXXX,PAGO PROVEEDOR 06664,OUR
10006665,BENEFICIARIO 06665,001000006665,USD,4875.95,BINPPEPLXXX,PAGO PROVEEDOR 06665,BEN
10006666,BENEFICIARIO 06666,001000006666,PEN,4876.68,SCBLPEPLXXX,PAGO PROVEEDOR 06666,SHA
10006667,BENEFICIARIO 06667,001000006667,PEN,4877.41,CITIPEPLXXX,PAGO PROVEEDOR 06667,OUR
10006668,BENEFICIARIO 06668,001000006668,PEN,4878.14,BCPLPEPLXXX,PAGO PROVEEDOR 06668,BEN
10006669,BENEFICIARIO 06669,001000006669,PEN,4878.87,BINPPEPLXXX,PAGO PROVEEDOR 06669,SHA
10006670,BENEFICIARIO 06670,001000006670,USD,4879.60,SCBLPEPLXXX,PAGO PROVEEDOR 06670,OUR
10006671,BENEFICIARIO 06671,001000006671,PEN,4880.33,CITIPEPLXXX,PAGO PROVEEDOR 06671,BEN
10006672,BENEFICIARIO 06672,001000006672,PEN,4881.06,BCPLPEPLXXX,PAGO PROVEEDOR 06672,SHA
10006673,BENEFICIARIO 06673,001000006673,PEN,4881.79,BINPPEPLXXX,PAGO PROVEEDOR 06673,OUR
10006674,BENEFICIARIO 06674,001000006674,PEN,4882.52,SCBLPEPLXXX,PAGO PROVEEDOR 06674,BEN
10006675,BENEFICIARIO 06675,001000006675,USD,4883.25,CITIPEPLXXX,PAGO PROVEEDOR 06675,SHA
10006676,BENEFICIARIO 06676,001000006676,PEN,4883.98,BCPLPEPLXXX,PAGO PROVEEDOR 06676,OUR
10006677,BENEFICIARIO 06677,001000006677,PEN,4884.71,BINPPEPLXXX,PAGO PROVEEDOR 06677,BEN
10006678,BENEFICIARIO 06678,001000006678,PEN,4885.44,SCBLPEPLXXX,PAGO PROVEEDOR 06678,SHA
10006679,BENEFICIARIO 06679,001000006679,PEN,4886.17,CITIPEPLXXX,PAGO PROVEEDOR 06679,OUR
10006680,BENEFICIARIO 06680,001000006680,USD,4886.90,BCPLPEPLXXX,PAGO PROVEEDOR 06680,BEN
10006681,BENEFICIARIO 06681,001000006681,PEN,4887.63,BINPPEPLXXX,PAGO PROVEEDOR 06681,SHA
10006682,BENEFICIARIO 06682,001000006682,PEN,4888.36,SCBLPEPLXXX,PAGO PROVEEDOR 06682,OUR
10006683,BENEFICIARIO 06683,001000006683,PEN,4889.09,CITIPEPLXXX,PAGO PROVEEDOR 06683,BEN
10006684,BENEFICIARIO 06684,001000006684,PEN,4889.82,BCPLPEPLXXX,PAGO PROVEEDOR 06684,SHA
10006685,BENEFICIARIO 06685,001000006685,USD,4890.55,BINPPEPLXXX,PAGO PROVEEDOR 06685,OUR
10006686,BENEFICIARIO 06686,001000006686,PEN,4891.28,SCBLPEPLXXX,PAGO PROVEEDOR 06686,BEN
10006687,BENEFICIARIO 06687,001000006687,PEN,4892.01,CITIPEPLXXX,PAGO PROVEEDOR 06687,SHA
10006688,BENEFICIARIO 06688,001000006688,PEN,4892.74,BCPLPEPLXXX,PAGO PROVEEDOR 06688,OUR
10006689,BENEFICIARIO 06689,001000006689,PEN,4893.47,BINPPEPLXXX,PAGO PROVEEDOR 06689,BEN
10006690,BENEFICIARIO 06690,001000006690,USD,4894.20,SCBLPEPLXXX,PAGO PROVEEDOR 06690,SHA
10006691,BENEFICIARIO 06691,001000006691,PEN,4894.93,CITIPEPLXXX,PAGO PROVEEDOR 06691,OUR
10006692,BENEFICIARIO 06692,001000006692,PEN,4895.66,BCPLPEPLXXX,PAGO PROVEEDOR 06692,BEN
10006693,BENEFICIARIO 06693,001000006693,PEN,4896.39,BINPPEPLXXX,PAGO PROVEEDOR 06693,SHA
10006694,BENEFICIARIO 06694,001000006694,PEN,4897.12,SCBLPEPLXXX,PAGO PROVEEDOR 06694,OUR
10006695,BENEFICIARIO 06695,001000006695,USD,4897.85,CITIPEPLXXX,PAGO PROVEEDOR 06695,BEN
10006696,BENEFICIARIO 06696,001000006696,PEN,4898.58,BCPLPEPLXXX,PAGO PROVEEDOR 06696,SHA
10006697,BENEFICIARIO 06697,001000006697,PEN,4899.31,BINPPEPLXXX,PAGO PROVEEDOR 06697,OUR
10006698,BENEFICIARIO 06698,001000006698,PEN,4900.04,SCBLPEPLXXX,PAGO PROVEEDOR 06698,BEN
10006699,BENEFICIARIO 06699,001000006699,PEN,4900.77,CITIPEPLXXX,PAGO PROVEEDOR 06699,SHA
10006700,BENEFICIARIO 06700,001000006700,USD,4901.50,BCPLPEPLXXX,PAGO PROVEEDOR 06700,OUR
10006701,BENEFICIARIO 06701,001000006701,PEN,4902.23,BINPPEPLXXX,PAGO PROVEEDOR 06701,BEN
10006702,BENEFICIARIO 06702,001000006702,PEN,4902.96,SCBLPEPLXXX,PAGO PROVEEDOR 06702,SHA
10006703,BENEFICIARIO 06703,001000006703,PEN,4903.69,CITIPEPLXXX,PAGO PROVEEDOR 06703,OUR
10006704,BENEFICIARIO 06704,001000006704,PEN,4904.42,BCPLPEPLXXX,PAGO PROVEEDOR 06704,BEN
10006705,BENEFICIARIO 06705,001000006705,USD,4905.15,BINPPEPLXXX,PAGO PROVEEDOR 06705,SHA
10006706,BENEFICIARIO 06706,001000006706,PEN,4905.88,SCBLPEPLXXX,PAGO PROVEEDOR 06706,OUR
10006707,BENEFICIARIO 06707,001000006707,PEN,4906.61,CITIPEPLXXX,PAGO PROVEEDOR 06707,BEN
10006708,BENEFICIARIO 06708,001000006708,PEN,4907.34,BCPLPEPLXXX,PAGO PROVEEDOR 06708,SHA
10006709,BENEFICIARIO 06709,001000006709,PEN,4908.07,BINPPEPLXXX,PAGO PROVEEDOR 06709,OUR
10006710,BENEFICIARIO 06710,001000006710,USD,4908.80,SCBLPEPLXXX,PAGO PROVEEDOR 06710,BEN
10006711,BENEFICIARIO 06711,001000006711,PEN,4909.53,CITIPEPLXXX,PAGO PROVEEDOR 06711,SHA
10006712,BENEFICIARIO 06712,001000006712,PEN,4910.26,BCPLPEPLXXX,PAGO PROVEEDOR 06712,OUR
10006713,BENEFICIARIO 06713,001000006713,PEN,4910.99,BINPPEPLXXX,PAGO PROVEEDOR 06713,BEN
10006714,BENEFICIARIO 06714,001000006714,PEN,4911.72,SCBLPEPLXXX,PAGO PROVEEDOR 06714,SHA
10006715,BENEFICIARIO 06715,001000006715,USD,4912.45,CITIPEPLXXX,PAGO PROVEEDOR 06715,OUR
10006716,BENEFICIARIO 06716,001000006716,PEN,4913.18,BCPLPEPLXXX,PAGO PROVEEDOR 06716,BEN
10006717,BENEFICIARIO 06717,001000006717,PEN,4913.91,BINPPEPLXXX,PAGO PROVEEDOR 06717,SHA
10006718,BENEFICIARIO 06718,001000006718,PEN,4914.64,SCBLPEPLXXX,PAGO PROVEEDOR 06718,OUR
10006719,BENEFICIARIO 06719,001000006719,PEN,4915.37,CITIPEPLXXX,PAGO PROVEEDOR 06719,BEN
10006720,BENEFICIARIO 06720,001000006720,USD,4916.10,BCPLPEPLXXX,PAGO PROVEEDOR 06720,SHA
10006721,BENEFICIARIO 06721,001000006721,PEN,4916.83,BINPPEPLXXX,PAGO PROVEEDOR 06721,OUR
10006722,BENEFICIARIO 06722,001000006722,PEN,4917.56,SCBLPEPLXXX,PAGO PROVEEDOR 06722,BEN
10006723,BENEFICIARIO 06723,001000006723,PEN,4918.29,CITIPEPLXXX,PAGO PROVEEDOR 06723,SHA
10006724,BENEFICIARIO 06724,001000006724,PEN,4919.02,BCPLPEPLXXX,PAGO PROVEEDOR 06724,OUR
10006725,BENEFICIARIO 06725,001000006725,USD,4919.75,BINPPEPLXXX,PAGO PROVEEDOR 06725,BEN
10006726,BENEFICIARIO 06726,001000006726,PEN,4920.48,SCBLPEPLXXX,PAGO PROVEEDOR 06726,SHA
10006727,BENEFICIARIO 06727,001000006727,PEN,4921.21,CITIPEPLXXX,PAGO PROVEEDOR 06727,OUR
10006728,BENEFICIARIO 06728,001000006728,PEN,4921.94,BCPLPEPLXXX,PAGO PROVEEDOR 06728,BEN
10006729,BENEFICIARIO 06729,001000006729,PEN,4922.67,BINPPEPLXXX,PAGO PROVEEDOR 06729,SHA
10006730,BENEFICIARIO 06730,001000006730,USD,4923.40,SCBLPEPLXXX,PAGO PROVEEDOR 06730,OUR
10006731,BENEFICIARIO 06731,001000006731,PEN,4924.13,CITIPEPLXXX,PAGO PROVEEDOR 06731,BEN
10006732,BENEFICIARIO 06732,001000006732,PEN,4924.86,BCPLPEPLXXX,PAGO PROVEEDOR 06732,SHA
10006733,BENEFICIARIO 06733,001000006733,PEN,4925.59,BINPPEPLXXX,PAGO PROVEEDOR 06733,OUR
10006734,BENEFICIARIO 06734,001000006734,PEN,4926.32,SCBLPEPLXXX,PAGO PROVEEDOR 06734,BEN
10006735,BENEFICIARIO 06735,001000006735,USD,4927.05,CITIPEPLXXX,PAGO PROVEEDOR 06735,SHA
10006736,BENEFICIARIO 06736,001000006736,PEN,4927.78,BCPLPEPLXXX,PAGO PROVEEDOR 06736,OUR
10006737,BENEFICIARIO 06737,001000006737,PEN,4928.51,BINPPEPLXXX,PAGO PROVEEDOR 06737,BEN
10006738,BENEFICIARIO 06738,001000006738,PEN,4929.24,SCBLPEPLXXX,PAGO PROVEEDOR 06738,SHA
10006739,BENEFICIARIO 06739,001000006739,PEN,4929.97,CITIPEPLXXX,PAGO PROVEEDOR 06739,OUR
10006740,BENEFICIARIO 06740,001000006740,USD,4930.70,BCPLPEPLXXX,PAGO PROVEEDOR 06740,BEN
10006741,BENEFICIARIO 06741,001000006741,PEN,4931.43,BINPPEPLXXX,PAGO PROVEEDOR 06741,SHA
10006742,BENEFICIARIO 06742,001000006742,PEN,4932.16,SCBLPEPLXXX,PAGO PROVEEDOR 06742,OUR
10006743,BENEFICIARIO 06743,001000006743,PEN,4932.89,CITIPEPLXXX,PAGO PROVEEDOR 06743,BEN
10006744,BENEFICIARIO 06744,001000006744,PEN,4933.62,BCPLPEPLXXX,PAGO PROVEEDOR 06744,SHA
10006745,BENEFICIARIO 06745,001000006745,USD,4934.35,BINPPEPLXXX,PAGO PROVEEDOR 06745,OUR
10006746,BENEFICIARIO 06746,001000006746,PEN,4935.08,SCBLPEPLXXX,PAGO PROVEEDOR 06746,BEN
10006747,BENEFICIARIO 06747,001000006747,PEN,4935.81,CITIPEPLXXX,PAGO PROVEEDOR 06747,SHA
10006748,BENEFICIARIO 06748,001000006748,PEN,4936.54,BCPLPEPLXXX,PAGO PROVEEDOR 06748,OUR
10006749,BENEFICIARIO 06749,001000006749,PEN,4937.27,BINPPEPLXXX,PAGO PROVEEDOR 06749,BEN
10006750,BENEFICIARIO 06750,001000006750,USD,4938.00,SCBLPEPLXXX,PAGO PROVEEDOR 06750,SHA
10006751,BENEFICIARIO 06751,001000006751,PEN,4938.73,CITIPEPLXXX,PAGO PROVEEDOR 06751,OUR
10006752,BENEFICIARIO 06752,001000006752,PEN,4939.46,BCPLPEPLXXX,PAGO PROVEEDOR 06752,BEN
10006753,BENEFICIARIO 06753,001000006753,PEN,4940.19,BINPPEPLXXX,PAGO PROVEEDOR 06753,SHA
10006754,BENEFICIARIO 06754,001000006754,PEN,4940.92,SCBLPEPLXXX,PAGO PROVEEDOR 06754,OUR
10006755,BENEFICIARIO 06755,001000006755,USD,4941.65,CITIPEPLXXX,PAGO PROVEEDOR 06755,BEN
10006756,BENEFICIARIO 06756,001000006756,PEN,4942.38,BCPLPEPLXXX,PAGO PROVEEDOR 06756,SHA
10006757,BENEFICIARIO 06757,001000006757,PEN,4943.11,BINPPEPLXXX,PAGO PROVEEDOR 06757,OUR
10006758,BENEFICIARIO 06758,001000006758,PEN,4943.84,SCBLPEPLXXX,PAGO PROVEEDOR 06758,BEN
10006759,BENEFICIARIO 06759,001000006759,PEN,4944.57,CITIPEPLXXX,PAGO PROVEEDOR 06759,SHA
10006760,BENEFICIARIO 06760,001000006760,USD,4945.30,BCPLPEPLXXX,PAGO PROVEEDOR 06760,OUR
10006761,BENEFICIARIO 06761,001000006761,PEN,4946.03,BINPPEPLXXX,PAGO PROVEEDOR 06761,BEN
10006762,BENEFICIARIO 06762,001000006762,PEN,4946.76,SCBLPEPLXXX,PAGO PROVEEDOR 06762,SHA
10006763,BENEFICIARIO 06763,001000006763,PEN,4947.49,CITIPEPLXXX,PAGO PROVEEDOR 06763,OUR
10006764,BENEFICIARIO 06764,001000006764,PEN,4948.22,BCPLPEPLXXX,PAGO PROVEEDOR 06764,BEN
10006765,BENEFICIARIO 06765,001000006765,USD,4948.95,BINPPEPLXXX,PAGO PROVEEDOR 06765,SHA
10006766,BENEFICIARIO 06766,001000006766,PEN,4949.68,SCBLPEPLXXX,PAGO PROVEEDOR 06766,OUR
10006767,BENEFICIARIO 06767,001000006767,PEN,4950.41,CITIPEPLXXX,PAGO PROVEEDOR 06767,BEN
10006768,BENEFICIARIO 06768,001000006768,PEN,4951.14,BCPLPEPLXXX,PAGO PROVEEDOR 06768,SHA
10006769,BENEFICIARIO 06769,001000006769,PEN,4951.87,BINPPEPLXXX,PAGO PROVEEDOR 06769,OUR
10006770,BENEFICIARIO 06770,001000006770,USD,4952.60,SCBLPEPLXXX,PAGO PROVEEDOR 06770,BEN
10006771,BENEFICIARIO 06771,001000006771,PEN,4953.33,CITIPEPLXXX,PAGO PROVEEDOR 06771,SHA
10006772,BENEFICIARIO 06772,001000006772,PEN,4954.06,BCPLPEPLXXX,PAGO PROVEEDOR 06772,OUR
10006773,BENEFICIARIO 06773,001000006773,PEN,4954.79,BINPPEPLXXX,PAGO PROVEEDOR 06773,BEN
10006774,BENEFICIARIO 06774,001000006774,PEN,4955.52,SCBLPEPLXXX,PAGO PROVEEDOR 06774,SHA
10006775,BENEFICIARIO 06775,001000006775,USD,4956.25,CITIPEPLXXX,PAGO PROVEEDOR 06775,OUR
10006776,BENEFICIARIO 06776,001000006776,PEN,4956.98,BCPLPEPLXXX,PAGO PROVEEDOR 06776,BEN
10006777,BENEFICIARIO 06777,001000006777,PEN,4957.71,BINPPEPLXXX,PAGO PROVEEDOR 06777,SHA
10006778,BENEFICIARIO 06778,001000006778,PEN,4958.44,SCBLPEPLXXX,PAGO PROVEEDOR 06778,OUR
10006779,BENEFICIARIO 06779,001000006779,PEN,4959.17,CITIPEPLXXX,PAGO PROVEEDOR 06779,BEN
10006780,BENEFICIARIO 06780,001000006780,USD,4959.90,BCPLPEPLXXX,PAGO PROVEEDOR 06780,SHA
10006781,BENEFICIARIO 06781,001000006781,PEN,4960.63,BINPPEPLXXX,PAGO PROVEEDOR 06781,OUR
10006782,BENEFICIARIO 06782,001000006782,PEN,4961.36,SCBLPEPLXXX,PAGO PROVEEDOR 06782,BEN
10006783,BENEFICIARIO 06783,001000006783,PEN,4962.09,CITIPEPLXXX,PAGO PROVEEDOR 06783,SHA
10006784,BENEFICIARIO 06784,001000006784,PEN,4962.82,BCPLPEPLXXX,PAGO PROVEEDOR 06784,OUR
10006785,BENEFICIARIO 06785,001000006785,USD,4963.55,BINPPEPLXXX,PAGO PROVEEDOR 06785,BEN
10006786,BENEFICIARIO 06786,001000006786,PEN,4964.28,SCBLPEPLXXX,PAGO PROVEEDOR 06786,SHA
10006787,BENEFICIARIO 06787,001000006787,PEN,4965.01,CITIPEPLXXX,PAGO PROVEEDOR 06787,OUR
10006788,BENEFICIARIO 06788,001000006788,PEN,4965.74,BCPLPEPLXXX,PAGO PROVEEDOR 06788,BEN
10006789,BENEFICIARIO 06789,001000006789,PEN,4966.47,BINPPEPLXXX,PAGO PROVEEDOR 06789,SHA
10006790,BENEFICIARIO 06790,001000006790,USD,4967.20,SCBLPEPLXXX,PAGO PROVEEDOR 06790,OUR
10006791,BENEFICIARIO 06791,001000006791,PEN,4967.93,CITIPEPLXXX,PAGO PROVEEDOR 06791,BEN
10006792,BENEFICIARIO 06792,001000006792,PEN,4968.66,BCPLPEPLXXX,PAGO PROVEEDOR 06792,SHA
10006793,BENEFICIARIO 06793,001000006793,PEN,4969.39,BINPPEPLXXX,PAGO PROVEEDOR 06793,OUR
10006794,BENEFICIARIO 06794,001000006794,PEN,4970.12,SCBLPEPLXXX,PAGO PROVEEDOR 06794,BEN
10006795,BENEFICIARIO 06795,001000006795,USD,4970.85,CITIPEPLXXX,PAGO PROVEEDOR 06795,SHA
10006796,BENEFICIARIO 06796,001000006796,PEN,4971.58,BCPLPEPLXXX,PAGO PROVEEDOR 06796,OUR
10006797,BENEFICIARIO 06797,001000006797,PEN,4972.31,BINPPEPLXXX,PAGO PROVEEDOR 06797,BEN
10006798,BENEFICIARIO 06798,001000006798,PEN,4973.04,SCBLPEPLXXX,PAGO PROVEEDOR 06798,SHA
10006799,BENEFICIARIO 06799,001000006799,PEN,4973.77,CITIPEPLXXX,PAGO PROVEEDOR 06799,OUR
10006800,BENEFICIARIO 06800,001000006800,USD,4974.50,BCPLPEPLXXX,PAGO PROVEEDOR 06800,BEN
10006801,BENEFICIARIO 06801,001000006801,PEN,4975.23,BINPPEPLXXX,PAGO PROVEEDOR 06801,SHA
10006802,BENEFICIARIO 06802,001000006802,PEN,4975.96,SCBLPEPLXXX,PAGO PROVEEDOR 06802,OUR
10006803,BENEFICIARIO 06803,001000006803,PEN,4976.69,CITIPEPLXXX,PAGO PROVEEDOR 06803,BEN
10006804,BENEFICIARIO 06804,001000006804,PEN,4977.42,BCPLPEPLXXX,PAGO PROVEEDOR 06804,SHA
10006805,BENEFICIARIO 06805,001000006805,USD,4978.15,BINPPEPLXXX,PAGO PROVEEDOR 06805,OUR
10006806,BENEFICIARIO 06806,001000006806,PEN,4978.88,SCBLPEPLXXX,PAGO PROVEEDOR 06806,BEN
10006807,BENEFICIARIO 06807,001000006807,PEN,4979.61,CITIPEPLXXX,PAGO PROVEEDOR 06807,SHA
10006808,BENEFICIARIO 06808,001000006808,PEN,4980.34,BCPLPEPLXXX,PAGO PROVEEDOR 06808,OUR
10006809,BENEFICIARIO 06809,001000006809,PEN,4981.07,BINPPEPLXXX,PAGO PROVEEDOR 06809,BEN
10006810,BENEFICIARIO 06810,001000006810,USD,4981.80,SCBLPEPLXXX,PAGO PROVEEDOR 06810,SHA
10006811,BENEFICIARIO 06811,001000006811,PEN,4982.53,CITIPEPLXXX,PAGO PROVEEDOR 06811,OUR
10006812,BENEFICIARIO 06812,001000006812,PEN,4983.26,BCPLPEPLXXX,PAGO PROVEEDOR 06812,BEN
10006813,BENEFICIARIO 06813,001000006813,PEN,4983.99,BINPPEPLXXX,PAGO PROVEEDOR 06813,SHA
10006814,BENEFICIARIO 06814,001000006814,PEN,4984.72,SCBLPEPLXXX,PAGO PROVEEDOR 06814,OUR
10006815,BENEFICIARIO 06815,001000006815,USD,4985.45,CITIPEPLXXX,PAGO PROVEEDOR 06815,BEN
10006816,BENEFICIARIO 06816,001000006816,PEN,4986.18,BCPLPEPLXXX,PAGO PROVEEDOR 06816,SHA
10006817,BENEFICIARIO 06817,001000006817,PEN,4986.91,BINPPEPLXXX,PAGO PROVEEDOR 06817,OUR
10006818,BENEFICIARIO 06818,001000006818,PEN,4987.64,SCBLPEPLXXX,PAGO PROVEEDOR 06818,BEN
10006819,BENEFICIARIO 06819,001000006819,PEN,4988.37,CITIPEPLXXX,PAGO PROVEEDOR 06819,SHA
10006820,BENEFICIARIO 06820,001000006820,USD,4989.10,BCPLPEPLXXX,PAGO PROVEEDOR 06820,OUR
10006821,BENEFICIARIO 06821,001000006821,PEN,4989.83,BINPPEPLXXX,PAGO PROVEEDOR 06821,BEN
10006822,BENEFICIARIO 06822,001000006822,PEN,4990.56,SCBLPEPLXXX,PAGO PROVEEDOR 06822,SHA
10006823,BENEFICIARIO 06823,001000006823,PEN,4991.29,CITIPEPLXXX,PAGO PROVEEDOR 06823,OUR
10006824,BENEFICIARIO 06824,001000006824,PEN,4992.02,BCPLPEPLXXX,PAGO PROVEEDOR 06824,BEN
10006825,BENEFICIARIO 06825,001000006825,USD,4992.75,BINPPEPLXXX,PAGO PROVEEDOR 06825,SHA
10006826,BENEFICIARIO 06826,001000006826,PEN,4993.48,SCBLPEPLXXX,PAGO PROVEEDOR 06826,OUR
10006827,BENEFICIARIO 06827,001000006827,PEN,4994.21,CITIPEPLXXX,PAGO PROVEEDOR 06827,BEN
10006828,BENEFICIARIO 06828,001000006828,PEN,4994.94,BCPLPEPLXXX,PAGO PROVEEDOR 06828,SHA
10006829,BENEFICIARIO 06829,001000006829,PEN,4995.67,BINPPEPLXXX,PAGO PROVEEDOR 06829,OUR
10006830,BENEFICIARIO 06830,001000006830,USD,4996.40,SCBLPEPLXXX,PAGO PROVEEDOR 06830,BEN
10006831,BENEFICIARIO 06831,001000006831,PEN,4997.13,CITIPEPLXXX,PAGO PROVEEDOR 06831,SHA
10006832,BENEFICIARIO 06832,001000006832,PEN,4997.86,BCPLPEPLXXX,PAGO PROVEEDOR 06832,OUR
10006833,BENEFICIARIO 06833,001000006833,PEN,4998.59,BINPPEPLXXX,PAGO PROVEEDOR 06833,BEN
10006834,BENEFICIARIO 06834,001000006834,PEN,4999.32,SCBLPEPLXXX,PAGO PROVEEDOR 06834,SHA
10006835,BENEFICIARIO 06835,001000006835,USD,5000.05,CITIPEPLXXX,PAGO PROVEEDOR 06835,OUR
10006836,BENEFICIARIO 06836,001000006836,PEN,5000.78,BCPLPEPLXXX,PAGO PROVEEDOR 06836,BEN
10006837,BENEFICIARIO 06837,001000006837,PEN,5001.51,BINPPEPLXXX,PAGO PROVEEDOR 06837,SHA
10006838,BENEFICIARIO 06838,001000006838,PEN,5002.24,SCBLPEPLXXX,PAGO PROVEEDOR 06838,OUR
10006839,BENEFICIARIO 06839,001000006839,PEN,5002.97,CITIPEPLXXX,PAGO PROVEEDOR 06839,BEN
10006840,BENEFICIARIO 06840,001000006840,USD,5003.70,BCPLPEPLXXX,PAGO PROVEEDOR 06840,SHA
10006841,BENEFICIARIO 06841,001000006841,PEN,5004.43,BINPPEPLXXX,PAGO PROVEEDOR 06841,OUR
10006842,BENEFICIARIO 06842,001000006842,PEN,5005.16,SCBLPEPLXXX,PAGO PROVEEDOR 06842,BEN
10006843,BENEFICIARIO 06843,001000006843,PEN,5005.89,CITIPEPLXXX,PAGO PROVEEDOR 06843,SHA
10006844,BENEFICIARIO 06844,001000006844,PEN,5006.62,BCPLPEPLXXX,PAGO PROVEEDOR 06844,OUR
10006845,BENEFICIARIO 06845,001000006845,USD,5007.35,BINPPEPLXXX,PAGO PROVEEDOR 06845,BEN
10006846,BENEFICIARIO 06846,001000006846,PEN,5008.08,SCBLPEPLXXX,PAGO PROVEEDOR 06846,SHA
10006847,BENEFICIARIO 06847,001000006847,PEN,5008.81,CITIPEPLXXX,PAGO PROVEEDOR 06847,OUR
10006848,BENEFICIARIO 06848,001000006848,PEN,5009.54,BCPLPEPLXXX,PAGO PROVEEDOR 06848,BEN
10006849,BENEFICIARIO 06849,001000006849,PEN,5010.27,BINPPEPLXXX,PAGO PROVEEDOR 06849,SHA
10006850,BENEFICIARIO 06850,001000006850,USD,5011.00,SCBLPEPLXXX,PAGO PROVEEDOR 06850,OUR
10006851,BENEFICIARIO 06851,001000006851,PEN,5011.73,CITIPEPLXXX,PAGO PROVEEDOR 06851,BEN
10006852,BENEFICIARIO 06852,001000006852,PEN,5012.46,BCPLPEPLXXX,PAGO PROVEEDOR 06852,SHA
10006853,BENEFICIARIO 06853,001000006853,PEN,5013.19,BINPPEPLXXX,PAGO PROVEEDOR 06853,OUR
10006854,BENEFICIARIO 06854,001000006854,PEN,5013.92,SCBLPEPLXXX,PAGO PROVEEDOR 06854,BEN
10006855,BENEFICIARIO 06855,001000006855,USD,5014.65,CITIPEPLXXX,PAGO PROVEEDOR 06855,SHA
10006856,BENEFICIARIO 06856,001000006856,PEN,5015.38,BCPLPEPLXXX,PAGO PROVEEDOR 06856,OUR
10006857,BENEFICIARIO 06857,001000006857,PEN,5016.11,BINPPEPLXXX,PAGO PROVEEDOR 06857,BEN
10006858,BENEFICIARIO 06858,001000006858,PEN,5016.84,SCBLPEPLXXX,PAGO PROVEEDOR 06858,SHA
10006859,BENEFICIARIO 06859,001000006859,PEN,5017.57,CITIPEPLXXX,PAGO PROVEEDOR 06859,OUR
10006860,BENEFICIARIO 06860,001000006860,USD,5018.30,BCPLPEPLXXX,PAGO PROVEEDOR 06860,BEN
10006861,BENEFICIARIO 06861,001000006861,PEN,5019.03,BINPPEPLXXX,PAGO PROVEEDOR 06861,SHA
10006862,BENEFICIARIO 06862,001000006862,PEN,5019.76,SCBLPEPLXXX,PAGO PROVEEDOR 06862,OUR
10006863,BENEFICIARIO 06863,001000006863,PEN,5020.49,CITIPEPLXXX,PAGO PROVEEDOR 06863,BEN
10006864,BENEFICIARIO 06864,001000006864,PEN,5021.22,BCPLPEPLXXX,PAGO PROVEEDOR 06864,SHA
10006865,BENEFICIARIO 06865,001000006865,USD,5021.95,BINPPEPLXXX,PAGO PROVEEDOR 06865,OUR
10006866,BENEFICIARIO 06866,001000006866,PEN,5022.68,SCBLPEPLXXX,PAGO PROVEEDOR 06866,BEN
10006867,BENEFICIARIO 06867,001000006867,PEN,5023.41,CITIPEPLXXX,PAGO PROVEEDOR 06867,SHA
10006868,BENEFICIARIO 06868,001000006868,PEN,5024.14,BCPLPEPLXXX,PAGO PROVEEDOR 06868,OUR
10006869,BENEFICIARIO 06869,001000006869,PEN,5024.87,BINPPEPLXXX,PAGO PROVEEDOR 06869,BEN
10006870,BENEFICIARIO 06870,001000006870,USD,5025.60,SCBLPEPLXXX,PAGO PROVEEDOR 06870,SHA
10006871,BENEFICIARIO 06871,001000006871,PEN,5026.33,CITIPEPLXXX,PAGO PROVEEDOR 06871,OUR
10006872,BENEFICIARIO 06872,001000006872,PEN,5027.06,BCPLPEPLXXX,PAGO PROVEEDOR 06872,BEN
10006873,BENEFICIARIO 06873,001000006873,PEN,5027.79,BINPPEPLXXX,PAGO PROVEEDOR 06873,SHA
10006874,BENEFICIARIO 06874,001000006874,PEN,5028.52,SCBLPEPLXXX,PAGO PROVEEDOR 06874,OUR
10006875,BENEFICIARIO 06875,001000006875,USD,5029.25,CITIPEPLXXX,PAGO PROVEEDOR 06875,BEN
10006876,BENEFICIARIO 06876,001000006876,PEN,5029.98,BCPLPEPLXXX,PAGO PROVEEDOR 06876,SHA
10006877,BENEFICIARIO 06877,001000006877,PEN,5030.71,BINPPEPLXXX,PAGO PROVEEDOR 06877,OUR
10006878,BENEFICIARIO 06878,001000006878,PEN,5031.44,SCBLPEPLXXX,PAGO PROVEEDOR 06878,BEN
10006879,BENEFICIARIO 06879,001000006879,PEN,5032.17,CITIPEPLXXX,PAGO PROVEEDOR 06879,SHA
10006880,BENEFICIARIO 06880,001000006880,USD,5032.90,BCPLPEPLXXX,PAGO PROVEEDOR 06880,OUR
10006881,BENEFICIARIO 06881,001000006881,PEN,5033.63,BINPPEPLXXX,PAGO PROVEEDOR 06881,BEN
10006882,BENEFICIARIO 06882,001000006882,PEN,5034.36,SCBLPEPLXXX,PAGO PROVEEDOR 06882,SHA
10006883,BENEFICIARIO 06883,001000006883,PEN,5035.09,CITIPEPLXXX,PAGO PROVEEDOR 06883,OUR
10006884,BENEFICIARIO 06884,001000006884,PEN,5035.82,BCPLPEPLXXX,PAGO PROVEEDOR 06884,BEN
10006885,BENEFICIARIO 06885,001000006885,USD,5036.55,BINPPEPLXXX,PAGO PROVEEDOR 06885,SHA
10006886,BENEFICIARIO 06886,001000006886,PEN,5037.28,SCBLPEPLXXX,PAGO PROVEEDOR 06886,OUR
10006887,BENEFICIARIO 06887,001000006887,PEN,5038.01,CITIPEPLXXX,PAGO PROVEEDOR 06887,BEN
10006888,BENEFICIARIO 06888,001000006888,PEN,5038.74,BCPLPEPLXXX,PAGO PROVEEDOR 06888,SHA
10006889,BENEFICIARIO 06889,001000006889,PEN,5039.47,BINPPEPLXXX,PAGO PROVEEDOR 06889,OUR
10006890,BENEFICIARIO 06890,001000006890,USD,5040.20,SCBLPEPLXXX,PAGO PROVEEDOR 06890,BEN
10006891,BENEFICIARIO 06891,001000006891,PEN,5040.93,CITIPEPLXXX,PAGO PROVEEDOR 06891,SHA
10006892,BENEFICIARIO 06892,001000006892,PEN,5041.66,BCPLPEPLXXX,PAGO PROVEEDOR 06892,OUR
10006893,BENEFICIARIO 06893,001000006893,PEN,5042.39,BINPPEPLXXX,PAGO PROVEEDOR 06893,BEN
10006894,BENEFICIARIO 06894,001000006894,PEN,5043.12,SCBLPEPLXXX,PAGO PROVEEDOR 06894,SHA
10006895,BENEFICIARIO 06895,001000006895,USD,5043.85,CITIPEPLXXX,PAGO PROVEEDOR 06895,OUR
10006896,BENEFICIARIO 06896,001000006896,PEN,5044.58,BCPLPEPLXXX,PAGO PROVEEDOR 06896,BEN
10006897,BENEFICIARIO 06897,001000006897,PEN,5045.31,BINPPEPLXXX,PAGO PROVEEDOR 06897,SHA
10006898,BENEFICIARIO 06898,001000006898,PEN,5046.04,SCBLPEPLXXX,PAGO PROVEEDOR 06898,OUR
10006899,BENEFICIARIO 06899,001000006899,PEN,5046.77,CITIPEPLXXX,PAGO PROVEEDOR 06899,BEN
10006900,BENEFICIARIO 06900,001000006900,USD,5047.50,BCPLPEPLXXX,PAGO PROVEEDOR 06900,SHA
10006901,BENEFICIARIO 06901,001000006901,PEN,5048.23,BINPPEPLXXX,PAGO PROVEEDOR 06901,OUR
10006902,BENEFICIARIO 06902,001000006902,PEN,5048.96,SCBLPEPLXXX,PAGO PROVEEDOR 06902,BEN
10006903,BENEFICIARIO 06903,001000006903,PEN,5049.69,CITIPEPLXXX,PAGO PROVEEDOR 06903,SHA
10006904,BENEFICIARIO 06904,001000006904,PEN,5050.42,BCPLPEPLXXX,PAGO PROVEEDOR 06904,OUR
10006905,BENEFICIARIO 06905,001000006905,USD,5051.15,BINPPEPLXXX,PAGO PROVEEDOR 06905,BEN
10006906,BENEFICIARIO 06906,001000006906,PEN,5051.88,SCBLPEPLXXX,PAGO PROVEEDOR 06906,SHA
10006907,BENEFICIARIO 06907,001000006907,PEN,5052.61,CITIPEPLXXX,PAGO PROVEEDOR 06907,OUR
10006908,BENEFICIARIO 06908,001000006908,PEN,5053.34,BCPLPEPLXXX,PAGO PROVEEDOR 06908,BEN
10006909,BENEFICIARIO 06909,001000006909,PEN,5054.07,BINPPEPLXXX,PAGO PROVEEDOR 06909,SHA
10006910,BENEFICIARIO 06910,001000006910,USD,5054.80,SCBLPEPLXXX,PAGO PROVEEDOR 06910,OUR
10006911,BENEFICIARIO 06911,001000006911,PEN,5055.53,CITIPEPLXXX,PAGO PROVEEDOR 06911,BEN
10006912,BENEFICIARIO 06912,001000006912,PEN,5056.26,BCPLPEPLXXX,PAGO PROVEEDOR 06912,SHA
10006913,BENEFICIARIO 06913,001000006913,PEN,5056.99,BINPPEPLXXX,PAGO PROVEEDOR 06913,OUR
10006914,BENEFICIARIO 06914,001000006914,PEN,5057.72,SCBLPEPLXXX,PAGO PROVEEDOR 06914,BEN
10006915,BENEFICIARIO 06915,001000006915,USD,5058.45,CITIPEPLXXX,PAGO PROVEEDOR 06915,SHA
10006916,BENEFICIARIO 06916,001000006916,PEN,5059.18,BCPLPEPLXXX,PAGO PROVEEDOR 06916,OUR
10006917,BENEFICIARIO 06917,001000006917,PEN,5059.91,BINPPEPLXXX,PAGO PROVEEDOR 06917,BEN
10006918,BENEFICIARIO 06918,001000006918,PEN,5060.64,SCBLPEPLXXX,PAGO PROVEEDOR 06918,SHA
10006919,BENEFICIARIO 06919,001000006919,PEN,5061.37,CITIPEPLXXX,PAGO PROVEEDOR 06919,OUR
10006920,BENEFICIARIO 06920,001000006920,USD,5062.10,BCPLPEPLXXX,PAGO PROVEEDOR 06920,BEN
10006921,BENEFICIARIO 06921,001000006921,PEN,5062.83,BINPPEPLXXX,PAGO PROVEEDOR 06921,SHA
10006922,BENEFICIARIO 06922,001000006922,PEN,5063.56,SCBLPEPLXXX,PAGO PROVEEDOR 06922,OUR
10006923,BENEFICIARIO 06923,001000006923,PEN,5064.29,CITIPEPLXXX,PAGO PROVEEDOR 06923,BEN
10006924,BENEFICIARIO 06924,001000006924,PEN,5065.02,BCPLPEPLXXX,PAGO PROVEEDOR 06924,SHA
10006925,BENEFICIARIO 06925,001000006925,USD,5065.75,BINPPEPLXXX,PAGO PROVEEDOR 06925,OUR
10006926,BENEFICIARIO 06926,001000006926,PEN,5066.48,SCBLPEPLXXX,PAGO PROVEEDOR 06926,BEN
10006927,BENEFICIARIO 06927,001000006927,PEN,5067.21,CITIPEPLXXX,PAGO PROVEEDOR 06927,SHA
10006928,BENEFICIARIO 06928,001000006928,PEN,5067.94,BCPLPEPLXXX,PAGO PROVEEDOR 06928,OUR
10006929,BENEFICIARIO 06929,001000006929,PEN,5068.67,BINPPEPLXXX,PAGO PROVEEDOR 06929,BEN
10006930,BENEFICIARIO 06930,001000006930,USD,5069.40,SCBLPEPLXXX,PAGO PROVEEDOR 06930,SHA
10006931,BENEFICIARIO 06931,001000006931,PEN,5070.13,CITIPEPLXXX,PAGO PROVEEDOR 06931,OUR
10006932,BENEFICIARIO 06932,001000006932,PEN,5070.86,BCPLPEPLXXX,PAGO PROVEEDOR 06932,BEN
10006933,BENEFICIARIO 06933,001000006933,PEN,5071.59,BINPPEPLXXX,PAGO PROVEEDOR 06933,SHA
10006934,BENEFICIARIO 06934,001000006934,PEN,5072.32,SCBLPEPLXXX,PAGO PROVEEDOR 06934,OUR
10006935,BENEFICIARIO 06935,001000006935,USD,5073.05,CITIPEPLXXX,PAGO PROVEEDOR 06935,BEN
10006936,BENEFICIARIO 06936,001000006936,PEN,5073.78,BCPLPEPLXXX,PAGO PROVEEDOR 06936,SHA
10006937,BENEFICIARIO 06937,001000006937,PEN,5074.51,BINPPEPLXXX,PAGO PROVEEDOR 06937,OUR
10006938,BENEFICIARIO 06938,001000006938,PEN,5075.24,SCBLPEPLXXX,PAGO PROVEEDOR 06938,BEN
10006939,BENEFICIARIO 06939,001000006939,PEN,5075.97,CITIPEPLXXX,PAGO PROVEEDOR 06939,SHA
10006940,BENEFICIARIO 06940,001000006940,USD,5076.70,BCPLPEPLXXX,PAGO PROVEEDOR 06940,OUR
10006941,BENEFICIARIO 06941,001000006941,PEN,5077.43,BINPPEPLXXX,PAGO PROVEEDOR 06941,BEN
10006942,BENEFICIARIO 06942,001000006942,PEN,5078.16,SCBLPEPLXXX,PAGO PROVEEDOR 06942,SHA
10006943,BENEFICIARIO 06943,001000006943,PEN,5078.89,CITIPEPLXXX,PAGO PROVEEDOR 06943,OUR
10006944,BENEFICIARIO 06944,001000006944,PEN,5079.62,BCPLPEPLXXX,PAGO PROVEEDOR 06944,BEN
10006945,BENEFICIARIO 06945,001000006945,USD,5080.35,BINPPEPLXXX,PAGO PROVEEDOR 06945,SHA
10006946,BENEFICIARIO 06946,001000006946,PEN,5081.08,SCBLPEPLXXX,PAGO PROVEEDOR 06946,OUR
10006947,BENEFICIARIO 06947,001000006947,PEN,5081.81,CITIPEPLXXX,PAGO PROVEEDOR 06947,BEN
10006948,BENEFICIARIO 06948,001000006948,PEN,5082.54,BCPLPEPLXXX,PAGO PROVEEDOR 06948,SHA
10006949,BENEFICIARIO 06949,001000006949,PEN,5083.27,BINPPEPLXXX,PAGO PROVEEDOR 06949,OUR
10006950,BENEFICIARIO 06950,001000006950,USD,5084.00,SCBLPEPLXXX,PAGO PROVEEDOR 06950,BEN
10006951,BENEFICIARIO 06951,001000006951,PEN,5084.73,CITIPEPLXXX,PAGO PROVEEDOR 06951,SHA
10006952,BENEFICIARIO 06952,001000006952,PEN,5085.46,BCPLPEPLXXX,PAGO PROVEEDOR 06952,OUR
10006953,BENEFICIARIO 06953,001000006953,PEN,5086.19,BINPPEPLXXX,PAGO PROVEEDOR 06953,BEN
10006954,BENEFICIARIO 06954,001000006954,PEN,5086.92,SCBLPEPLXXX,PAGO PROVEEDOR 06954,SHA
10006955,BENEFICIARIO 06955,001000006955,USD,5087.65,CITIPEPLXXX,PAGO PROVEEDOR 06955,OUR
10006956,BENEFICIARIO 06956,001000006956,PEN,5088.38,BCPLPEPLXXX,PAGO PROVEEDOR 06956,BEN
10006957,BENEFICIARIO 06957,001000006957,PEN,5089.11,BINPPEPLXXX,PAGO PROVEEDOR 06957,SHA
10006958,BENEFICIARIO 06958,001000006958,PEN,5089.84,SCBLPEPLXXX,PAGO PROVEEDOR 06958,OUR
10006959,BENEFICIARIO 06959,001000006959,PEN,5090.57,CITIPEPLXXX,PAGO PROVEEDOR 06959,BEN
10006960,BENEFICIARIO 06960,001000006960,USD,5091.30,BCPLPEPLXXX,PAGO PROVEEDOR 06960,SHA
10006961,BENEFICIARIO 06961,001000006961,PEN,5092.03,BINPPEPLXXX,PAGO PROVEEDOR 06961,OUR
10006962,BENEFICIARIO 06962,001000006962,PEN,5092.76,SCBLPEPLXXX,PAGO PROVEEDOR 06962,BEN
10006963,BENEFICIARIO 06963,001000006963,PEN,5093.49,CITIPEPLXXX,PAGO PROVEEDOR 06963,SHA
10006964,BENEFICIARIO 06964,001000006964,PEN,5094.22,BCPLPEPLXXX,PAGO PROVEEDOR 06964,OUR
10006965,BENEFICIARIO 06965,001000006965,USD,5094.95,BINPPEPLXXX,PAGO PROVEEDOR 06965,BEN
10006966,BENEFICIARIO 06966,001000006966,PEN,5095.68,SCBLPEPLXXX,PAGO PROVEEDOR 06966,SHA
10006967,BENEFICIARIO 06967,001000006967,PEN,5096.41,CITIPEPLXXX,PAGO PROVEEDOR 06967,OUR
10006968,BENEFICIARIO 06968,001000006968,PEN,5097.14,BCPLPEPLXXX,PAGO PROVEEDOR 06968,BEN
10006969,BENEFICIARIO 06969,001000006969,PEN,5097.87,BINPPEPLXXX,PAGO PROVEEDOR 06969,SHA
10006970,BENEFICIARIO 06970,001000006970,USD,5098.60,SCBLPEPLXXX,PAGO PROVEEDOR 06970,OUR
10006971,BENEFICIARIO 06971,001000006971,PEN,5099.33,CITIPEPLXXX,PAGO PROVEEDOR 06971,BEN
10006972,BENEFICIARIO 06972,001000006972,PEN,5100.06,BCPLPEPLXXX,PAGO PROVEEDOR 06972,SHA
10006973,BENEFICIARIO 06973,001000006973,PEN,5100.79,BINPPEPLXXX,PAGO PROVEEDOR 06973,OUR
10006974,BENEFICIARIO 06974,001000006974,PEN,5101.52,SCBLPEPLXXX,PAGO PROVEEDOR 06974,BEN
10006975,BENEFICIARIO 06975,001000006975,USD,5102.25,CITIPEPLXXX,PAGO PROVEEDOR 06975,SHA
10006976,BENEFICIARIO 06976,001000006976,PEN,5102.98,BCPLPEPLXXX,PAGO PROVEEDOR 06976,OUR
10006977,BENEFICIARIO 06977,001000006977,PEN,5103.71,BINPPEPLXXX,PAGO PROVEEDOR 06977,BEN
10006978,BENEFICIARIO 06978,001000006978,PEN,5104.44,SCBLPEPLXXX,PAGO PROVEEDOR 06978,SHA
10006979,BENEFICIARIO 06979,001000006979,PEN,5105.17,CITIPEPLXXX,PAGO PROVEEDOR 06979,OUR
10006980,BENEFICIARIO 06980,001000006980,USD,5105.90,BCPLPEPLXXX,PAGO PROVEEDOR 06980,BEN
10006981,BENEFICIARIO 06981,001000006981,PEN,5106.63,BINPPEPLXXX,PAGO PROVEEDOR 06981,SHA
10006982,BENEFICIARIO 06982,001000006982,PEN,5107.36,SCBLPEPLXXX,PAGO PROVEEDOR 06982,OUR
10006983,BENEFICIARIO 06983,001000006983,PEN,5108.09,CITIPEPLXXX,PAGO PROVEEDOR 06983,BEN
10006984,BENEFICIARIO 06984,001000006984,PEN,5108.82,BCPLPEPLXXX,PAGO PROVEEDOR 06984,SHA
10006985,BENEFICIARIO 06985,001000006985,USD,5109.55,BINPPEPLXXX,PAGO PROVEEDOR 06985,OUR
10006986,BENEFICIARIO 06986,001000006986,PEN,5110.28,SCBLPEPLXXX,PAGO PROVEEDOR 06986,BEN
10006987,BENEFICIARIO 06987,001000006987,PEN,5111.01,CITIPEPLXXX,PAGO PROVEEDOR 06987,SHA
10006988,BENEFICIARIO 06988,001000006988,PEN,5111.74,BCPLPEPLXXX,PAGO PROVEEDOR 06988,OUR
10006989,BENEFICIARIO 06989,001000006989,PEN,5112.47,BINPPEPLXXX,PAGO PROVEEDOR 06989,BEN
10006990,BENEFICIARIO 06990,001000006990,USD,5113.20,SCBLPEPLXXX,PAGO PROVEEDOR 06990,SHA
10006991,BENEFICIARIO 06991,001000006991,PEN,5113.93,CITIPEPLXXX,PAGO PROVEEDOR 06991,OUR
10006992,BENEFICIARIO 06992,001000006992,PEN,5114.66,BCPLPEPLXXX,PAGO PROVEEDOR 06992,BEN
10006993,BENEFICIARIO 06993,001000006993,PEN,5115.39,BINPPEPLXXX,PAGO PROVEEDOR 06993,SHA
10006994,BENEFICIARIO 06994,001000006994,PEN,5116.12,SCBLPEPLXXX,PAGO PROVEEDOR 06994,OUR
10006995,BENEFICIARIO 06995,001000006995,USD,5116.85,CITIPEPLXXX,PAGO PROVEEDOR 06995,BEN
10006996,BENEFICIARIO 06996,001000006996,PEN,5117.58,BCPLPEPLXXX,PAGO PROVEEDOR 06996,SHA
10006997,BENEFICIARIO 06997,001000006997,PEN,5118.31,BINPPEPLXXX,PAGO PROVEEDOR 06997,OUR
10006998,BENEFICIARIO 06998,001000006998,PEN,5119.04,SCBLPEPLXXX,PAGO PROVEEDOR 06998,BEN
10006999,BENEFICIARIO 06999,001000006999,PEN,5119.77,CITIPEPLXXX,PAGO PROVEEDOR 06999,SHA
10007000,BENEFICIARIO 07000,001000007000,USD,5120.50,BCPLPEPLXXX,PAGO PROVEEDOR 07000,OUR
10007001,BENEFICIARIO 07001,001000007001,PEN,5121.23,BINPPEPLXXX,PAGO PROVEEDOR 07001,BEN
10007002,BENEFICIARIO 07002,001000007002,PEN,5121.96,SCBLPEPLXXX,PAGO PROVEEDOR 07002,SHA
10007003,BENEFICIARIO 07003,001000007003,PEN,5122.69,CITIPEPLXXX,PAGO PROVEEDOR 07003,OUR
10007004,BENEFICIARIO 07004,001000007004,PEN,5123.42,BCPLPEPLXXX,PAGO PROVEEDOR 07004,BEN
10007005,BENEFICIARIO 07005,001000007005,USD,5124.15,BINPPEPLXXX,PAGO PROVEEDOR 07005,SHA
10007006,BENEFICIARIO 07006,001000007006,PEN,5124.88,SCBLPEPLXXX,PAGO PROVEEDOR 07006,OUR
10007007,BENEFICIARIO 07007,001000007007,PEN,5125.61,CITIPEPLXXX,PAGO PROVEEDOR 07007,BEN
10007008,BENEFICIARIO 07008,001000007008,PEN,5126.34,BCPLPEPLXXX,PAGO PROVEEDOR 07008,SHA
10007009,BENEFICIARIO 07009,001000007009,PEN,5127.07,BINPPEPLXXX,PAGO PROVEEDOR 07009,OUR
10007010,BENEFICIARIO 07010,001000007010,USD,5127.80,SCBLPEPLXXX,PAGO PROVEEDOR 07010,BEN
10007011,BENEFICIARIO 07011,001000007011,PEN,5128.53,CITIPEPLXXX,PAGO PROVEEDOR 07011,SHA
10007012,BENEFICIARIO 07012,001000007012,PEN,5129.26,BCPLPEPLXXX,PAGO PROVEEDOR 07012,OUR
10007013,BENEFICIARIO 07013,001000007013,PEN,5129.99,BINPPEPLXXX,PAGO PROVEEDOR 07013,BEN
10007014,BENEFICIARIO 07014,001000007014,PEN,5130.72,SCBLPEPLXXX,PAGO PROVEEDOR 07014,SHA
10007015,BENEFICIARIO 07015,001000007015,USD,5131.45,CITIPEPLXXX,PAGO PROVEEDOR 07015,OUR
10007016,BENEFICIARIO 07016,001000007016,PEN,5132.18,BCPLPEPLXXX,PAGO PROVEEDOR 07016,BEN
10007017,BENEFICIARIO 07017,001000007017,PEN,5132.91,BINPPEPLXXX,PAGO PROVEEDOR 07017,SHA
10007018,BENEFICIARIO 07018,001000007018,PEN,5133.64,SCBLPEPLXXX,PAGO PROVEEDOR 07018,OUR
10007019,BENEFICIARIO 07019,001000007019,PEN,5134.37,CITIPEPLXXX,PAGO PROVEEDOR 07019,BEN
10007020,BENEFICIARIO 07020,001000007020,USD,5135.10,BCPLPEPLXXX,PAGO PROVEEDOR 07020,SHA
10007021,BENEFICIARIO 07021,001000007021,PEN,5135.83,BINPPEPLXXX,PAGO PROVEEDOR 07021,OUR
10007022,BENEFICIARIO 07022,001000007022,PEN,5136.56,SCBLPEPLXXX,PAGO PROVEEDOR 07022,BEN
10007023,BENEFICIARIO 07023,001000007023,PEN,5137.29,CITIPEPLXXX,PAGO PROVEEDOR 07023,SHA
10007024,BENEFICIARIO 07024,001000007024,PEN,5138.02,BCPLPEPLXXX,PAGO PROVEEDOR 07024,OUR
10007025,BENEFICIARIO 07025,001000007025,USD,5138.75,BINPPEPLXXX,PAGO PROVEEDOR 07025,BEN
10007026,BENEFICIARIO 07026,001000007026,PEN,5139.48,SCBLPEPLXXX,PAGO PROVEEDOR 07026,SHA
10007027,BENEFICIARIO 07027,001000007027,PEN,5140.21,CITIPEPLXXX,PAGO PROVEEDOR 07027,OUR
10007028,BENEFICIARIO 07028,001000007028,PEN,5140.94,BCPLPEPLXXX,PAGO PROVEEDOR 07028,BEN
10007029,BENEFICIARIO 07029,001000007029,PEN,5141.67,BINPPEPLXXX,PAGO PROVEEDOR 07029,SHA
10007030,BENEFICIARIO 07030,001000007030,USD,5142.40,SCBLPEPLXXX,PAGO PROVEEDOR 07030,OUR
10007031,BENEFICIARIO 07031,001000007031,PEN,5143.13,CITIPEPLXXX,PAGO PROVEEDOR 07031,BEN
10007032,BENEFICIARIO 07032,001000007032,PEN,5143.86,BCPLPEPLXXX,PAGO PROVEEDOR 07032,SHA
10007033,BENEFICIARIO 07033,001000007033,PEN,5144.59,BINPPEPLXXX,PAGO PROVEEDOR 07033,OUR
10007034,BENEFICIARIO 07034,001000007034,PEN,5145.32,SCBLPEPLXXX,PAGO PROVEEDOR 07034,BEN
10007035,BENEFICIARIO 07035,001000007035,USD,5146.05,CITIPEPLXXX,PAGO PROVEEDOR 07035,SHA
10007036,BENEFICIARIO 07036,001000007036,PEN,5146.78,BCPLPEPLXXX,PAGO PROVEEDOR 07036,OUR
10007037,BENEFICIARIO 07037,001000007037,PEN,5147.51,BINPPEPLXXX,PAGO PROVEEDOR 07037,BEN
10007038,BENEFICIARIO 07038,001000007038,PEN,5148.24,SCBLPEPLXXX,PAGO PROVEEDOR 07038,SHA
10007039,BENEFICIARIO 07039,001000007039,PEN,5148.97,CITIPEPLXXX,PAGO PROVEEDOR 07039,OUR
10007040,BENEFICIARIO 07040,001000007040,USD,5149.70,BCPLPEPLXXX,PAGO PROVEEDOR 07040,BEN
10007041,BENEFICIARIO 07041,001000007041,PEN,5150.43,BINPPEPLXXX,PAGO PROVEEDOR 07041,SHA
10007042,BENEFICIARIO 07042,001000007042,PEN,5151.16,SCBLPEPLXXX,PAGO PROVEEDOR 07042,OUR
10007043,BENEFICIARIO 07043,001000007043,PEN,5151.89,CITIPEPLXXX,PAGO PROVEEDOR 07043,BEN
10007044,BENEFICIARIO 07044,001000007044,PEN,5152.62,BCPLPEPLXXX,PAGO PROVEEDOR 07044,SHA
10007045,BENEFICIARIO 07045,001000007045,USD,5153.35,BINPPEPLXXX,PAGO PROVEEDOR 07045,OUR
10007046,BENEFICIARIO 07046,001000007046,PEN,5154.08,SCBLPEPLXXX,PAGO PROVEEDOR 07046,BEN
10007047,BENEFICIARIO 07047,001000007047,PEN,5154.81,CITIPEPLXXX,PAGO PROVEEDOR 07047,SHA
10007048,BENEFICIARIO 07048,001000007048,PEN,5155.54,BCPLPEPLXXX,PAGO PROVEEDOR 07048,OUR
10007049,BENEFICIARIO 07049,001000007049,PEN,5156.27,BINPPEPLXXX,PAGO PROVEEDOR 07049,BEN
10007050,BENEFICIARIO 07050,001000007050,USD,5157.00,SCBLPEPLXXX,PAGO PROVEEDOR 07050,SHA
10007051,BENEFICIARIO 07051,001000007051,PEN,5157.73,CITIPEPLXXX,PAGO PROVEEDOR 07051,OUR
10007052,BENEFICIARIO 07052,001000007052,PEN,5158.46,BCPLPEPLXXX,PAGO PROVEEDOR 07052,BEN
10007053,BENEFICIARIO 07053,001000007053,PEN,5159.19,BINPPEPLXXX,PAGO PROVEEDOR 07053,SHA
10007054,BENEFICIARIO 07054,001000007054,PEN,5159.92,SCBLPEPLXXX,PAGO PROVEEDOR 07054,OUR
10007055,BENEFICIARIO 07055,001000007055,USD,5160.65,CITIPEPLXXX,PAGO PROVEEDOR 07055,BEN
10007056,BENEFICIARIO 07056,001000007056,PEN,5161.38,BCPLPEPLXXX,PAGO PROVEEDOR 07056,SHA
10007057,BENEFICIARIO 07057,001000007057,PEN,5162.11,BINPPEPLXXX,PAGO PROVEEDOR 07057,OUR
10007058,BENEFICIARIO 07058,001000007058,PEN,5162.84,SCBLPEPLXXX,PAGO PROVEEDOR 07058,BEN
10007059,BENEFICIARIO 07059,001000007059,PEN,5163.57,CITIPEPLXXX,PAGO PROVEEDOR 07059,SHA
10007060,BENEFICIARIO 07060,001000007060,USD,5164.30,BCPLPEPLXXX,PAGO PROVEEDOR 07060,OUR
10007061,BENEFICIARIO 07061,001000007061,PEN,5165.03,BINPPEPLXXX,PAGO PROVEEDOR 07061,BEN
10007062,BENEFICIARIO 07062,001000007062,PEN,5165.76,SCBLPEPLXXX,PAGO PROVEEDOR 07062,SHA
10007063,BENEFICIARIO 07063,001000007063,PEN,5166.49,CITIPEPLXXX,PAGO PROVEEDOR 07063,OUR
10007064,BENEFICIARIO 07064,001000007064,PEN,5167.22,BCPLPEPLXXX,PAGO PROVEEDOR 07064,BEN
10007065,BENEFICIARIO 07065,001000007065,USD,5167.95,BINPPEPLXXX,PAGO PROVEEDOR 07065,SHA
10007066,BENEFICIARIO 07066,001000007066,PEN,5168.68,SCBLPEPLXXX,PAGO PROVEEDOR 07066,OUR
10007067,BENEFICIARIO 07067,001000007067,PEN,5169.41,CITIPEPLXXX,PAGO PROVEEDOR 07067,BEN
10007068,BENEFICIARIO 07068,001000007068,PEN,5170.14,BCPLPEPLXXX,PAGO PROVEEDOR 07068,SHA
10007069,BENEFICIARIO 07069,001000007069,PEN,5170.87,BINPPEPLXXX,PAGO PROVEEDOR 07069,OUR
10007070,BENEFICIARIO 07070,001000007070,USD,5171.60,SCBLPEPLXXX,PAGO PROVEEDOR 07070,BEN
10007071,BENEFICIARIO 07071,001000007071,PEN,5172.33,CITIPEPLXXX,PAGO PROVEEDOR 07071,SHA
10007072,BENEFICIARIO 07072,001000007072,PEN,5173.06,BCPLPEPLXXX,PAGO PROVEEDOR 07072,OUR
10007073,BENEFICIARIO 07073,001000007073,PEN,5173.79,BINPPEPLXXX,PAGO PROVEEDOR 07073,BEN
10007074,BENEFICIARIO 07074,001000007074,PEN,5174.52,SCBLPEPLXXX,PAGO PROVEEDOR 07074,SHA
10007075,BENEFICIARIO 07075,001000007075,USD,5175.25,CITIPEPLXXX,PAGO PROVEEDOR 07075,OUR
10007076,BENEFICIARIO 07076,001000007076,PEN,5175.98,BCPLPEPLXXX,PAGO PROVEEDOR 07076,BEN
10007077,BENEFICIARIO 07077,001000007077,PEN,5176.71,BINPPEPLXXX,PAGO PROVEEDOR 07077,SHA
10007078,BENEFICIARIO 07078,001000007078,PEN,5177.44,SCBLPEPLXXX,PAGO PROVEEDOR 07078,OUR
10007079,BENEFICIARIO 07079,001000007079,PEN,5178.17,CITIPEPLXXX,PAGO PROVEEDOR 07079,BEN
10007080,BENEFICIARIO 07080,001000007080,USD,5178.90,BCPLPEPLXXX,PAGO PROVEEDOR 07080,SHA
10007081,BENEFICIARIO 07081,001000007081,PEN,5179.63,BINPPEPLXXX,PAGO PROVEEDOR 07081,OUR
10007082,BENEFICIARIO 07082,001000007082,PEN,5180.36,SCBLPEPLXXX,PAGO PROVEEDOR 07082,BEN
10007083,BENEFICIARIO 07083,001000007083,PEN,5181.09,CITIPEPLXXX,PAGO PROVEEDOR 07083,SHA
10007084,BENEFICIARIO 07084,001000007084,PEN,5181.82,BCPLPEPLXXX,PAGO PROVEEDOR 07084,OUR
10007085,BENEFICIARIO 07085,001000007085,USD,5182.55,BINPPEPLXXX,PAGO PROVEEDOR 07085,BEN
10007086,BENEFICIARIO 07086,001000007086,PEN,5183.28,SCBLPEPLXXX,PAGO PROVEEDOR 07086,SHA
10007087,BENEFICIARIO 07087,001000007087,PEN,5184.01,CITIPEPLXXX,PAGO PROVEEDOR 07087,OUR
10007088,BENEFICIARIO 07088,001000007088,PEN,5184.74,BCPLPEPLXXX,PAGO PROVEEDOR 07088,BEN
10007089,BENEFICIARIO 07089,001000007089,PEN,5185.47,BINPPEPLXXX,PAGO PROVEEDOR 07089,SHA
10007090,BENEFICIARIO 07090,001000007090,USD,5186.20,SCBLPEPLXXX,PAGO PROVEEDOR 07090,OUR
10007091,BENEFICIARIO 07091,001000007091,PEN,5186.93,CITIPEPLXXX,PAGO PROVEEDOR 07091,BEN
10007092,BENEFICIARIO 07092,001000007092,PEN,5187.66,BCPLPEPLXXX,PAGO PROVEEDOR 07092,SHA
10007093,BENEFICIARIO 07093,001000007093,PEN,5188.39,BINPPEPLXXX,PAGO PROVEEDOR 07093,OUR
10007094,BENEFICIARIO 07094,001000007094,PEN,5189.12,SCBLPEPLXXX,PAGO PROVEEDOR 07094,BEN
10007095,BENEFICIARIO 07095,001000007095,USD,5189.85,CITIPEPLXXX,PAGO PROVEEDOR 07095,SHA
10007096,BENEFICIARIO 07096,001000007096,PEN,5190.58,BCPLPEPLXXX,PAGO PROVEEDOR 07096,OUR
10007097,BENEFICIARIO 07097,001000007097,PEN,5191.31,BINPPEPLXXX,PAGO PROVEEDOR 07097,BEN
10007098,BENEFICIARIO 07098,001000007098,PEN,5192.04,SCBLPEPLXXX,PAGO PROVEEDOR 07098,SHA
10007099,BENEFICIARIO 07099,001000007099,PEN,5192.77,CITIPEPLXXX,PAGO PROVEEDOR 07099,OUR
10007100,BENEFICIARIO 07100,001000007100,USD,5193.50,BCPLPEPLXXX,PAGO PROVEEDOR 07100,BEN
10007101,BENEFICIARIO 07101,001000007101,PEN,5194.23,BINPPEPLXXX,PAGO PROVEEDOR 07101,SHA
10007102,BENEFICIARIO 07102,001000007102,PEN,5194.96,SCBLPEPLXXX,PAGO PROVEEDOR 07102,OUR
10007103,BENEFICIARIO 07103,001000007103,PEN,5195.69,CITIPEPLXXX,PAGO PROVEEDOR 07103,BEN
10007104,BENEFICIARIO 07104,001000007104,PEN,5196.42,BCPLPEPLXXX,PAGO PROVEEDOR 07104,SHA
10007105,BENEFICIARIO 07105,001000007105,USD,5197.15,BINPPEPLXXX,PAGO PROVEEDOR 07105,OUR
10007106,BENEFICIARIO 07106,001000007106,PEN,5197.88,SCBLPEPLXXX,PAGO PROVEEDOR 07106,BEN
10007107,BENEFICIARIO 07107,001000007107,PEN,5198.61,CITIPEPLXXX,PAGO PROVEEDOR 07107,SHA
10007108,BENEFICIARIO 07108,001000007108,PEN,5199.34,BCPLPEPLXXX,PAGO PROVEEDOR 07108,OUR
10007109,BENEFICIARIO 07109,001000007109,PEN,5200.07,BINPPEPLXXX,PAGO PROVEEDOR 07109,BEN
10007110,BENEFICIARIO 07110,001000007110,USD,5200.80,SCBLPEPLXXX,PAGO PROVEEDOR 07110,SHA
10007111,BENEFICIARIO 07111,001000007111,PEN,5201.53,CITIPEPLXXX,PAGO PROVEEDOR 07111,OUR
10007112,BENEFICIARIO 07112,001000007112,PEN,5202.26,BCPLPEPLXXX,PAGO PROVEEDOR 07112,BEN
10007113,BENEFICIARIO 07113,001000007113,PEN,5202.99,BINPPEPLXXX,PAGO PROVEEDOR 07113,SHA
10007114,BENEFICIARIO 07114,001000007114,PEN,5203.72,SCBLPEPLXXX,PAGO PROVEEDOR 07114,OUR
10007115,BENEFICIARIO 07115,001000007115,USD,5204.45,CITIPEPLXXX,PAGO PROVEEDOR 07115,BEN
10007116,BENEFICIARIO 07116,001000007116,PEN,5205.18,BCPLPEPLXXX,PAGO PROVEEDOR 07116,SHA
10007117,BENEFICIARIO 07117,001000007117,PEN,5205.91,BINPPEPLXXX,PAGO PROVEEDOR 07117,OUR
10007118,BENEFICIARIO 07118,001000007118,PEN,5206.64,SCBLPEPLXXX,PAGO PROVEEDOR 07118,BEN
10007119,BENEFICIARIO 07119,001000007119,PEN,5207.37,CITIPEPLXXX,PAGO PROVEEDOR 07119,SHA
10007120,BENEFICIARIO 07120,001000007120,USD,5208.10,BCPLPEPLXXX,PAGO PROVEEDOR 07120,OUR
10007121,BENEFICIARIO 07121,001000007121,PEN,5208.83,BINPPEPLXXX,PAGO PROVEEDOR 07121,BEN
10007122,BENEFICIARIO 07122,001000007122,PEN,5209.56,SCBLPEPLXXX,PAGO PROVEEDOR 07122,SHA
10007123,BENEFICIARIO 07123,001000007123,PEN,5210.29,CITIPEPLXXX,PAGO PROVEEDOR 07123,OUR
10007124,BENEFICIARIO 07124,001000007124,PEN,5211.02,BCPLPEPLXXX,PAGO PROVEEDOR 07124,BEN
10007125,BENEFICIARIO 07125,001000007125,USD,5211.75,BINPPEPLXXX,PAGO PROVEEDOR 07125,SHA
10007126,BENEFICIARIO 07126,001000007126,PEN,5212.48,SCBLPEPLXXX,PAGO PROVEEDOR 07126,OUR
10007127,BENEFICIARIO 07127,001000007127,PEN,5213.21,CITIPEPLXXX,PAGO PROVEEDOR 07127,BEN
10007128,BENEFICIARIO 07128,001000007128,PEN,5213.94,BCPLPEPLXXX,PAGO PROVEEDOR 07128,SHA
10007129,BENEFICIARIO 07129,001000007129,PEN,5214.67,BINPPEPLXXX,PAGO PROVEEDOR 07129,OUR
10007130,BENEFICIARIO 07130,001000007130,USD,5215.40,SCBLPEPLXXX,PAGO PROVEEDOR 07130,BEN
10007131,BENEFICIARIO 07131,001000007131,PEN,5216.13,CITIPEPLXXX,PAGO PROVEEDOR 07131,SHA
10007132,BENEFICIARIO 07132,001000007132,PEN,5216.86,BCPLPEPLXXX,PAGO PROVEEDOR 07132,OUR
10007133,BENEFICIARIO 07133,001000007133,PEN,5217.59,BINPPEPLXXX,PAGO PROVEEDOR 07133,BEN
10007134,BENEFICIARIO 07134,001000007134,PEN,5218.32,SCBLPEPLXXX,PAGO PROVEEDOR 07134,SHA
10007135,BENEFICIARIO 07135,001000007135,USD,5219.05,CITIPEPLXXX,PAGO PROVEEDOR 07135,OUR
10007136,BENEFICIARIO 07136,001000007136,PEN,5219.78,BCPLPEPLXXX,PAGO PROVEEDOR 07136,BEN
10007137,BENEFICIARIO 07137,001000007137,PEN,5220.51,BINPPEPLXXX,PAGO PROVEEDOR 07137,SHA
10007138,BENEFICIARIO 07138,001000007138,PEN,5221.24,SCBLPEPLXXX,PAGO PROVEEDOR 07138,OUR
10007139,BENEFICIARIO 07139,001000007139,PEN,5221.97,CITIPEPLXXX,PAGO PROVEEDOR 07139,BEN
10007140,BENEFICIARIO 07140,001000007140,USD,5222.70,BCPLPEPLXXX,PAGO PROVEEDOR 07140,SHA
10007141,BENEFICIARIO 07141,001000007141,PEN,5223.43,BINPPEPLXXX,PAGO PROVEEDOR 07141,OUR
10007142,BENEFICIARIO 07142,001000007142,PEN,5224.16,SCBLPEPLXXX,PAGO PROVEEDOR 07142,BEN
10007143,BENEFICIARIO 07143,001000007143,PEN,5224.89,CITIPEPLXXX,PAGO PROVEEDOR 07143,SHA
10007144,BENEFICIARIO 07144,001000007144,PEN,5225.62,BCPLPEPLXXX,PAGO PROVEEDOR 07144,OUR
10007145,BENEFICIARIO 07145,001000007145,USD,5226.35,BINPPEPLXXX,PAGO PROVEEDOR 07145,BEN
10007146,BENEFICIARIO 07146,001000007146,PEN,5227.08,SCBLPEPLXXX,PAGO PROVEEDOR 07146,SHA
10007147,BENEFICIARIO 07147,001000007147,PEN,5227.81,CITIPEPLXXX,PAGO PROVEEDOR 07147,OUR
10007148,BENEFICIARIO 07148,001000007148,PEN,5228.54,BCPLPEPLXXX,PAGO PROVEEDOR 07148,BEN
10007149,BENEFICIARIO 07149,001000007149,PEN,5229.27,BINPPEPLXXX,PAGO PROVEEDOR 07149,SHA
10007150,BENEFICIARIO 07150,001000007150,USD,5230.00,SCBLPEPLXXX,PAGO PROVEEDOR 07150,OUR
10007151,BENEFICIARIO 07151,001000007151,PEN,5230.73,CITIPEPLXXX,PAGO PROVEEDOR 07151,BEN
10007152,BENEFICIARIO 07152,001000007152,PEN,5231.46,BCPLPEPLXXX,PAGO PROVEEDOR 07152,SHA
10007153,BENEFICIARIO 07153,001000007153,PEN,5232.19,BINPPEPLXXX,PAGO PROVEEDOR 07153,OUR
10007154,BENEFICIARIO 07154,001000007154,PEN,5232.92,SCBLPEPLXXX,PAGO PROVEEDOR 07154,BEN
10007155,BENEFICIARIO 07155,001000007155,USD,5233.65,CITIPEPLXXX,PAGO PROVEEDOR 07155,SHA
10007156,BENEFICIARIO 07156,001000007156,PEN,5234.38,BCPLPEPLXXX,PAGO PROVEEDOR 07156,OUR
10007157,BENEFICIARIO 07157,001000007157,PEN,5235.11,BINPPEPLXXX,PAGO PROVEEDOR 07157,BEN
10007158,BENEFICIARIO 07158,001000007158,PEN,5235.84,SCBLPEPLXXX,PAGO PROVEEDOR 07158,SHA
10007159,BENEFICIARIO 07159,001000007159,PEN,5236.57,CITIPEPLXXX,PAGO PROVEEDOR 07159,OUR
10007160,BENEFICIARIO 07160,001000007160,USD,5237.30,BCPLPEPLXXX,PAGO PROVEEDOR 07160,BEN
10007161,BENEFICIARIO 07161,001000007161,PEN,5238.03,BINPPEPLXXX,PAGO PROVEEDOR 07161,SHA
10007162,BENEFICIARIO 07162,001000007162,PEN,5238.76,SCBLPEPLXXX,PAGO PROVEEDOR 07162,OUR
10007163,BENEFICIARIO 07163,001000007163,PEN,5239.49,CITIPEPLXXX,PAGO PROVEEDOR 07163,BEN
10007164,BENEFICIARIO 07164,001000007164,PEN,5240.22,BCPLPEPLXXX,PAGO PROVEEDOR 07164,SHA
10007165,BENEFICIARIO 07165,001000007165,USD,5240.95,BINPPEPLXXX,PAGO PROVEEDOR 07165,OUR
10007166,BENEFICIARIO 07166,001000007166,PEN,5241.68,SCBLPEPLXXX,PAGO PROVEEDOR 07166,BEN
10007167,BENEFICIARIO 07167,001000007167,PEN,5242.41,CITIPEPLXXX,PAGO PROVEEDOR 07167,SHA
10007168,BENEFICIARIO 07168,001000007168,PEN,5243.14,BCPLPEPLXXX,PAGO PROVEEDOR 07168,OUR
10007169,BENEFICIARIO 07169,001000007169,PEN,5243.87,BINPPEPLXXX,PAGO PROVEEDOR 07169,BEN
10007170,BENEFICIARIO 07170,001000007170,USD,5244.60,SCBLPEPLXXX,PAGO PROVEEDOR 07170,SHA
10007171,BENEFICIARIO 07171,001000007171,PEN,5245.33,CITIPEPLXXX,PAGO PROVEEDOR 07171,OUR
10007172,BENEFICIARIO 07172,001000007172,PEN,5246.06,BCPLPEPLXXX,PAGO PROVEEDOR 07172,BEN
10007173,BENEFICIARIO 07173,001000007173,PEN,5246.79,BINPPEPLXXX,PAGO PROVEEDOR 07173,SHA
10007174,BENEFICIARIO 07174,001000007174,PEN,5247.52,SCBLPEPLXXX,PAGO PROVEEDOR 07174,OUR
10007175,BENEFICIARIO 07175,001000007175,USD,5248.25,CITIPEPLXXX,PAGO PROVEEDOR 07175,BEN
10007176,BENEFICIARIO 07176,001000007176,PEN,5248.98,BCPLPEPLXXX,PAGO PROVEEDOR 07176,SHA
10007177,BENEFICIARIO 07177,001000007177,PEN,5249.71,BINPPEPLXXX,PAGO PROVEEDOR 07177,OUR
10007178,BENEFICIARIO 07178,001000007178,PEN,5250.44,SCBLPEPLXXX,PAGO PROVEEDOR 07178,BEN
10007179,BENEFICIARIO 07179,001000007179,PEN,5251.17,CITIPEPLXXX,PAGO PROVEEDOR 07179,SHA
10007180,BENEFICIARIO 07180,001000007180,USD,5251.90,BCPLPEPLXXX,PAGO PROVEEDOR 07180,OUR
10007181,BENEFICIARIO 07181,001000007181,PEN,5252.63,BINPPEPLXXX,PAGO PROVEEDOR 07181,BEN
10007182,BENEFICIARIO 07182,001000007182,PEN,5253.36,SCBLPEPLXXX,PAGO PROVEEDOR 07182,SHA
10007183,BENEFICIARIO 07183,001000007183,PEN,5254.09,CITIPEPLXXX,PAGO PROVEEDOR 07183,OUR
10007184,BENEFICIARIO 07184,001000007184,PEN,5254.82,BCPLPEPLXXX,PAGO PROVEEDOR 07184,BEN
10007185,BENEFICIARIO 07185,001000007185,USD,5255.55,BINPPEPLXXX,PAGO PROVEEDOR 07185,SHA
10007186,BENEFICIARIO 07186,001000007186,PEN,5256.28,SCBLPEPLXXX,PAGO PROVEEDOR 07186,OUR
10007187,BENEFICIARIO 07187,001000007187,PEN,5257.01,CITIPEPLXXX,PAGO PROVEEDOR 07187,BEN
10007188,BENEFICIARIO 07188,001000007188,PEN,5257.74,BCPLPEPLXXX,PAGO PROVEEDOR 07188,SHA
10007189,BENEFICIARIO 07189,001000007189,PEN,5258.47,BINPPEPLXXX,PAGO PROVEEDOR 07189,OUR
10007190,BENEFICIARIO 07190,001000007190,USD,5259.20,SCBLPEPLXXX,PAGO PROVEEDOR 07190,BEN
10007191,BENEFICIARIO 07191,001000007191,PEN,5259.93,CITIPEPLXXX,PAGO PROVEEDOR 07191,SHA
10007192,BENEFICIARIO 07192,001000007192,PEN,5260.66,BCPLPEPLXXX,PAGO PROVEEDOR 07192,OUR
10007193,BENEFICIARIO 07193,001000007193,PEN,5261.39,BINPPEPLXXX,PAGO PROVEEDOR 07193,BEN
10007194,BENEFICIARIO 07194,001000007194,PEN,5262.12,SCBLPEPLXXX,PAGO PROVEEDOR 07194,SHA
10007195,BENEFICIARIO 07195,001000007195,USD,5262.85,CITIPEPLXXX,PAGO PROVEEDOR 07195,OUR
10007196,BENEFICIARIO 07196,001000007196,PEN,5263.58,BCPLPEPLXXX,PAGO PROVEEDOR 07196,BEN
10007197,BENEFICIARIO 07197,001000007197,PEN,5264.31,BINPPEPLXXX,PAGO PROVEEDOR 07197,SHA
10007198,BENEFICIARIO 07198,001000007198,PEN,5265.04,SCBLPEPLXXX,PAGO PROVEEDOR 07198,OUR
10007199,BENEFICIARIO 07199,001000007199,PEN,5265.77,CITIPEPLXXX,PAGO PROVEEDOR 07199,BEN
10007200,BENEFICIARIO 07200,001000007200,USD,5266.50,BCPLPEPLXXX,PAGO PROVEEDOR 07200,SHA
10007201,BENEFICIARIO 07201,001000007201,PEN,5267.23,BINPPEPLXXX,PAGO PROVEEDOR 07201,OUR
10007202,BENEFICIARIO 07202,001000007202,PEN,5267.96,SCBLPEPLXXX,PAGO PROVEEDOR 07202,BEN
10007203,BENEFICIARIO 07203,001000007203,PEN,5268.69,CITIPEPLXXX,PAGO PROVEEDOR 07203,SHA
10007204,BENEFICIARIO 07204,001000007204,PEN,5269.42,BCPLPEPLXXX,PAGO PROVEEDOR 07204,OUR
10007205,BENEFICIARIO 07205,001000007205,USD,5270.15,BINPPEPLXXX,PAGO PROVEEDOR 07205,BEN
10007206,BENEFICIARIO 07206,001000007206,PEN,5270.88,SCBLPEPLXXX,PAGO PROVEEDOR 07206,SHA
10007207,BENEFICIARIO 07207,001000007207,PEN,5271.61,CITIPEPLXXX,PAGO PROVEEDOR 07207,OUR
10007208,BENEFICIARIO 07208,001000007208,PEN,5272.34,BCPLPEPLXXX,PAGO PROVEEDOR 07208,BEN
10007209,BENEFICIARIO 07209,001000007209,PEN,5273.07,BINPPEPLXXX,PAGO PROVEEDOR 07209,SHA
10007210,BENEFICIARIO 07210,001000007210,USD,5273.80,SCBLPEPLXXX,PAGO PROVEEDOR 07210,OUR
10007211,BENEFICIARIO 07211,001000007211,PEN,5274.53,CITIPEPLXXX,PAGO PROVEEDOR 07211,BEN
10007212,BENEFICIARIO 07212,001000007212,PEN,5275.26,BCPLPEPLXXX,PAGO PROVEEDOR 07212,SHA
10007213,BENEFICIARIO 07213,001000007213,PEN,5275.99,BINPPEPLXXX,PAGO PROVEEDOR 07213,OUR
10007214,BENEFICIARIO 07214,001000007214,PEN,5276.72,SCBLPEPLXXX,PAGO PROVEEDOR 07214,BEN
10007215,BENEFICIARIO 07215,001000007215,USD,5277.45,CITIPEPLXXX,PAGO PROVEEDOR 07215,SHA
10007216,BENEFICIARIO 07216,001000007216,PEN,5278.18,BCPLPEPLXXX,PAGO PROVEEDOR 07216,OUR
10007217,BENEFICIARIO 07217,001000007217,PEN,5278.91,BINPPEPLXXX,PAGO PROVEEDOR 07217,BEN
10007218,BENEFICIARIO 07218,001000007218,PEN,5279.64,SCBLPEPLXXX,PAGO PROVEEDOR 07218,SHA
10007219,BENEFICIARIO 07219,001000007219,PEN,5280.37,CITIPEPLXXX,PAGO PROVEEDOR 07219,OUR
10007220,BENEFICIARIO 07220,001000007220,USD,5281.10,BCPLPEPLXXX,PAGO PROVEEDOR 07220,BEN
10007221,BENEFICIARIO 07221,001000007221,PEN,5281.83,BINPPEPLXXX,PAGO PROVEEDOR 07221,SHA
10007222,BENEFICIARIO 07222,001000007222,PEN,5282.56,SCBLPEPLXXX,PAGO PROVEEDOR 07222,OUR
10007223,BENEFICIARIO 07223,001000007223,PEN,5283.29,CITIPEPLXXX,PAGO PROVEEDOR 07223,BEN
10007224,BENEFICIARIO 07224,001000007224,PEN,5284.02,BCPLPEPLXXX,PAGO PROVEEDOR 07224,SHA
10007225,BENEFICIARIO 07225,001000007225,USD,5284.75,BINPPEPLXXX,PAGO PROVEEDOR 07225,OUR
10007226,BENEFICIARIO 07226,001000007226,PEN,5285.48,SCBLPEPLXXX,PAGO PROVEEDOR 07226,BEN
10007227,BENEFICIARIO 07227,001000007227,PEN,5286.21,CITIPEPLXXX,PAGO PROVEEDOR 07227,SHA
10007228,BENEFICIARIO 07228,001000007228,PEN,5286.94,BCPLPEPLXXX,PAGO PROVEEDOR 07228,OUR
10007229,BENEFICIARIO 07229,001000007229,PEN,5287.67,BINPPEPLXXX,PAGO PROVEEDOR 07229,BEN
10007230,BENEFICIARIO 07230,001000007230,USD,5288.40,SCBLPEPLXXX,PAGO PROVEEDOR 07230,SHA
10007231,BENEFICIARIO 07231,001000007231,PEN,5289.13,CITIPEPLXXX,PAGO PROVEEDOR 07231,OUR
10007232,BENEFICIARIO 07232,001000007232,PEN,5289.86,BCPLPEPLXXX,PAGO PROVEEDOR 07232,BEN
10007233,BENEFICIARIO 07233,001000007233,PEN,5290.59,BINPPEPLXXX,PAGO PROVEEDOR 07233,SHA
10007234,BENEFICIARIO 07234,001000007234,PEN,5291.32,SCBLPEPLXXX,PAGO PROVEEDOR 07234,OUR
10007235,BENEFICIARIO 07235,001000007235,USD,5292.05,CITIPEPLXXX,PAGO PROVEEDOR 07235,BEN
10007236,BENEFICIARIO 07236,001000007236,PEN,5292.78,BCPLPEPLXXX,PAGO PROVEEDOR 07236,SHA
10007237,BENEFICIARIO 07237,001000007237,PEN,5293.51,BINPPEPLXXX,PAGO PROVEEDOR 07237,OUR
10007238,BENEFICIARIO 07238,001000007238,PEN,5294.24,SCBLPEPLXXX,PAGO PROVEEDOR 07238,BEN
10007239,BENEFICIARIO 07239,001000007239,PEN,5294.97,CITIPEPLXXX,PAGO PROVEEDOR 07239,SHA
10007240,BENEFICIARIO 07240,001000007240,USD,5295.70,BCPLPEPLXXX,PAGO PROVEEDOR 07240,OUR
10007241,BENEFICIARIO 07241,001000007241,PEN,5296.43,BINPPEPLXXX,PAGO PROVEEDOR 07241,BEN
10007242,BENEFICIARIO 07242,001000007242,PEN,5297.16,SCBLPEPLXXX,PAGO PROVEEDOR 07242,SHA
10007243,BENEFICIARIO 07243,001000007243,PEN,5297.89,CITIPEPLXXX,PAGO PROVEEDOR 07243,OUR
10007244,BENEFICIARIO 07244,001000007244,PEN,5298.62,BCPLPEPLXXX,PAGO PROVEEDOR 07244,BEN
10007245,BENEFICIARIO 07245,001000007245,USD,5299.35,BINPPEPLXXX,PAGO PROVEEDOR 07245,SHA
10007246,BENEFICIARIO 07246,001000007246,PEN,5300.08,SCBLPEPLXXX,PAGO PROVEEDOR 07246,OUR
10007247,BENEFICIARIO 07247,001000007247,PEN,5300.81,CITIPEPLXXX,PAGO PROVEEDOR 07247,BEN
10007248,BENEFICIARIO 07248,001000007248,PEN,5301.54,BCPLPEPLXXX,PAGO PROVEEDOR 07248,SHA
10007249,BENEFICIARIO 07249,001000007249,PEN,5302.27,BINPPEPLXXX,PAGO PROVEEDOR 07249,OUR
10007250,BENEFICIARIO 07250,001000007250,USD,5303.00,SCBLPEPLXXX,PAGO PROVEEDOR 07250,BEN
10007251,BENEFICIARIO 07251,001000007251,PEN,5303.73,CITIPEPLXXX,PAGO PROVEEDOR 07251,SHA
10007252,BENEFICIARIO 07252,001000007252,PEN,5304.46,BCPLPEPLXXX,PAGO PROVEEDOR 07252,OUR
10007253,BENEFICIARIO 07253,001000007253,PEN,5305.19,BINPPEPLXXX,PAGO PROVEEDOR 07253,BEN
10007254,BENEFICIARIO 07254,001000007254,PEN,5305.92,SCBLPEPLXXX,PAGO PROVEEDOR 07254,SHA
10007255,BENEFICIARIO 07255,001000007255,USD,5306.65,CITIPEPLXXX,PAGO PROVEEDOR 07255,OUR
10007256,BENEFICIARIO 07256,001000007256,PEN,5307.38,BCPLPEPLXXX,PAGO PROVEEDOR 07256,BEN
10007257,BENEFICIARIO 07257,001000007257,PEN,5308.11,BINPPEPLXXX,PAGO PROVEEDOR 07257,SHA
10007258,BENEFICIARIO 07258,001000007258,PEN,5308.84,SCBLPEPLXXX,PAGO PROVEEDOR 07258,OUR
10007259,BENEFICIARIO 07259,001000007259,PEN,5309.57,CITIPEPLXXX,PAGO PROVEEDOR 07259,BEN
10007260,BENEFICIARIO 07260,001000007260,USD,5310.30,BCPLPEPLXXX,PAGO PROVEEDOR 07260,SHA
10007261,BENEFICIARIO 07261,001000007261,PEN,5311.03,BINPPEPLXXX,PAGO PROVEEDOR 07261,OUR
10007262,BENEFICIARIO 07262,001000007262,PEN,5311.76,SCBLPEPLXXX,PAGO PROVEEDOR 07262,BEN
10007263,BENEFICIARIO 07263,001000007263,PEN,5312.49,CITIPEPLXXX,PAGO PROVEEDOR 07263,SHA
10007264,BENEFICIARIO 07264,001000007264,PEN,5313.22,BCPLPEPLXXX,PAGO PROVEEDOR 07264,OUR
10007265,BENEFICIARIO 07265,001000007265,USD,5313.95,BINPPEPLXXX,PAGO PROVEEDOR 07265,BEN
10007266,BENEFICIARIO 07266,001000007266,PEN,5314.68,SCBLPEPLXXX,PAGO PROVEEDOR 07266,SHA
10007267,BENEFICIARIO 07267,001000007267,PEN,5315.41,CITIPEPLXXX,PAGO PROVEEDOR 07267,OUR
10007268,BENEFICIARIO 07268,001000007268,PEN,5316.14,BCPLPEPLXXX,PAGO PROVEEDOR 07268,BEN
10007269,BENEFICIARIO 07269,001000007269,PEN,5316.87,BINPPEPLXXX,PAGO PROVEEDOR 07269,SHA
10007270,BENEFICIARIO 07270,001000007270,USD,5317.60,SCBLPEPLXXX,PAGO PROVEEDOR 07270,OUR
10007271,BENEFICIARIO 07271,001000007271,PEN,5318.33,CITIPEPLXXX,PAGO PROVEEDOR 07271,BEN
10007272,BENEFICIARIO 07272,001000007272,PEN,5319.06,BCPLPEPLXXX,PAGO PROVEEDOR 07272,SHA
10007273,BENEFICIARIO 07273,001000007273,PEN,5319.79,BINPPEPLXXX,PAGO PROVEEDOR 07273,OUR
10007274,BENEFICIARIO 07274,001000007274,PEN,5320.52,SCBLPEPLXXX,PAGO PROVEEDOR 07274,BEN
10007275,BENEFICIARIO 07275,001000007275,USD,5321.25,CITIPEPLXXX,PAGO PROVEEDOR 07275,SHA
10007276,BENEFICIARIO 07276,001000007276,PEN,5321.98,BCPLPEPLXXX,PAGO PROVEEDOR 07276,OUR
10007277,BENEFICIARIO 07277,001000007277,PEN,5322.71,BINPPEPLXXX,PAGO PROVEEDOR 07277,BEN
10007278,BENEFICIARIO 07278,001000007278,PEN,5323.44,SCBLPEPLXXX,PAGO PROVEEDOR 07278,SHA
10007279,BENEFICIARIO 07279,001000007279,PEN,5324.17,CITIPEPLXXX,PAGO PROVEEDOR 07279,OUR
10007280,BENEFICIARIO 07280,001000007280,USD,5324.90,BCPLPEPLXXX,PAGO PROVEEDOR 07280,BEN
10007281,BENEFICIARIO 07281,001000007281,PEN,5325.63,BINPPEPLXXX,PAGO PROVEEDOR 07281,SHA
10007282,BENEFICIARIO 07282,001000007282,PEN,5326.36,SCBLPEPLXXX,PAGO PROVEEDOR 07282,OUR
10007283,BENEFICIARIO 07283,001000007283,PEN,5327.09,CITIPEPLXXX,PAGO PROVEEDOR 07283,BEN
10007284,BENEFICIARIO 07284,001000007284,PEN,5327.82,BCPLPEPLXXX,PAGO PROVEEDOR 07284,SHA
10007285,BENEFICIARIO 07285,001000007285,USD,5328.55,BINPPEPLXXX,PAGO PROVEEDOR 07285,OUR
10007286,BENEFICIARIO 07286,001000007286,PEN,5329.28,SCBLPEPLXXX,PAGO PROVEEDOR 07286,BEN
10007287,BENEFICIARIO 07287,001000007287,PEN,5330.01,CITIPEPLXXX,PAGO PROVEEDOR 07287,SHA
10007288,BENEFICIARIO 07288,001000007288,PEN,5330.74,BCPLPEPLXXX,PAGO PROVEEDOR 07288,OUR
10007289,BENEFICIARIO 07289,001000007289,PEN,5331.47,BINPPEPLXXX,PAGO PROVEEDOR 07289,BEN
10007290,BENEFICIARIO 07290,001000007290,USD,5332.20,SCBLPEPLXXX,PAGO PROVEEDOR 07290,SHA
10007291,BENEFICIARIO 07291,001000007291,PEN,5332.93,CITIPEPLXXX,PAGO PROVEEDOR 07291,OUR
10007292,BENEFICIARIO 07292,001000007292,PEN,5333.66,BCPLPEPLXXX,PAGO PROVEEDOR 07292,BEN
10007293,BENEFICIARIO 07293,001000007293,PEN,5334.39,BINPPEPLXXX,PAGO PROVEEDOR 07293,SHA
10007294,BENEFICIARIO 07294,001000007294,PEN,5335.12,SCBLPEPLXXX,PAGO PROVEEDOR 07294,OUR
10007295,BENEFICIARIO 07295,001000007295,USD,5335.85,CITIPEPLXXX,PAGO PROVEEDOR 07295,BEN
10007296,BENEFICIARIO 07296,001000007296,PEN,5336.58,BCPLPEPLXXX,PAGO PROVEEDOR 07296,SHA
10007297,BENEFICIARIO 07297,001000007297,PEN,5337.31,BINPPEPLXXX,PAGO PROVEEDOR 07297,OUR
10007298,BENEFICIARIO 07298,001000007298,PEN,5338.04,SCBLPEPLXXX,PAGO PROVEEDOR 07298,BEN
10007299,BENEFICIARIO 07299,001000007299,PEN,5338.77,CITIPEPLXXX,PAGO PROVEEDOR 07299,SHA
10007300,BENEFICIARIO 07300,001000007300,USD,5339.50,BCPLPEPLXXX,PAGO PROVEEDOR 07300,OUR
10007301,BENEFICIARIO 07301,001000007301,PEN,5340.23,BINPPEPLXXX,PAGO PROVEEDOR 07301,BEN
10007302,BENEFICIARIO 07302,001000007302,PEN,5340.96,SCBLPEPLXXX,PAGO PROVEEDOR 07302,SHA
10007303,BENEFICIARIO 07303,001000007303,PEN,5341.69,CITIPEPLXXX,PAGO PROVEEDOR 07303,OUR
10007304,BENEFICIARIO 07304,001000007304,PEN,5342.42,BCPLPEPLXXX,PAGO PROVEEDOR 07304,BEN
10007305,BENEFICIARIO 07305,001000007305,USD,5343.15,BINPPEPLXXX,PAGO PROVEEDOR 07305,SHA
10007306,BENEFICIARIO 07306,001000007306,PEN,5343.88,SCBLPEPLXXX,PAGO PROVEEDOR 07306,OUR
10007307,BENEFICIARIO 07307,001000007307,PEN,5344.61,CITIPEPLXXX,PAGO PROVEEDOR 07307,BEN
10007308,BENEFICIARIO 07308,001000007308,PEN,5345.34,BCPLPEPLXXX,PAGO PROVEEDOR 07308,SHA
10007309,BENEFICIARIO 07309,001000007309,PEN,5346.07,BINPPEPLXXX,PAGO PROVEEDOR 07309,OUR
10007310,BENEFICIARIO 07310,001000007310,USD,5346.80,SCBLPEPLXXX,PAGO PROVEEDOR 07310,BEN
10007311,BENEFICIARIO 07311,001000007311,PEN,5347.53,CITIPEPLXXX,PAGO PROVEEDOR 07311,SHA
10007312,BENEFICIARIO 07312,001000007312,PEN,5348.26,BCPLPEPLXXX,PAGO PROVEEDOR 07312,OUR
10007313,BENEFICIARIO 07313,001000007313,PEN,5348.99,BINPPEPLXXX,PAGO PROVEEDOR 07313,BEN
10007314,BENEFICIARIO 07314,001000007314,PEN,5349.72,SCBLPEPLXXX,PAGO PROVEEDOR 07314,SHA
10007315,BENEFICIARIO 07315,001000007315,USD,5350.45,CITIPEPLXXX,PAGO PROVEEDOR 07315,OUR
10007316,BENEFICIARIO 07316,001000007316,PEN,5351.18,BCPLPEPLXXX,PAGO PROVEEDOR 07316,BEN
10007317,BENEFICIARIO 07317,001000007317,PEN,5351.91,BINPPEPLXXX,PAGO PROVEEDOR 07317,SHA
10007318,BENEFICIARIO 07318,001000007318,PEN,5352.64,SCBLPEPLXXX,PAGO PROVEEDOR 07318,OUR
10007319,BENEFICIARIO 07319,001000007319,PEN,5353.37,CITIPEPLXXX,PAGO PROVEEDOR 07319,BEN
10007320,BENEFICIARIO 07320,001000007320,USD,5354.10,BCPLPEPLXXX,PAGO PROVEEDOR 07320,SHA
10007321,BENEFICIARIO 07321,001000007321,PEN,5354.83,BINPPEPLXXX,PAGO PROVEEDOR 07321,OUR
10007322,BENEFICIARIO 07322,001000007322,PEN,5355.56,SCBLPEPLXXX,PAGO PROVEEDOR 07322,BEN
10007323,BENEFICIARIO 07323,001000007323,PEN,5356.29,CITIPEPLXXX,PAGO PROVEEDOR 07323,SHA
10007324,BENEFICIARIO 07324,001000007324,PEN,5357.02,BCPLPEPLXXX,PAGO PROVEEDOR 07324,OUR
10007325,BENEFICIARIO 07325,001000007325,USD,5357.75,BINPPEPLXXX,PAGO PROVEEDOR 07325,BEN
10007326,BENEFICIARIO 07326,001000007326,PEN,5358.48,SCBLPEPLXXX,PAGO PROVEEDOR 07326,SHA
10007327,BENEFICIARIO 07327,001000007327,PEN,5359.21,CITIPEPLXXX,PAGO PROVEEDOR 07327,OUR
10007328,BENEFICIARIO 07328,001000007328,PEN,5359.94,BCPLPEPLXXX,PAGO PROVEEDOR 07328,BEN
10007329,BENEFICIARIO 07329,001000007329,PEN,5360.67,BINPPEPLXXX,PAGO PROVEEDOR 07329,SHA
10007330,BENEFICIARIO 07330,001000007330,USD,5361.40,SCBLPEPLXXX,PAGO PROVEEDOR 07330,OUR
10007331,BENEFICIARIO 07331,001000007331,PEN,5362.13,CITIPEPLXXX,PAGO PROVEEDOR 07331,BEN
10007332,BENEFICIARIO 07332,001000007332,PEN,5362.86,BCPLPEPLXXX,PAGO PROVEEDOR 07332,SHA
10007333,BENEFICIARIO 07333,001000007333,PEN,5363.59,BINPPEPLXXX,PAGO PROVEEDOR 07333,OUR
10007334,BENEFICIARIO 07334,001000007334,PEN,5364.32,SCBLPEPLXXX,PAGO PROVEEDOR 07334,BEN
10007335,BENEFICIARIO 07335,001000007335,USD,5365.05,CITIPEPLXXX,PAGO PROVEEDOR 07335,SHA
10007336,BENEFICIARIO 07336,001000007336,PEN,5365.78,BCPLPEPLXXX,PAGO PROVEEDOR 07336,OUR
10007337,BENEFICIARIO 07337,001000007337,PEN,5366.51,BINPPEPLXXX,PAGO PROVEEDOR 07337,BEN
10007338,BENEFICIARIO 07338,001000007338,PEN,5367.24,SCBLPEPLXXX,PAGO PROVEEDOR 07338,SHA
10007339,BENEFICIARIO 07339,001000007339,PEN,5367.97,CITIPEPLXXX,PAGO PROVEEDOR 07339,OUR
10007340,BENEFICIARIO 07340,001000007340,USD,5368.70,BCPLPEPLXXX,PAGO PROVEEDOR 07340,BEN
10007341,BENEFICIARIO 07341,001000007341,PEN,5369.43,BINPPEPLXXX,PAGO PROVEEDOR 07341,SHA
10007342,BENEFICIARIO 07342,001000007342,PEN,5370.16,SCBLPEPLXXX,PAGO PROVEEDOR 07342,OUR
10007343,BENEFICIARIO 07343,001000007343,PEN,5370.89,CITIPEPLXXX,PAGO PROVEEDOR 07343,BEN
10007344,BENEFICIARIO 07344,001000007344,PEN,5371.62,BCPLPEPLXXX,PAGO PROVEEDOR 07344,SHA
10007345,BENEFICIARIO 07345,001000007345,USD,5372.35,BINPPEPLXXX,PAGO PROVEEDOR 07345,OUR
10007346,BENEFICIARIO 07346,001000007346,PEN,5373.08,SCBLPEPLXXX,PAGO PROVEEDOR 07346,BEN
10007347,BENEFICIARIO 07347,001000007347,PEN,5373.81,CITIPEPLXXX,PAGO PROVEEDOR 07347,SHA
10007348,BENEFICIARIO 07348,001000007348,PEN,5374.54,BCPLPEPLXXX,PAGO PROVEEDOR 07348,OUR
10007349,BENEFICIARIO 07349,001000007349,PEN,5375.27,BINPPEPLXXX,PAGO PROVEEDOR 07349,BEN
10007350,BENEFICIARIO 07350,001000007350,USD,5376.00,SCBLPEPLXXX,PAGO PROVEEDOR 07350,SHA
10007351,BENEFICIARIO 07351,001000007351,PEN,5376.73,CITIPEPLXXX,PAGO PROVEEDOR 07351,OUR
10007352,BENEFICIARIO 07352,001000007352,PEN,5377.46,BCPLPEPLXXX,PAGO PROVEEDOR 07352,BEN
10007353,BENEFICIARIO 07353,001000007353,PEN,5378.19,BINPPEPLXXX,PAGO PROVEEDOR 07353,SHA
10007354,BENEFICIARIO 07354,001000007354,PEN,5378.92,SCBLPEPLXXX,PAGO PROVEEDOR 07354,OUR
10007355,BENEFICIARIO 07355,001000007355,USD,5379.65,CITIPEPLXXX,PAGO PROVEEDOR 07355,BEN
10007356,BENEFICIARIO 07356,001000007356,PEN,5380.38,BCPLPEPLXXX,PAGO PROVEEDOR 07356,SHA
10007357,BENEFICIARIO 07357,001000007357,PEN,5381.11,BINPPEPLXXX,PAGO PROVEEDOR 07357,OUR
10007358,BENEFICIARIO 07358,001000007358,PEN,5381.84,SCBLPEPLXXX,PAGO PROVEEDOR 07358,BEN
10007359,BENEFICIARIO 07359,001000007359,PEN,5382.57,CITIPEPLXXX,PAGO PROVEEDOR 07359,SHA
10007360,BENEFICIARIO 07360,001000007360,USD,5383.30,BCPLPEPLXXX,PAGO PROVEEDOR 07360,OUR
10007361,BENEFICIARIO 07361,001000007361,PEN,5384.03,BINPPEPLXXX,PAGO PROVEEDOR 07361,BEN
10007362,BENEFICIARIO 07362,001000007362,PEN,5384.76,SCBLPEPLXXX,PAGO PROVEEDOR 07362,SHA
10007363,BENEFICIARIO 07363,001000007363,PEN,5385.49,CITIPEPLXXX,PAGO PROVEEDOR 07363,OUR
10007364,BENEFICIARIO 07364,001000007364,PEN,5386.22,BCPLPEPLXXX,PAGO PROVEEDOR 07364,BEN
10007365,BENEFICIARIO 07365,001000007365,USD,5386.95,BINPPEPLXXX,PAGO PROVEEDOR 07365,SHA
10007366,BENEFICIARIO 07366,001000007366,PEN,5387.68,SCBLPEPLXXX,PAGO PROVEEDOR 07366,OUR
10007367,BENEFICIARIO 07367,001000007367,PEN,5388.41,CITIPEPLXXX,PAGO PROVEEDOR 07367,BEN
10007368,BENEFICIARIO 07368,001000007368,PEN,5389.14,BCPLPEPLXXX,PAGO PROVEEDOR 07368,SHA
10007369,BENEFICIARIO 07369,001000007369,PEN,5389.87,BINPPEPLXXX,PAGO PROVEEDOR 07369,OUR
10007370,BENEFICIARIO 07370,001000007370,USD,5390.60,SCBLPEPLXXX,PAGO PROVEEDOR 07370,BEN
10007371,BENEFICIARIO 07371,001000007371,PEN,5391.33,CITIPEPLXXX,PAGO PROVEEDOR 07371,SHA
10007372,BENEFICIARIO 07372,001000007372,PEN,5392.06,BCPLPEPLXXX,PAGO PROVEEDOR 07372,OUR
10007373,BENEFICIARIO 07373,001000007373,PEN,5392.79,BINPPEPLXXX,PAGO PROVEEDOR 07373,BEN
10007374,BENEFICIARIO 07374,001000007374,PEN,5393.52,SCBLPEPLXXX,PAGO PROVEEDOR 07374,SHA
10007375,BENEFICIARIO 07375,001000007375,USD,5394.25,CITIPEPLXXX,PAGO PROVEEDOR 07375,OUR
10007376,BENEFICIARIO 07376,001000007376,PEN,5394.98,BCPLPEPLXXX,PAGO PROVEEDOR 07376,BEN
10007377,BENEFICIARIO 07377,001000007377,PEN,5395.71,BINPPEPLXXX,PAGO PROVEEDOR 07377,SHA
10007378,BENEFICIARIO 07378,001000007378,PEN,5396.44,SCBLPEPLXXX,PAGO PROVEEDOR 07378,OUR
10007379,BENEFICIARIO 07379,001000007379,PEN,5397.17,CITIPEPLXXX,PAGO PROVEEDOR 07379,BEN
10007380,BENEFICIARIO 07380,001000007380,USD,5397.90,BCPLPEPLXXX,PAGO PROVEEDOR 07380,SHA
10007381,BENEFICIARIO 07381,001000007381,PEN,5398.63,BINPPEPLXXX,PAGO PROVEEDOR 07381,OUR
10007382,BENEFICIARIO 07382,001000007382,PEN,5399.36,SCBLPEPLXXX,PAGO PROVEEDOR 07382,BEN
10007383,BENEFICIARIO 07383,001000007383,PEN,5400.09,CITIPEPLXXX,PAGO PROVEEDOR 07383,SHA
10007384,BENEFICIARIO 07384,001000007384,PEN,5400.82,BCPLPEPLXXX,PAGO PROVEEDOR 07384,OUR
10007385,BENEFICIARIO 07385,001000007385,USD,5401.55,BINPPEPLXXX,PAGO PROVEEDOR 07385,BEN
10007386,BENEFICIARIO 07386,001000007386,PEN,5402.28,SCBLPEPLXXX,PAGO PROVEEDOR 07386,SHA
10007387,BENEFICIARIO 07387,001000007387,PEN,5403.01,CITIPEPLXXX,PAGO PROVEEDOR 07387,OUR
10007388,BENEFICIARIO 07388,001000007388,PEN,5403.74,BCPLPEPLXXX,PAGO PROVEEDOR 07388,BEN
10007389,BENEFICIARIO 07389,001000007389,PEN,5404.47,BINPPEPLXXX,PAGO PROVEEDOR 07389,SHA
10007390,BENEFICIARIO 07390,001000007390,USD,5405.20,SCBLPEPLXXX,PAGO PROVEEDOR 07390,OUR
10007391,BENEFICIARIO 07391,001000007391,PEN,5405.93,CITIPEPLXXX,PAGO PROVEEDOR 07391,BEN
10007392,BENEFICIARIO 07392,001000007392,PEN,5406.66,BCPLPEPLXXX,PAGO PROVEEDOR 07392,SHA
10007393,BENEFICIARIO 07393,001000007393,PEN,5407.39,BINPPEPLXXX,PAGO PROVEEDOR 07393,OUR
10007394,BENEFICIARIO 07394,001000007394,PEN,5408.12,SCBLPEPLXXX,PAGO PROVEEDOR 07394,BEN
10007395,BENEFICIARIO 07395,001000007395,USD,5408.85,CITIPEPLXXX,PAGO PROVEEDOR 07395,SHA
10007396,BENEFICIARIO 07396,001000007396,PEN,5409.58,BCPLPEPLXXX,PAGO PROVEEDOR 07396,OUR
10007397,BENEFICIARIO 07397,001000007397,PEN,5410.31,BINPPEPLXXX,PAGO PROVEEDOR 07397,BEN
10007398,BENEFICIARIO 07398,001000007398,PEN,5411.04,SCBLPEPLXXX,PAGO PROVEEDOR 07398,SHA
10007399,BENEFICIARIO 07399,001000007399,PEN,5411.77,CITIPEPLXXX,PAGO PROVEEDOR 07399,OUR
10007400,BENEFICIARIO 07400,001000007400,USD,5412.50,BCPLPEPLXXX,PAGO PROVEEDOR 07400,BEN
10007401,BENEFICIARIO 07401,001000007401,PEN,5413.23,BINPPEPLXXX,PAGO PROVEEDOR 07401,SHA
10007402,BENEFICIARIO 07402,001000007402,PEN,5413.96,SCBLPEPLXXX,PAGO PROVEEDOR 07402,OUR
10007403,BENEFICIARIO 07403,001000007403,PEN,5414.69,CITIPEPLXXX,PAGO PROVEEDOR 07403,BEN
10007404,BENEFICIARIO 07404,001000007404,PEN,5415.42,BCPLPEPLXXX,PAGO PROVEEDOR 07404,SHA
10007405,BENEFICIARIO 07405,001000007405,USD,5416.15,BINPPEPLXXX,PAGO PROVEEDOR 07405,OUR
10007406,BENEFICIARIO 07406,001000007406,PEN,5416.88,SCBLPEPLXXX,PAGO PROVEEDOR 07406,BEN
10007407,BENEFICIARIO 07407,001000007407,PEN,5417.61,CITIPEPLXXX,PAGO PROVEEDOR 07407,SHA
10007408,BENEFICIARIO 07408,001000007408,PEN,5418.34,BCPLPEPLXXX,PAGO PROVEEDOR 07408,OUR
10007409,BENEFICIARIO 07409,001000007409,PEN,5419.07,BINPPEPLXXX,PAGO PROVEEDOR 07409,BEN
10007410,BENEFICIARIO 07410,001000007410,USD,5419.80,SCBLPEPLXXX,PAGO PROVEEDOR 07410,SHA
10007411,BENEFICIARIO 07411,001000007411,PEN,5420.53,CITIPEPLXXX,PAGO PROVEEDOR 07411,OUR
10007412,BENEFICIARIO 07412,001000007412,PEN,5421.26,BCPLPEPLXXX,PAGO PROVEEDOR 07412,BEN
10007413,BENEFICIARIO 07413,001000007413,PEN,5421.99,BINPPEPLXXX,PAGO PROVEEDOR 07413,SHA
10007414,BENEFICIARIO 07414,001000007414,PEN,5422.72,SCBLPEPLXXX,PAGO PROVEEDOR 07414,OUR
10007415,BENEFICIARIO 07415,001000007415,USD,5423.45,CITIPEPLXXX,PAGO PROVEEDOR 07415,BEN
10007416,BENEFICIARIO 07416,001000007416,PEN,5424.18,BCPLPEPLXXX,PAGO PROVEEDOR 07416,SHA
10007417,BENEFICIARIO 07417,001000007417,PEN,5424.91,BINPPEPLXXX,PAGO PROVEEDOR 07417,OUR
10007418,BENEFICIARIO 07418,001000007418,PEN,5425.64,SCBLPEPLXXX,PAGO PROVEEDOR 07418,BEN
10007419,BENEFICIARIO 07419,001000007419,PEN,5426.37,CITIPEPLXXX,PAGO PROVEEDOR 07419,SHA
10007420,BENEFICIARIO 07420,001000007420,USD,5427.10,BCPLPEPLXXX,PAGO PROVEEDOR 07420,OUR
10007421,BENEFICIARIO 07421,001000007421,PEN,5427.83,BINPPEPLXXX,PAGO PROVEEDOR 07421,BEN
10007422,BENEFICIARIO 07422,001000007422,PEN,5428.56,SCBLPEPLXXX,PAGO PROVEEDOR 07422,SHA
10007423,BENEFICIARIO 07423,001000007423,PEN,5429.29,CITIPEPLXXX,PAGO PROVEEDOR 07423,OUR
10007424,BENEFICIARIO 07424,001000007424,PEN,5430.02,BCPLPEPLXXX,PAGO PROVEEDOR 07424,BEN
10007425,BENEFICIARIO 07425,001000007425,USD,5430.75,BINPPEPLXXX,PAGO PROVEEDOR 07425,SHA
10007426,BENEFICIARIO 07426,001000007426,PEN,5431.48,SCBLPEPLXXX,PAGO PROVEEDOR 07426,OUR
10007427,BENEFICIARIO 07427,001000007427,PEN,5432.21,CITIPEPLXXX,PAGO PROVEEDOR 07427,BEN
10007428,BENEFICIARIO 07428,001000007428,PEN,5432.94,BCPLPEPLXXX,PAGO PROVEEDOR 07428,SHA
10007429,BENEFICIARIO 07429,001000007429,PEN,5433.67,BINPPEPLXXX,PAGO PROVEEDOR 07429,OUR
10007430,BENEFICIARIO 07430,001000007430,USD,5434.40,SCBLPEPLXXX,PAGO PROVEEDOR 07430,BEN
10007431,BENEFICIARIO 07431,001000007431,PEN,5435.13,CITIPEPLXXX,PAGO PROVEEDOR 07431,SHA
10007432,BENEFICIARIO 07432,001000007432,PEN,5435.86,BCPLPEPLXXX,PAGO PROVEEDOR 07432,OUR
10007433,BENEFICIARIO 07433,001000007433,PEN,5436.59,BINPPEPLXXX,PAGO PROVEEDOR 07433,BEN
10007434,BENEFICIARIO 07434,001000007434,PEN,5437.32,SCBLPEPLXXX,PAGO PROVEEDOR 07434,SHA
10007435,BENEFICIARIO 07435,001000007435,USD,5438.05,CITIPEPLXXX,PAGO PROVEEDOR 07435,OUR
10007436,BENEFICIARIO 07436,001000007436,PEN,5438.78,BCPLPEPLXXX,PAGO PROVEEDOR 07436,BEN
10007437,BENEFICIARIO 07437,001000007437,PEN,5439.51,BINPPEPLXXX,PAGO PROVEEDOR 07437,SHA
10007438,BENEFICIARIO 07438,001000007438,PEN,5440.24,SCBLPEPLXXX,PAGO PROVEEDOR 07438,OUR
10007439,BENEFICIARIO 07439,001000007439,PEN,5440.97,CITIPEPLXXX,PAGO PROVEEDOR 07439,BEN
10007440,BENEFICIARIO 07440,001000007440,USD,5441.70,BCPLPEPLXXX,PAGO PROVEEDOR 07440,SHA
10007441,BENEFICIARIO 07441,001000007441,PEN,5442.43,BINPPEPLXXX,PAGO PROVEEDOR 07441,OUR
10007442,BENEFICIARIO 07442,001000007442,PEN,5443.16,SCBLPEPLXXX,PAGO PROVEEDOR 07442,BEN
10007443,BENEFICIARIO 07443,001000007443,PEN,5443.89,CITIPEPLXXX,PAGO PROVEEDOR 07443,SHA
10007444,BENEFICIARIO 07444,001000007444,PEN,5444.62,BCPLPEPLXXX,PAGO PROVEEDOR 07444,OUR
10007445,BENEFICIARIO 07445,001000007445,USD,5445.35,BINPPEPLXXX,PAGO PROVEEDOR 07445,BEN
10007446,BENEFICIARIO 07446,001000007446,PEN,5446.08,SCBLPEPLXXX,PAGO PROVEEDOR 07446,SHA
10007447,BENEFICIARIO 07447,001000007447,PEN,5446.81,CITIPEPLXXX,PAGO PROVEEDOR 07447,OUR
10007448,BENEFICIARIO 07448,001000007448,PEN,5447.54,BCPLPEPLXXX,PAGO PROVEEDOR 07448,BEN
10007449,BENEFICIARIO 07449,001000007449,PEN,5448.27,BINPPEPLXXX,PAGO PROVEEDOR 07449,SHA
10007450,BENEFICIARIO 07450,001000007450,USD,5449.00,SCBLPEPLXXX,PAGO PROVEEDOR 07450,OUR
10007451,BENEFICIARIO 07451,001000007451,PEN,5449.73,CITIPEPLXXX,PAGO PROVEEDOR 07451,BEN
10007452,BENEFICIARIO 07452,001000007452,PEN,5450.46,BCPLPEPLXXX,PAGO PROVEEDOR 07452,SHA
10007453,BENEFICIARIO 07453,001000007453,PEN,5451.19,BINPPEPLXXX,PAGO PROVEEDOR 07453,OUR
10007454,BENEFICIARIO 07454,001000007454,PEN,5451.92,SCBLPEPLXXX,PAGO PROVEEDOR 07454,BEN
10007455,BENEFICIARIO 07455,001000007455,USD,5452.65,CITIPEPLXXX,PAGO PROVEEDOR 07455,SHA
10007456,BENEFICIARIO 07456,001000007456,PEN,5453.38,BCPLPEPLXXX,PAGO PROVEEDOR 07456,OUR
10007457,BENEFICIARIO 07457,001000007457,PEN,5454.11,BINPPEPLXXX,PAGO PROVEEDOR 07457,BEN
10007458,BENEFICIARIO 07458,001000007458,PEN,5454.84,SCBLPEPLXXX,PAGO PROVEEDOR 07458,SHA
10007459,BENEFICIARIO 07459,001000007459,PEN,5455.57,CITIPEPLXXX,PAGO PROVEEDOR 07459,OUR
10007460,BENEFICIARIO 07460,001000007460,USD,5456.30,BCPLPEPLXXX,PAGO PROVEEDOR 07460,BEN
10007461,BENEFICIARIO 07461,001000007461,PEN,5457.03,BINPPEPLXXX,PAGO PROVEEDOR 07461,SHA
10007462,BENEFICIARIO 07462,001000007462,PEN,5457.76,SCBLPEPLXXX,PAGO PROVEEDOR 07462,OUR
10007463,BENEFICIARIO 07463,001000007463,PEN,5458.49,CITIPEPLXXX,PAGO PROVEEDOR 07463,BEN
10007464,BENEFICIARIO 07464,001000007464,PEN,5459.22,BCPLPEPLXXX,PAGO PROVEEDOR 07464,SHA
10007465,BENEFICIARIO 07465,001000007465,USD,5459.95,BINPPEPLXXX,PAGO PROVEEDOR 07465,OUR
10007466,BENEFICIARIO 07466,001000007466,PEN,5460.68,SCBLPEPLXXX,PAGO PROVEEDOR 07466,BEN
10007467,BENEFICIARIO 07467,001000007467,PEN,5461.41,CITIPEPLXXX,PAGO PROVEEDOR 07467,SHA
10007468,BENEFICIARIO 07468,001000007468,PEN,5462.14,BCPLPEPLXXX,PAGO PROVEEDOR 07468,OUR
10007469,BENEFICIARIO 07469,001000007469,PEN,5462.87,BINPPEPLXXX,PAGO PROVEEDOR 07469,BEN
10007470,BENEFICIARIO 07470,001000007470,USD,5463.60,SCBLPEPLXXX,PAGO PROVEEDOR 07470,SHA
10007471,BENEFICIARIO 07471,001000007471,PEN,5464.33,CITIPEPLXXX,PAGO PROVEEDOR 07471,OUR
10007472,BENEFICIARIO 07472,001000007472,PEN,5465.06,BCPLPEPLXXX,PAGO PROVEEDOR 07472,BEN
10007473,BENEFICIARIO 07473,001000007473,PEN,5465.79,BINPPEPLXXX,PAGO PROVEEDOR 07473,SHA
10007474,BENEFICIARIO 07474,001000007474,PEN,5466.52,SCBLPEPLXXX,PAGO PROVEEDOR 07474,OUR
10007475,BENEFICIARIO 07475,001000007475,USD,5467.25,CITIPEPLXXX,PAGO PROVEEDOR 07475,BEN
10007476,BENEFICIARIO 07476,001000007476,PEN,5467.98,BCPLPEPLXXX,PAGO PROVEEDOR 07476,SHA
10007477,BENEFICIARIO 07477,001000007477,PEN,5468.71,BINPPEPLXXX,PAGO PROVEEDOR 07477,OUR
10007478,BENEFICIARIO 07478,001000007478,PEN,5469.44,SCBLPEPLXXX,PAGO PROVEEDOR 07478,BEN
10007479,BENEFICIARIO 07479,001000007479,PEN,5470.17,CITIPEPLXXX,PAGO PROVEEDOR 07479,SHA
10007480,BENEFICIARIO 07480,001000007480,USD,5470.90,BCPLPEPLXXX,PAGO PROVEEDOR 07480,OUR
10007481,BENEFICIARIO 07481,001000007481,PEN,5471.63,BINPPEPLXXX,PAGO PROVEEDOR 07481,BEN
10007482,BENEFICIARIO 07482,001000007482,PEN,5472.36,SCBLPEPLXXX,PAGO PROVEEDOR 07482,SHA
10007483,BENEFICIARIO 07483,001000007483,PEN,5473.09,CITIPEPLXXX,PAGO PROVEEDOR 07483,OUR
10007484,BENEFICIARIO 07484,001000007484,PEN,5473.82,BCPLPEPLXXX,PAGO PROVEEDOR 07484,BEN
10007485,BENEFICIARIO 07485,001000007485,USD,5474.55,BINPPEPLXXX,PAGO PROVEEDOR 07485,SHA
10007486,BENEFICIARIO 07486,001000007486,PEN,5475.28,SCBLPEPLXXX,PAGO PROVEEDOR 07486,OUR
10007487,BENEFICIARIO 07487,001000007487,PEN,5476.01,CITIPEPLXXX,PAGO PROVEEDOR 07487,BEN
10007488,BENEFICIARIO 07488,001000007488,PEN,5476.74,BCPLPEPLXXX,PAGO PROVEEDOR 07488,SHA
10007489,BENEFICIARIO 07489,001000007489,PEN,5477.47,BINPPEPLXXX,PAGO PROVEEDOR 07489,OUR
10007490,BENEFICIARIO 07490,001000007490,USD,5478.20,SCBLPEPLXXX,PAGO PROVEEDOR 07490,BEN
10007491,BENEFICIARIO 07491,001000007491,PEN,5478.93,CITIPEPLXXX,PAGO PROVEEDOR 07491,SHA
10007492,BENEFICIARIO 07492,001000007492,PEN,5479.66,BCPLPEPLXXX,PAGO PROVEEDOR 07492,OUR
10007493,BENEFICIARIO 07493,001000007493,PEN,5480.39,BINPPEPLXXX,PAGO PROVEEDOR 07493,BEN
10007494,BENEFICIARIO 07494,001000007494,PEN,5481.12,SCBLPEPLXXX,PAGO PROVEEDOR 07494,SHA
10007495,BENEFICIARIO 07495,001000007495,USD,5481.85,CITIPEPLXXX,PAGO PROVEEDOR 07495,OUR
10007496,BENEFICIARIO 07496,001000007496,PEN,5482.58,BCPLPEPLXXX,PAGO PROVEEDOR 07496,BEN
10007497,BENEFICIARIO 07497,001000007497,PEN,5483.31,BINPPEPLXXX,PAGO PROVEEDOR 07497,SHA
10007498,BENEFICIARIO 07498,001000007498,PEN,5484.04,SCBLPEPLXXX,PAGO PROVEEDOR 07498,OUR
10007499,BENEFICIARIO 07499,001000007499,PEN,5484.77,CITIPEPLXXX,PAGO PROVEEDOR 07499,BEN
10007500,BENEFICIARIO 07500,001000007500,USD,5485.50,BCPLPEPLXXX,PAGO PROVEEDOR 07500,SHA
10007501,BENEFICIARIO 07501,001000007501,PEN,5486.23,BINPPEPLXXX,PAGO PROVEEDOR 07501,OUR
10007502,BENEFICIARIO 07502,001000007502,PEN,5486.96,SCBLPEPLXXX,PAGO PROVEEDOR 07502,BEN
10007503,BENEFICIARIO 07503,001000007503,PEN,5487.69,CITIPEPLXXX,PAGO PROVEEDOR 07503,SHA
10007504,BENEFICIARIO 07504,001000007504,PEN,5488.42,BCPLPEPLXXX,PAGO PROVEEDOR 07504,OUR
10007505,BENEFICIARIO 07505,001000007505,USD,5489.15,BINPPEPLXXX,PAGO PROVEEDOR 07505,BEN
10007506,BENEFICIARIO 07506,001000007506,PEN,5489.88,SCBLPEPLXXX,PAGO PROVEEDOR 07506,SHA
10007507,BENEFICIARIO 07507,001000007507,PEN,5490.61,CITIPEPLXXX,PAGO PROVEEDOR 07507,OUR
10007508,BENEFICIARIO 07508,001000007508,PEN,5491.34,BCPLPEPLXXX,PAGO PROVEEDOR 07508,BEN
10007509,BENEFICIARIO 07509,001000007509,PEN,5492.07,BINPPEPLXXX,PAGO PROVEEDOR 07509,SHA
10007510,BENEFICIARIO 07510,001000007510,USD,5492.80,SCBLPEPLXXX,PAGO PROVEEDOR 07510,OUR
10007511,BENEFICIARIO 07511,001000007511,PEN,5493.53,CITIPEPLXXX,PAGO PROVEEDOR 07511,BEN
10007512,BENEFICIARIO 07512,001000007512,PEN,5494.26,BCPLPEPLXXX,PAGO PROVEEDOR 07512,SHA
10007513,BENEFICIARIO 07513,001000007513,PEN,5494.99,BINPPEPLXXX,PAGO PROVEEDOR 07513,OUR
10007514,BENEFICIARIO 07514,001000007514,PEN,5495.72,SCBLPEPLXXX,PAGO PROVEEDOR 07514,BEN
10007515,BENEFICIARIO 07515,001000007515,USD,5496.45,CITIPEPLXXX,PAGO PROVEEDOR 07515,SHA
10007516,BENEFICIARIO 07516,001000007516,PEN,5497.18,BCPLPEPLXXX,PAGO PROVEEDOR 07516,OUR
10007517,BENEFICIARIO 07517,001000007517,PEN,5497.91,BINPPEPLXXX,PAGO PROVEEDOR 07517,BEN
10007518,BENEFICIARIO 07518,001000007518,PEN,5498.64,SCBLPEPLXXX,PAGO PROVEEDOR 07518,SHA
10007519,BENEFICIARIO 07519,001000007519,PEN,5499.37,CITIPEPLXXX,PAGO PROVEEDOR 07519,OUR
10007520,BENEFICIARIO 07520,001000007520,USD,5500.10,BCPLPEPLXXX,PAGO PROVEEDOR 07520,BEN
10007521,BENEFICIARIO 07521,001000007521,PEN,5500.83,BINPPEPLXXX,PAGO PROVEEDOR 07521,SHA
10007522,BENEFICIARIO 07522,001000007522,PEN,5501.56,SCBLPEPLXXX,PAGO PROVEEDOR 07522,OUR
10007523,BENEFICIARIO 07523,001000007523,PEN,5502.29,CITIPEPLXXX,PAGO PROVEEDOR 07523,BEN
10007524,BENEFICIARIO 07524,001000007524,PEN,5503.02,BCPLPEPLXXX,PAGO PROVEEDOR 07524,SHA
10007525,BENEFICIARIO 07525,001000007525,USD,5503.75,BINPPEPLXXX,PAGO PROVEEDOR 07525,OUR
10007526,BENEFICIARIO 07526,001000007526,PEN,5504.48,SCBLPEPLXXX,PAGO PROVEEDOR 07526,BEN
10007527,BENEFICIARIO 07527,001000007527,PEN,5505.21,CITIPEPLXXX,PAGO PROVEEDOR 07527,SHA
10007528,BENEFICIARIO 07528,001000007528,PEN,5505.94,BCPLPEPLXXX,PAGO PROVEEDOR 07528,OUR
10007529,BENEFICIARIO 07529,001000007529,PEN,5506.67,BINPPEPLXXX,PAGO PROVEEDOR 07529,BEN
10007530,BENEFICIARIO 07530,001000007530,USD,5507.40,SCBLPEPLXXX,PAGO PROVEEDOR 07530,SHA
10007531,BENEFICIARIO 07531,001000007531,PEN,5508.13,CITIPEPLXXX,PAGO PROVEEDOR 07531,OUR
10007532,BENEFICIARIO 07532,001000007532,PEN,5508.86,BCPLPEPLXXX,PAGO PROVEEDOR 07532,BEN
10007533,BENEFICIARIO 07533,001000007533,PEN,5509.59,BINPPEPLXXX,PAGO PROVEEDOR 07533,SHA
10007534,BENEFICIARIO 07534,001000007534,PEN,5510.32,SCBLPEPLXXX,PAGO PROVEEDOR 07534,OUR
10007535,BENEFICIARIO 07535,001000007535,USD,5511.05,CITIPEPLXXX,PAGO PROVEEDOR 07535,BEN
10007536,BENEFICIARIO 07536,001000007536,PEN,5511.78,BCPLPEPLXXX,PAGO PROVEEDOR 07536,SHA
10007537,BENEFICIARIO 07537,001000007537,PEN,5512.51,BINPPEPLXXX,PAGO PROVEEDOR 07537,OUR
10007538,BENEFICIARIO 07538,001000007538,PEN,5513.24,SCBLPEPLXXX,PAGO PROVEEDOR 07538,BEN
10007539,BENEFICIARIO 07539,001000007539,PEN,5513.97,CITIPEPLXXX,PAGO PROVEEDOR 07539,SHA
10007540,BENEFICIARIO 07540,001000007540,USD,5514.70,BCPLPEPLXXX,PAGO PROVEEDOR 07540,OUR
10007541,BENEFICIARIO 07541,001000007541,PEN,5515.43,BINPPEPLXXX,PAGO PROVEEDOR 07541,BEN
10007542,BENEFICIARIO 07542,001000007542,PEN,5516.16,SCBLPEPLXXX,PAGO PROVEEDOR 07542,SHA
10007543,BENEFICIARIO 07543,001000007543,PEN,5516.89,CITIPEPLXXX,PAGO PROVEEDOR 07543,OUR
10007544,BENEFICIARIO 07544,001000007544,PEN,5517.62,BCPLPEPLXXX,PAGO PROVEEDOR 07544,BEN
10007545,BENEFICIARIO 07545,001000007545,USD,5518.35,BINPPEPLXXX,PAGO PROVEEDOR 07545,SHA
10007546,BENEFICIARIO 07546,001000007546,PEN,5519.08,SCBLPEPLXXX,PAGO PROVEEDOR 07546,OUR
10007547,BENEFICIARIO 07547,001000007547,PEN,5519.81,CITIPEPLXXX,PAGO PROVEEDOR 07547,BEN
10007548,BENEFICIARIO 07548,001000007548,PEN,5520.54,BCPLPEPLXXX,PAGO PROVEEDOR 07548,SHA
10007549,BENEFICIARIO 07549,001000007549,PEN,5521.27,BINPPEPLXXX,PAGO PROVEEDOR 07549,OUR
10007550,BENEFICIARIO 07550,001000007550,USD,5522.00,SCBLPEPLXXX,PAGO PROVEEDOR 07550,BEN
10007551,BENEFICIARIO 07551,001000007551,PEN,5522.73,CITIPEPLXXX,PAGO PROVEEDOR 07551,SHA
10007552,BENEFICIARIO 07552,001000007552,PEN,5523.46,BCPLPEPLXXX,PAGO PROVEEDOR 07552,OUR
10007553,BENEFICIARIO 07553,001000007553,PEN,5524.19,BINPPEPLXXX,PAGO PROVEEDOR 07553,BEN
10007554,BENEFICIARIO 07554,001000007554,PEN,5524.92,SCBLPEPLXXX,PAGO PROVEEDOR 07554,SHA
10007555,BENEFICIARIO 07555,001000007555,USD,5525.65,CITIPEPLXXX,PAGO PROVEEDOR 07555,OUR
10007556,BENEFICIARIO 07556,001000007556,PEN,5526.38,BCPLPEPLXXX,PAGO PROVEEDOR 07556,BEN
10007557,BENEFICIARIO 07557,001000007557,PEN,5527.11,BINPPEPLXXX,PAGO PROVEEDOR 07557,SHA
10007558,BENEFICIARIO 07558,001000007558,PEN,5527.84,SCBLPEPLXXX,PAGO PROVEEDOR 07558,OUR
10007559,BENEFICIARIO 07559,001000007559,PEN,5528.57,CITIPEPLXXX,PAGO PROVEEDOR 07559,BEN
10007560,BENEFICIARIO 07560,001000007560,USD,5529.30,BCPLPEPLXXX,PAGO PROVEEDOR 07560,SHA
10007561,BENEFICIARIO 07561,001000007561,PEN,5530.03,BINPPEPLXXX,PAGO PROVEEDOR 07561,OUR
10007562,BENEFICIARIO 07562,001000007562,PEN,5530.76,SCBLPEPLXXX,PAGO PROVEEDOR 07562,BEN
10007563,BENEFICIARIO 07563,001000007563,PEN,5531.49,CITIPEPLXXX,PAGO PROVEEDOR 07563,SHA
10007564,BENEFICIARIO 07564,001000007564,PEN,5532.22,BCPLPEPLXXX,PAGO PROVEEDOR 07564,OUR
10007565,BENEFICIARIO 07565,001000007565,USD,5532.95,BINPPEPLXXX,PAGO PROVEEDOR 07565,BEN
10007566,BENEFICIARIO 07566,001000007566,PEN,5533.68,SCBLPEPLXXX,PAGO PROVEEDOR 07566,SHA
10007567,BENEFICIARIO 07567,001000007567,PEN,5534.41,CITIPEPLXXX,PAGO PROVEEDOR 07567,OUR
10007568,BENEFICIARIO 07568,001000007568,PEN,5535.14,BCPLPEPLXXX,PAGO PROVEEDOR 07568,BEN
10007569,BENEFICIARIO 07569,001000007569,PEN,5535.87,BINPPEPLXXX,PAGO PROVEEDOR 07569,SHA
10007570,BENEFICIARIO 07570,001000007570,USD,5536.60,SCBLPEPLXXX,PAGO PROVEEDOR 07570,OUR
10007571,BENEFICIARIO 07571,001000007571,PEN,5537.33,CITIPEPLXXX,PAGO PROVEEDOR 07571,BEN
10007572,BENEFICIARIO 07572,001000007572,PEN,5538.06,BCPLPEPLXXX,PAGO PROVEEDOR 07572,SHA
10007573,BENEFICIARIO 07573,001000007573,PEN,5538.79,BINPPEPLXXX,PAGO PROVEEDOR 07573,OUR
10007574,BENEFICIARIO 07574,001000007574,PEN,5539.52,SCBLPEPLXXX,PAGO PROVEEDOR 07574,BEN
10007575,BENEFICIARIO 07575,001000007575,USD,5540.25,CITIPEPLXXX,PAGO PROVEEDOR 07575,SHA
10007576,BENEFICIARIO 07576,001000007576,PEN,5540.98,BCPLPEPLXXX,PAGO PROVEEDOR 07576,OUR
10007577,BENEFICIARIO 07577,001000007577,PEN,5541.71,BINPPEPLXXX,PAGO PROVEEDOR 07577,BEN
10007578,BENEFICIARIO 07578,001000007578,PEN,5542.44,SCBLPEPLXXX,PAGO PROVEEDOR 07578,SHA
10007579,BENEFICIARIO 07579,001000007579,PEN,5543.17,CITIPEPLXXX,PAGO PROVEEDOR 07579,OUR
10007580,BENEFICIARIO 07580,001000007580,USD,5543.90,BCPLPEPLXXX,PAGO PROVEEDOR 07580,BEN
10007581,BENEFICIARIO 07581,001000007581,PEN,5544.63,BINPPEPLXXX,PAGO PROVEEDOR 07581,SHA
10007582,BENEFICIARIO 07582,001000007582,PEN,5545.36,SCBLPEPLXXX,PAGO PROVEEDOR 07582,OUR
10007583,BENEFICIARIO 07583,001000007583,PEN,5546.09,CITIPEPLXXX,PAGO PROVEEDOR 07583,BEN
10007584,BENEFICIARIO 07584,001000007584,PEN,5546.82,BCPLPEPLXXX,PAGO PROVEEDOR 07584,SHA
10007585,BENEFICIARIO 07585,001000007585,USD,5547.55,BINPPEPLXXX,PAGO PROVEEDOR 07585,OUR
10007586,BENEFICIARIO 07586,001000007586,PEN,5548.28,SCBLPEPLXXX,PAGO PROVEEDOR 07586,BEN
10007587,BENEFICIARIO 07587,001000007587,PEN,5549.01,CITIPEPLXXX,PAGO PROVEEDOR 07587,SHA
10007588,BENEFICIARIO 07588,001000007588,PEN,5549.74,BCPLPEPLXXX,PAGO PROVEEDOR 07588,OUR
10007589,BENEFICIARIO 07589,001000007589,PEN,5550.47,BINPPEPLXXX,PAGO PROVEEDOR 07589,BEN
10007590,BENEFICIARIO 07590,001000007590,USD,5551.20,SCBLPEPLXXX,PAGO PROVEEDOR 07590,SHA
10007591,BENEFICIARIO 07591,001000007591,PEN,5551.93,CITIPEPLXXX,PAGO PROVEEDOR 07591,OUR
10007592,BENEFICIARIO 07592,001000007592,PEN,5552.66,BCPLPEPLXXX,PAGO PROVEEDOR 07592,BEN
10007593,BENEFICIARIO 07593,001000007593,PEN,5553.39,BINPPEPLXXX,PAGO PROVEEDOR 07593,SHA
10007594,BENEFICIARIO 07594,001000007594,PEN,5554.12,SCBLPEPLXXX,PAGO PROVEEDOR 07594,OUR
10007595,BENEFICIARIO 07595,001000007595,USD,5554.85,CITIPEPLXXX,PAGO PROVEEDOR 07595,BEN
10007596,BENEFICIARIO 07596,001000007596,PEN,5555.58,BCPLPEPLXXX,PAGO PROVEEDOR 07596,SHA
10007597,BENEFICIARIO 07597,001000007597,PEN,5556.31,BINPPEPLXXX,PAGO PROVEEDOR 07597,OUR
10007598,BENEFICIARIO 07598,001000007598,PEN,5557.04,SCBLPEPLXXX,PAGO PROVEEDOR 07598,BEN
10007599,BENEFICIARIO 07599,001000007599,PEN,5557.77,CITIPEPLXXX,PAGO PROVEEDOR 07599,SHA
10007600,BENEFICIARIO 07600,001000007600,USD,5558.50,BCPLPEPLXXX,PAGO PROVEEDOR 07600,OUR
10007601,BENEFICIARIO 07601,001000007601,PEN,5559.23,BINPPEPLXXX,PAGO PROVEEDOR 07601,BEN
10007602,BENEFICIARIO 07602,001000007602,PEN,5559.96,SCBLPEPLXXX,PAGO PROVEEDOR 07602,SHA
10007603,BENEFICIARIO 07603,001000007603,PEN,5560.69,CITIPEPLXXX,PAGO PROVEEDOR 07603,OUR
10007604,BENEFICIARIO 07604,001000007604,PEN,5561.42,BCPLPEPLXXX,PAGO PROVEEDOR 07604,BEN
10007605,BENEFICIARIO 07605,001000007605,USD,5562.15,BINPPEPLXXX,PAGO PROVEEDOR 07605,SHA
10007606,BENEFICIARIO 07606,001000007606,PEN,5562.88,SCBLPEPLXXX,PAGO PROVEEDOR 07606,OUR
10007607,BENEFICIARIO 07607,001000007607,PEN,5563.61,CITIPEPLXXX,PAGO PROVEEDOR 07607,BEN
10007608,BENEFICIARIO 07608,001000007608,PEN,5564.34,BCPLPEPLXXX,PAGO PROVEEDOR 07608,SHA
10007609,BENEFICIARIO 07609,001000007609,PEN,5565.07,BINPPEPLXXX,PAGO PROVEEDOR 07609,OUR
10007610,BENEFICIARIO 07610,001000007610,USD,5565.80,SCBLPEPLXXX,PAGO PROVEEDOR 07610,BEN
10007611,BENEFICIARIO 07611,001000007611,PEN,5566.53,CITIPEPLXXX,PAGO PROVEEDOR 07611,SHA
10007612,BENEFICIARIO 07612,001000007612,PEN,5567.26,BCPLPEPLXXX,PAGO PROVEEDOR 07612,OUR
10007613,BENEFICIARIO 07613,001000007613,PEN,5567.99,BINPPEPLXXX,PAGO PROVEEDOR 07613,BEN
10007614,BENEFICIARIO 07614,001000007614,PEN,5568.72,SCBLPEPLXXX,PAGO PROVEEDOR 07614,SHA
10007615,BENEFICIARIO 07615,001000007615,USD,5569.45,CITIPEPLXXX,PAGO PROVEEDOR 07615,OUR
10007616,BENEFICIARIO 07616,001000007616,PEN,5570.18,BCPLPEPLXXX,PAGO PROVEEDOR 07616,BEN
10007617,BENEFICIARIO 07617,001000007617,PEN,5570.91,BINPPEPLXXX,PAGO PROVEEDOR 07617,SHA
10007618,BENEFICIARIO 07618,001000007618,PEN,5571.64,SCBLPEPLXXX,PAGO PROVEEDOR 07618,OUR
10007619,BENEFICIARIO 07619,001000007619,PEN,5572.37,CITIPEPLXXX,PAGO PROVEEDOR 07619,BEN
10007620,BENEFICIARIO 07620,001000007620,USD,5573.10,BCPLPEPLXXX,PAGO PROVEEDOR 07620,SHA
10007621,BENEFICIARIO 07621,001000007621,PEN,5573.83,BINPPEPLXXX,PAGO PROVEEDOR 07621,OUR
10007622,BENEFICIARIO 07622,001000007622,PEN,5574.56,SCBLPEPLXXX,PAGO PROVEEDOR 07622,BEN
10007623,BENEFICIARIO 07623,001000007623,PEN,5575.29,CITIPEPLXXX,PAGO PROVEEDOR 07623,SHA
10007624,BENEFICIARIO 07624,001000007624,PEN,5576.02,BCPLPEPLXXX,PAGO PROVEEDOR 07624,OUR
10007625,BENEFICIARIO 07625,001000007625,USD,5576.75,BINPPEPLXXX,PAGO PROVEEDOR 07625,BEN
10007626,BENEFICIARIO 07626,001000007626,PEN,5577.48,SCBLPEPLXXX,PAGO PROVEEDOR 07626,SHA
10007627,BENEFICIARIO 07627,001000007627,PEN,5578.21,CITIPEPLXXX,PAGO PROVEEDOR 07627,OUR
10007628,BENEFICIARIO 07628,001000007628,PEN,5578.94,BCPLPEPLXXX,PAGO PROVEEDOR 07628,BEN
10007629,BENEFICIARIO 07629,001000007629,PEN,5579.67,BINPPEPLXXX,PAGO PROVEEDOR 07629,SHA
10007630,BENEFICIARIO 07630,001000007630,USD,5580.40,SCBLPEPLXXX,PAGO PROVEEDOR 07630,OUR
10007631,BENEFICIARIO 07631,001000007631,PEN,5581.13,CITIPEPLXXX,PAGO PROVEEDOR 07631,BEN
10007632,BENEFICIARIO 07632,001000007632,PEN,5581.86,BCPLPEPLXXX,PAGO PROVEEDOR 07632,SHA
10007633,BENEFICIARIO 07633,001000007633,PEN,5582.59,BINPPEPLXXX,PAGO PROVEEDOR 07633,OUR
10007634,BENEFICIARIO 07634,001000007634,PEN,5583.32,SCBLPEPLXXX,PAGO PROVEEDOR 07634,BEN
10007635,BENEFICIARIO 07635,001000007635,USD,5584.05,CITIPEPLXXX,PAGO PROVEEDOR 07635,SHA
10007636,BENEFICIARIO 07636,001000007636,PEN,5584.78,BCPLPEPLXXX,PAGO PROVEEDOR 07636,OUR
10007637,BENEFICIARIO 07637,001000007637,PEN,5585.51,BINPPEPLXXX,PAGO PROVEEDOR 07637,BEN
10007638,BENEFICIARIO 07638,001000007638,PEN,5586.24,SCBLPEPLXXX,PAGO PROVEEDOR 07638,SHA
10007639,BENEFICIARIO 07639,001000007639,PEN,5586.97,CITIPEPLXXX,PAGO PROVEEDOR 07639,OUR
10007640,BENEFICIARIO 07640,001000007640,USD,5587.70,BCPLPEPLXXX,PAGO PROVEEDOR 07640,BEN
10007641,BENEFICIARIO 07641,001000007641,PEN,5588.43,BINPPEPLXXX,PAGO PROVEEDOR 07641,SHA
10007642,BENEFICIARIO 07642,001000007642,PEN,5589.16,SCBLPEPLXXX,PAGO PROVEEDOR 07642,OUR
10007643,BENEFICIARIO 07643,001000007643,PEN,5589.89,CITIPEPLXXX,PAGO PROVEEDOR 07643,BEN
10007644,BENEFICIARIO 07644,001000007644,PEN,5590.62,BCPLPEPLXXX,PAGO PROVEEDOR 07644,SHA
10007645,BENEFICIARIO 07645,001000007645,USD,5591.35,BINPPEPLXXX,PAGO PROVEEDOR 07645,OUR
10007646,BENEFICIARIO 07646,001000007646,PEN,5592.08,SCBLPEPLXXX,PAGO PROVEEDOR 07646,BEN
10007647,BENEFICIARIO 07647,001000007647,PEN,5592.81,CITIPEPLXXX,PAGO PROVEEDOR 07647,SHA
10007648,BENEFICIARIO 07648,001000007648,PEN,5593.54,BCPLPEPLXXX,PAGO PROVEEDOR 07648,OUR
10007649,BENEFICIARIO 07649,001000007649,PEN,5594.27,BINPPEPLXXX,PAGO PROVEEDOR 07649,BEN
10007650,BENEFICIARIO 07650,001000007650,USD,5595.00,SCBLPEPLXXX,PAGO PROVEEDOR 07650,SHA
10007651,BENEFICIARIO 07651,001000007651,PEN,5595.73,CITIPEPLXXX,PAGO PROVEEDOR 07651,OUR
10007652,BENEFICIARIO 07652,001000007652,PEN,5596.46,BCPLPEPLXXX,PAGO PROVEEDOR 07652,BEN
10007653,BENEFICIARIO 07653,001000007653,PEN,5597.19,BINPPEPLXXX,PAGO PROVEEDOR 07653,SHA
10007654,BENEFICIARIO 07654,001000007654,PEN,5597.92,SCBLPEPLXXX,PAGO PROVEEDOR 07654,OUR
10007655,BENEFICIARIO 07655,001000007655,USD,5598.65,CITIPEPLXXX,PAGO PROVEEDOR 07655,BEN
10007656,BENEFICIARIO 07656,001000007656,PEN,5599.38,BCPLPEPLXXX,PAGO PROVEEDOR 07656,SHA
10007657,BENEFICIARIO 07657,001000007657,PEN,5600.11,BINPPEPLXXX,PAGO PROVEEDOR 07657,OUR
10007658,BENEFICIARIO 07658,001000007658,PEN,5600.84,SCBLPEPLXXX,PAGO PROVEEDOR 07658,BEN
10007659,BENEFICIARIO 07659,001000007659,PEN,5601.57,CITIPEPLXXX,PAGO PROVEEDOR 07659,SHA
10007660,BENEFICIARIO 07660,001000007660,USD,5602.30,BCPLPEPLXXX,PAGO PROVEEDOR 07660,OUR
10007661,BENEFICIARIO 07661,001000007661,PEN,5603.03,BINPPEPLXXX,PAGO PROVEEDOR 07661,BEN
10007662,BENEFICIARIO 07662,001000007662,PEN,5603.76,SCBLPEPLXXX,PAGO PROVEEDOR 07662,SHA
10007663,BENEFICIARIO 07663,001000007663,PEN,5604.49,CITIPEPLXXX,PAGO PROVEEDOR 07663,OUR
10007664,BENEFICIARIO 07664,001000007664,PEN,5605.22,BCPLPEPLXXX,PAGO PROVEEDOR 07664,BEN
10007665,BENEFICIARIO 07665,001000007665,USD,5605.95,BINPPEPLXXX,PAGO PROVEEDOR 07665,SHA
10007666,BENEFICIARIO 07666,001000007666,PEN,5606.68,SCBLPEPLXXX,PAGO PROVEEDOR 07666,OUR
10007667,BENEFICIARIO 07667,001000007667,PEN,5607.41,CITIPEPLXXX,PAGO PROVEEDOR 07667,BEN
10007668,BENEFICIARIO 07668,001000007668,PEN,5608.14,BCPLPEPLXXX,PAGO PROVEEDOR 07668,SHA
10007669,BENEFICIARIO 07669,001000007669,PEN,5608.87,BINPPEPLXXX,PAGO PROVEEDOR 07669,OUR
10007670,BENEFICIARIO 07670,001000007670,USD,5609.60,SCBLPEPLXXX,PAGO PROVEEDOR 07670,BEN
10007671,BENEFICIARIO 07671,001000007671,PEN,5610.33,CITIPEPLXXX,PAGO PROVEEDOR 07671,SHA
10007672,BENEFICIARIO 07672,001000007672,PEN,5611.06,BCPLPEPLXXX,PAGO PROVEEDOR 07672,OUR
10007673,BENEFICIARIO 07673,001000007673,PEN,5611.79,BINPPEPLXXX,PAGO PROVEEDOR 07673,BEN
10007674,BENEFICIARIO 07674,001000007674,PEN,5612.52,SCBLPEPLXXX,PAGO PROVEEDOR 07674,SHA
10007675,BENEFICIARIO 07675,001000007675,USD,5613.25,CITIPEPLXXX,PAGO PROVEEDOR 07675,OUR
10007676,BENEFICIARIO 07676,001000007676,PEN,5613.98,BCPLPEPLXXX,PAGO PROVEEDOR 07676,BEN
10007677,BENEFICIARIO 07677,001000007677,PEN,5614.71,BINPPEPLXXX,PAGO PROVEEDOR 07677,SHA
10007678,BENEFICIARIO 07678,001000007678,PEN,5615.44,SCBLPEPLXXX,PAGO PROVEEDOR 07678,OUR
10007679,BENEFICIARIO 07679,001000007679,PEN,5616.17,CITIPEPLXXX,PAGO PROVEEDOR 07679,BEN
10007680,BENEFICIARIO 07680,001000007680,USD,5616.90,BCPLPEPLXXX,PAGO PROVEEDOR 07680,SHA
10007681,BENEFICIARIO 07681,001000007681,PEN,5617.63,BINPPEPLXXX,PAGO PROVEEDOR 07681,OUR
10007682,BENEFICIARIO 07682,001000007682,PEN,5618.36,SCBLPEPLXXX,PAGO PROVEEDOR 07682,BEN
10007683,BENEFICIARIO 07683,001000007683,PEN,5619.09,CITIPEPLXXX,PAGO PROVEEDOR 07683,SHA
10007684,BENEFICIARIO 07684,001000007684,PEN,5619.82,BCPLPEPLXXX,PAGO PROVEEDOR 07684,OUR
10007685,BENEFICIARIO 07685,001000007685,USD,5620.55,BINPPEPLXXX,PAGO PROVEEDOR 07685,BEN
10007686,BENEFICIARIO 07686,001000007686,PEN,5621.28,SCBLPEPLXXX,PAGO PROVEEDOR 07686,SHA
10007687,BENEFICIARIO 07687,001000007687,PEN,5622.01,CITIPEPLXXX,PAGO PROVEEDOR 07687,OUR
10007688,BENEFICIARIO 07688,001000007688,PEN,5622.74,BCPLPEPLXXX,PAGO PROVEEDOR 07688,BEN
10007689,BENEFICIARIO 07689,001000007689,PEN,5623.47,BINPPEPLXXX,PAGO PROVEEDOR 07689,SHA
10007690,BENEFICIARIO 07690,001000007690,USD,5624.20,SCBLPEPLXXX,PAGO PROVEEDOR 07690,OUR
10007691,BENEFICIARIO 07691,001000007691,PEN,5624.93,CITIPEPLXXX,PAGO PROVEEDOR 07691,BEN
10007692,BENEFICIARIO 07692,001000007692,PEN,5625.66,BCPLPEPLXXX,PAGO PROVEEDOR 07692,SHA
10007693,BENEFICIARIO 07693,001000007693,PEN,5626.39,BINPPEPLXXX,PAGO PROVEEDOR 07693,OUR
10007694,BENEFICIARIO 07694,001000007694,PEN,5627.12,SCBLPEPLXXX,PAGO PROVEEDOR 07694,BEN
10007695,BENEFICIARIO 07695,001000007695,USD,5627.85,CITIPEPLXXX,PAGO PROVEEDOR 07695,SHA
10007696,BENEFICIARIO 07696,001000007696,PEN,5628.58,BCPLPEPLXXX,PAGO PROVEEDOR 07696,OUR
10007697,BENEFICIARIO 07697,001000007697,PEN,5629.31,BINPPEPLXXX,PAGO PROVEEDOR 07697,BEN
10007698,BENEFICIARIO 07698,001000007698,PEN,5630.04,SCBLPEPLXXX,PAGO PROVEEDOR 07698,SHA
10007699,BENEFICIARIO 07699,001000007699,PEN,5630.77,CITIPEPLXXX,PAGO PROVEEDOR 07699,OUR
10007700,BENEFICIARIO 07700,001000007700,USD,5631.50,BCPLPEPLXXX,PAGO PROVEEDOR 07700,BEN
10007701,BENEFICIARIO 07701,001000007701,PEN,5632.23,BINPPEPLXXX,PAGO PROVEEDOR 07701,SHA
10007702,BENEFICIARIO 07702,001000007702,PEN,5632.96,SCBLPEPLXXX,PAGO PROVEEDOR 07702,OUR
10007703,BENEFICIARIO 07703,001000007703,PEN,5633.69,CITIPEPLXXX,PAGO PROVEEDOR 07703,BEN
10007704,BENEFICIARIO 07704,001000007704,PEN,5634.42,BCPLPEPLXXX,PAGO PROVEEDOR 07704,SHA
10007705,BENEFICIARIO 07705,001000007705,USD,5635.15,BINPPEPLXXX,PAGO PROVEEDOR 07705,OUR
10007706,BENEFICIARIO 07706,001000007706,PEN,5635.88,SCBLPEPLXXX,PAGO PROVEEDOR 07706,BEN
10007707,BENEFICIARIO 07707,001000007707,PEN,5636.61,CITIPEPLXXX,PAGO PROVEEDOR 07707,SHA
10007708,BENEFICIARIO 07708,001000007708,PEN,5637.34,BCPLPEPLXXX,PAGO PROVEEDOR 07708,OUR
10007709,BENEFICIARIO 07709,001000007709,PEN,5638.07,BINPPEPLXXX,PAGO PROVEEDOR 07709,BEN
10007710,BENEFICIARIO 07710,001000007710,USD,5638.80,SCBLPEPLXXX,PAGO PROVEEDOR 07710,SHA
10007711,BENEFICIARIO 07711,001000007711,PEN,5639.53,CITIPEPLXXX,PAGO PROVEEDOR 07711,OUR
10007712,BENEFICIARIO 07712,001000007712,PEN,5640.26,BCPLPEPLXXX,PAGO PROVEEDOR 07712,BEN
10007713,BENEFICIARIO 07713,001000007713,PEN,5640.99,BINPPEPLXXX,PAGO PROVEEDOR 07713,SHA
10007714,BENEFICIARIO 07714,001000007714,PEN,5641.72,SCBLPEPLXXX,PAGO PROVEEDOR 07714,OUR
10007715,BENEFICIARIO 07715,001000007715,USD,5642.45,CITIPEPLXXX,PAGO PROVEEDOR 07715,BEN
10007716,BENEFICIARIO 07716,001000007716,PEN,5643.18,BCPLPEPLXXX,PAGO PROVEEDOR 07716,SHA
10007717,BENEFICIARIO 07717,001000007717,PEN,5643.91,BINPPEPLXXX,PAGO PROVEEDOR 07717,OUR
10007718,BENEFICIARIO 07718,001000007718,PEN,5644.64,SCBLPEPLXXX,PAGO PROVEEDOR 07718,BEN
10007719,BENEFICIARIO 07719,001000007719,PEN,5645.37,CITIPEPLXXX,PAGO PROVEEDOR 07719,SHA
10007720,BENEFICIARIO 07720,001000007720,USD,5646.10,BCPLPEPLXXX,PAGO PROVEEDOR 07720,OUR
10007721,BENEFICIARIO 07721,001000007721,PEN,5646.83,BINPPEPLXXX,PAGO PROVEEDOR 07721,BEN
10007722,BENEFICIARIO 07722,001000007722,PEN,5647.56,SCBLPEPLXXX,PAGO PROVEEDOR 07722,SHA
10007723,BENEFICIARIO 07723,001000007723,PEN,5648.29,CITIPEPLXXX,PAGO PROVEEDOR 07723,OUR
10007724,BENEFICIARIO 07724,001000007724,PEN,5649.02,BCPLPEPLXXX,PAGO PROVEEDOR 07724,BEN
10007725,BENEFICIARIO 07725,001000007725,USD,5649.75,BINPPEPLXXX,PAGO PROVEEDOR 07725,SHA
10007726,BENEFICIARIO 07726,001000007726,PEN,5650.48,SCBLPEPLXXX,PAGO PROVEEDOR 07726,OUR
10007727,BENEFICIARIO 07727,001000007727,PEN,5651.21,CITIPEPLXXX,PAGO PROVEEDOR 07727,BEN
10007728,BENEFICIARIO 07728,001000007728,PEN,5651.94,BCPLPEPLXXX,PAGO PROVEEDOR 07728,SHA
10007729,BENEFICIARIO 07729,001000007729,PEN,5652.67,BINPPEPLXXX,PAGO PROVEEDOR 07729,OUR
10007730,BENEFICIARIO 07730,001000007730,USD,5653.40,SCBLPEPLXXX,PAGO PROVEEDOR 07730,BEN
10007731,BENEFICIARIO 07731,001000007731,PEN,5654.13,CITIPEPLXXX,PAGO PROVEEDOR 07731,SHA
10007732,BENEFICIARIO 07732,001000007732,PEN,5654.86,BCPLPEPLXXX,PAGO PROVEEDOR 07732,OUR
10007733,BENEFICIARIO 07733,001000007733,PEN,5655.59,BINPPEPLXXX,PAGO PROVEEDOR 07733,BEN
10007734,BENEFICIARIO 07734,001000007734,PEN,5656.32,SCBLPEPLXXX,PAGO PROVEEDOR 07734,SHA
10007735,BENEFICIARIO 07735,001000007735,USD,5657.05,CITIPEPLXXX,PAGO PROVEEDOR 07735,OUR
10007736,BENEFICIARIO 07736,001000007736,PEN,5657.78,BCPLPEPLXXX,PAGO PROVEEDOR 07736,BEN
10007737,BENEFICIARIO 07737,001000007737,PEN,5658.51,BINPPEPLXXX,PAGO PROVEEDOR 07737,SHA
10007738,BENEFICIARIO 07738,001000007738,PEN,5659.24,SCBLPEPLXXX,PAGO PROVEEDOR 07738,OUR
10007739,BENEFICIARIO 07739,001000007739,PEN,5659.97,CITIPEPLXXX,PAGO PROVEEDOR 07739,BEN
10007740,BENEFICIARIO 07740,001000007740,USD,5660.70,BCPLPEPLXXX,PAGO PROVEEDOR 07740,SHA
10007741,BENEFICIARIO 07741,001000007741,PEN,5661.43,BINPPEPLXXX,PAGO PROVEEDOR 07741,OUR
10007742,BENEFICIARIO 07742,001000007742,PEN,5662.16,SCBLPEPLXXX,PAGO PROVEEDOR 07742,BEN
10007743,BENEFICIARIO 07743,001000007743,PEN,5662.89,CITIPEPLXXX,PAGO PROVEEDOR 07743,SHA
10007744,BENEFICIARIO 07744,001000007744,PEN,5663.62,BCPLPEPLXXX,PAGO PROVEEDOR 07744,OUR
10007745,BENEFICIARIO 07745,001000007745,USD,5664.35,BINPPEPLXXX,PAGO PROVEEDOR 07745,BEN
10007746,BENEFICIARIO 07746,001000007746,PEN,5665.08,SCBLPEPLXXX,PAGO PROVEEDOR 07746,SHA
10007747,BENEFICIARIO 07747,001000007747,PEN,5665.81,CITIPEPLXXX,PAGO PROVEEDOR 07747,OUR
10007748,BENEFICIARIO 07748,001000007748,PEN,5666.54,BCPLPEPLXXX,PAGO PROVEEDOR 07748,BEN
10007749,BENEFICIARIO 07749,001000007749,PEN,5667.27,BINPPEPLXXX,PAGO PROVEEDOR 07749,SHA
10007750,BENEFICIARIO 07750,001000007750,USD,5668.00,SCBLPEPLXXX,PAGO PROVEEDOR 07750,OUR
10007751,BENEFICIARIO 07751,001000007751,PEN,5668.73,CITIPEPLXXX,PAGO PROVEEDOR 07751,BEN
10007752,BENEFICIARIO 07752,001000007752,PEN,5669.46,BCPLPEPLXXX,PAGO PROVEEDOR 07752,SHA
10007753,BENEFICIARIO 07753,001000007753,PEN,5670.19,BINPPEPLXXX,PAGO PROVEEDOR 07753,OUR
10007754,BENEFICIARIO 07754,001000007754,PEN,5670.92,SCBLPEPLXXX,PAGO PROVEEDOR 07754,BEN
10007755,BENEFICIARIO 07755,001000007755,USD,5671.65,CITIPEPLXXX,PAGO PROVEEDOR 07755,SHA
10007756,BENEFICIARIO 07756,001000007756,PEN,5672.38,BCPLPEPLXXX,PAGO PROVEEDOR 07756,OUR
10007757,BENEFICIARIO 07757,001000007757,PEN,5673.11,BINPPEPLXXX,PAGO PROVEEDOR 07757,BEN
10007758,BENEFICIARIO 07758,001000007758,PEN,5673.84,SCBLPEPLXXX,PAGO PROVEEDOR 07758,SHA
10007759,BENEFICIARIO 07759,001000007759,PEN,5674.57,CITIPEPLXXX,PAGO PROVEEDOR 07759,OUR
10007760,BENEFICIARIO 07760,001000007760,USD,5675.30,BCPLPEPLXXX,PAGO PROVEEDOR 07760,BEN
10007761,BENEFICIARIO 07761,001000007761,PEN,5676.03,BINPPEPLXXX,PAGO PROVEEDOR 07761,SHA
10007762,BENEFICIARIO 07762,001000007762,PEN,5676.76,SCBLPEPLXXX,PAGO PROVEEDOR 07762,OUR
10007763,BENEFICIARIO 07763,001000007763,PEN,5677.49,CITIPEPLXXX,PAGO PROVEEDOR 07763,BEN
10007764,BENEFICIARIO 07764,001000007764,PEN,5678.22,BCPLPEPLXXX,PAGO PROVEEDOR 07764,SHA
10007765,BENEFICIARIO 07765,001000007765,USD,5678.95,BINPPEPLXXX,PAGO PROVEEDOR 07765,OUR
10007766,BENEFICIARIO 07766,001000007766,PEN,5679.68,SCBLPEPLXXX,PAGO PROVEEDOR 07766,BEN
10007767,BENEFICIARIO 07767,001000007767,PEN,5680.41,CITIPEPLXXX,PAGO PROVEEDOR 07767,SHA
10007768,BENEFICIARIO 07768,001000007768,PEN,5681.14,BCPLPEPLXXX,PAGO PROVEEDOR 07768,OUR
10007769,BENEFICIARIO 07769,001000007769,PEN,5681.87,BINPPEPLXXX,PAGO PROVEEDOR 07769,BEN
10007770,BENEFICIARIO 07770,001000007770,USD,5682.60,SCBLPEPLXXX,PAGO PROVEEDOR 07770,SHA
10007771,BENEFICIARIO 07771,001000007771,PEN,5683.33,CITIPEPLXXX,PAGO PROVEEDOR 07771,OUR
10007772,BENEFICIARIO 07772,001000007772,PEN,5684.06,BCPLPEPLXXX,PAGO PROVEEDOR 07772,BEN
10007773,BENEFICIARIO 07773,001000007773,PEN,5684.79,BINPPEPLXXX,PAGO PROVEEDOR 07773,SHA
10007774,BENEFICIARIO 07774,001000007774,PEN,5685.52,SCBLPEPLXXX,PAGO PROVEEDOR 07774,OUR
10007775,BENEFICIARIO 07775,001000007775,USD,5686.25,CITIPEPLXXX,PAGO PROVEEDOR 07775,BEN
10007776,BENEFICIARIO 07776,001000007776,PEN,5686.98,BCPLPEPLXXX,PAGO PROVEEDOR 07776,SHA
10007777,BENEFICIARIO 07777,001000007777,PEN,5687.71,BINPPEPLXXX,PAGO PROVEEDOR 07777,OUR
10007778,BENEFICIARIO 07778,001000007778,PEN,5688.44,SCBLPEPLXXX,PAGO PROVEEDOR 07778,BEN
10007779,BENEFICIARIO 07779,001000007779,PEN,5689.17,CITIPEPLXXX,PAGO PROVEEDOR 07779,SHA
10007780,BENEFICIARIO 07780,001000007780,USD,5689.90,BCPLPEPLXXX,PAGO PROVEEDOR 07780,OUR
10007781,BENEFICIARIO 07781,001000007781,PEN,5690.63,BINPPEPLXXX,PAGO PROVEEDOR 07781,BEN
10007782,BENEFICIARIO 07782,001000007782,PEN,5691.36,SCBLPEPLXXX,PAGO PROVEEDOR 07782,SHA
10007783,BENEFICIARIO 07783,001000007783,PEN,5692.09,CITIPEPLXXX,PAGO PROVEEDOR 07783,OUR
10007784,BENEFICIARIO 07784,001000007784,PEN,5692.82,BCPLPEPLXXX,PAGO PROVEEDOR 07784,BEN
10007785,BENEFICIARIO 07785,001000007785,USD,5693.55,BINPPEPLXXX,PAGO PROVEEDOR 07785,SHA
10007786,BENEFICIARIO 07786,001000007786,PEN,5694.28,SCBLPEPLXXX,PAGO PROVEEDOR 07786,OUR
10007787,BENEFICIARIO 07787,001000007787,PEN,5695.01,CITIPEPLXXX,PAGO PROVEEDOR 07787,BEN
10007788,BENEFICIARIO 07788,001000007788,PEN,5695.74,BCPLPEPLXXX,PAGO PROVEEDOR 07788,SHA
10007789,BENEFICIARIO 07789,001000007789,PEN,5696.47,BINPPEPLXXX,PAGO PROVEEDOR 07789,OUR
10007790,BENEFICIARIO 07790,001000007790,USD,5697.20,SCBLPEPLXXX,PAGO PROVEEDOR 07790,BEN
10007791,BENEFICIARIO 07791,001000007791,PEN,5697.93,CITIPEPLXXX,PAGO PROVEEDOR 07791,SHA
10007792,BENEFICIARIO 07792,001000007792,PEN,5698.66,BCPLPEPLXXX,PAGO PROVEEDOR 07792,OUR
10007793,BENEFICIARIO 07793,001000007793,PEN,5699.39,BINPPEPLXXX,PAGO PROVEEDOR 07793,BEN
10007794,BENEFICIARIO 07794,001000007794,PEN,5700.12,SCBLPEPLXXX,PAGO PROVEEDOR 07794,SHA
10007795,BENEFICIARIO 07795,001000007795,USD,5700.85,CITIPEPLXXX,PAGO PROVEEDOR 07795,OUR
10007796,BENEFICIARIO 07796,001000007796,PEN,5701.58,BCPLPEPLXXX,PAGO PROVEEDOR 07796,BEN
10007797,BENEFICIARIO 07797,001000007797,PEN,5702.31,BINPPEPLXXX,PAGO PROVEEDOR 07797,SHA
10007798,BENEFICIARIO 07798,001000007798,PEN,5703.04,SCBLPEPLXXX,PAGO PROVEEDOR 07798,OUR
10007799,BENEFICIARIO 07799,001000007799,PEN,5703.77,CITIPEPLXXX,PAGO PROVEEDOR 07799,BEN
10007800,BENEFICIARIO 07800,001000007800,USD,5704.50,BCPLPEPLXXX,PAGO PROVEEDOR 07800,SHA
10007801,BENEFICIARIO 07801,001000007801,PEN,5705.23,BINPPEPLXXX,PAGO PROVEEDOR 07801,OUR
10007802,BENEFICIARIO 07802,001000007802,PEN,5705.96,SCBLPEPLXXX,PAGO PROVEEDOR 07802,BEN
10007803,BENEFICIARIO 07803,001000007803,PEN,5706.69,CITIPEPLXXX,PAGO PROVEEDOR 07803,SHA
10007804,BENEFICIARIO 07804,001000007804,PEN,5707.42,BCPLPEPLXXX,PAGO PROVEEDOR 07804,OUR
10007805,BENEFICIARIO 07805,001000007805,USD,5708.15,BINPPEPLXXX,PAGO PROVEEDOR 07805,BEN
10007806,BENEFICIARIO 07806,001000007806,PEN,5708.88,SCBLPEPLXXX,PAGO PROVEEDOR 07806,SHA
10007807,BENEFICIARIO 07807,001000007807,PEN,5709.61,CITIPEPLXXX,PAGO PROVEEDOR 07807,OUR
10007808,BENEFICIARIO 07808,001000007808,PEN,5710.34,BCPLPEPLXXX,PAGO PROVEEDOR 07808,BEN
10007809,BENEFICIARIO 07809,001000007809,PEN,5711.07,BINPPEPLXXX,PAGO PROVEEDOR 07809,SHA
10007810,BENEFICIARIO 07810,001000007810,USD,5711.80,SCBLPEPLXXX,PAGO PROVEEDOR 07810,OUR
10007811,BENEFICIARIO 07811,001000007811,PEN,5712.53,CITIPEPLXXX,PAGO PROVEEDOR 07811,BEN
10007812,BENEFICIARIO 07812,001000007812,PEN,5713.26,BCPLPEPLXXX,PAGO PROVEEDOR 07812,SHA
10007813,BENEFICIARIO 07813,001000007813,PEN,5713.99,BINPPEPLXXX,PAGO PROVEEDOR 07813,OUR
10007814,BENEFICIARIO 07814,001000007814,PEN,5714.72,SCBLPEPLXXX,PAGO PROVEEDOR 07814,BEN
10007815,BENEFICIARIO 07815,001000007815,USD,5715.45,CITIPEPLXXX,PAGO PROVEEDOR 07815,SHA
10007816,BENEFICIARIO 07816,001000007816,PEN,5716.18,BCPLPEPLXXX,PAGO PROVEEDOR 07816,OUR
10007817,BENEFICIARIO 07817,001000007817,PEN,5716.91,BINPPEPLXXX,PAGO PROVEEDOR 07817,BEN
10007818,BENEFICIARIO 07818,001000007818,PEN,5717.64,SCBLPEPLXXX,PAGO PROVEEDOR 07818,SHA
10007819,BENEFICIARIO 07819,001000007819,PEN,5718.37,CITIPEPLXXX,PAGO PROVEEDOR 07819,OUR
10007820,BENEFICIARIO 07820,001000007820,USD,5719.10,BCPLPEPLXXX,PAGO PROVEEDOR 07820,BEN
10007821,BENEFICIARIO 07821,001000007821,PEN,5719.83,BINPPEPLXXX,PAGO PROVEEDOR 07821,SHA
10007822,BENEFICIARIO 07822,001000007822,PEN,5720.56,SCBLPEPLXXX,PAGO PROVEEDOR 07822,OUR
10007823,BENEFICIARIO 07823,001000007823,PEN,5721.29,CITIPEPLXXX,PAGO PROVEEDOR 07823,BEN
10007824,BENEFICIARIO 07824,001000007824,PEN,5722.02,BCPLPEPLXXX,PAGO PROVEEDOR 07824,SHA
10007825,BENEFICIARIO 07825,001000007825,USD,5722.75,BINPPEPLXXX,PAGO PROVEEDOR 07825,OUR
10007826,BENEFICIARIO 07826,001000007826,PEN,5723.48,SCBLPEPLXXX,PAGO PROVEEDOR 07826,BEN
10007827,BENEFICIARIO 07827,001000007827,PEN,5724.21,CITIPEPLXXX,PAGO PROVEEDOR 07827,SHA
10007828,BENEFICIARIO 07828,001000007828,PEN,5724.94,BCPLPEPLXXX,PAGO PROVEEDOR 07828,OUR
10007829,BENEFICIARIO 07829,001000007829,PEN,5725.67,BINPPEPLXXX,PAGO PROVEEDOR 07829,BEN
10007830,BENEFICIARIO 07830,001000007830,USD,5726.40,SCBLPEPLXXX,PAGO PROVEEDOR 07830,SHA
10007831,BENEFICIARIO 07831,001000007831,PEN,5727.13,CITIPEPLXXX,PAGO PROVEEDOR 07831,OUR
10007832,BENEFICIARIO 07832,001000007832,PEN,5727.86,BCPLPEPLXXX,PAGO PROVEEDOR 07832,BEN
10007833,BENEFICIARIO 07833,001000007833,PEN,5728.59,BINPPEPLXXX,PAGO PROVEEDOR 07833,SHA
10007834,BENEFICIARIO 07834,001000007834,PEN,5729.32,SCBLPEPLXXX,PAGO PROVEEDOR 07834,OUR
10007835,BENEFICIARIO 07835,001000007835,USD,5730.05,CITIPEPLXXX,PAGO PROVEEDOR 07835,BEN
10007836,BENEFICIARIO 07836,001000007836,PEN,5730.78,BCPLPEPLXXX,PAGO PROVEEDOR 07836,SHA
10007837,BENEFICIARIO 07837,001000007837,PEN,5731.51,BINPPEPLXXX,PAGO PROVEEDOR 07837,OUR
10007838,BENEFICIARIO 07838,001000007838,PEN,5732.24,SCBLPEPLXXX,PAGO PROVEEDOR 07838,BEN
10007839,BENEFICIARIO 07839,001000007839,PEN,5732.97,CITIPEPLXXX,PAGO PROVEEDOR 07839,SHA
10007840,BENEFICIARIO 07840,001000007840,USD,5733.70,BCPLPEPLXXX,PAGO PROVEEDOR 07840,OUR
10007841,BENEFICIARIO 07841,001000007841,PEN,5734.43,BINPPEPLXXX,PAGO PROVEEDOR 07841,BEN
10007842,BENEFICIARIO 07842,001000007842,PEN,5735.16,SCBLPEPLXXX,PAGO PROVEEDOR 07842,SHA
10007843,BENEFICIARIO 07843,001000007843,PEN,5735.89,CITIPEPLXXX,PAGO PROVEEDOR 07843,OUR
10007844,BENEFICIARIO 07844,001000007844,PEN,5736.62,BCPLPEPLXXX,PAGO PROVEEDOR 07844,BEN
10007845,BENEFICIARIO 07845,001000007845,USD,5737.35,BINPPEPLXXX,PAGO PROVEEDOR 07845,SHA
10007846,BENEFICIARIO 07846,001000007846,PEN,5738.08,SCBLPEPLXXX,PAGO PROVEEDOR 07846,OUR
10007847,BENEFICIARIO 07847,001000007847,PEN,5738.81,CITIPEPLXXX,PAGO PROVEEDOR 07847,BEN
10007848,BENEFICIARIO 07848,001000007848,PEN,5739.54,BCPLPEPLXXX,PAGO PROVEEDOR 07848,SHA
10007849,BENEFICIARIO 07849,001000007849,PEN,5740.27,BINPPEPLXXX,PAGO PROVEEDOR 07849,OUR
10007850,BENEFICIARIO 07850,001000007850,USD,5741.00,SCBLPEPLXXX,PAGO PROVEEDOR 07850,BEN
10007851,BENEFICIARIO 07851,001000007851,PEN,5741.73,CITIPEPLXXX,PAGO PROVEEDOR 07851,SHA
10007852,BENEFICIARIO 07852,001000007852,PEN,5742.46,BCPLPEPLXXX,PAGO PROVEEDOR 07852,OUR
10007853,BENEFICIARIO 07853,001000007853,PEN,5743.19,BINPPEPLXXX,PAGO PROVEEDOR 07853,BEN
10007854,BENEFICIARIO 07854,001000007854,PEN,5743.92,SCBLPEPLXXX,PAGO PROVEEDOR 07854,SHA
10007855,BENEFICIARIO 07855,001000007855,USD,5744.65,CITIPEPLXXX,PAGO PROVEEDOR 07855,OUR
10007856,BENEFICIARIO 07856,001000007856,PEN,5745.38,BCPLPEPLXXX,PAGO PROVEEDOR 07856,BEN
10007857,BENEFICIARIO 07857,001000007857,PEN,5746.11,BINPPEPLXXX,PAGO PROVEEDOR 07857,SHA
10007858,BENEFICIARIO 07858,001000007858,PEN,5746.84,SCBLPEPLXXX,PAGO PROVEEDOR 07858,OUR
10007859,BENEFICIARIO 07859,001000007859,PEN,5747.57,CITIPEPLXXX,PAGO PROVEEDOR 07859,BEN
10007860,BENEFICIARIO 07860,001000007860,USD,5748.30,BCPLPEPLXXX,PAGO PROVEEDOR 07860,SHA
10007861,BENEFICIARIO 07861,001000007861,PEN,5749.03,BINPPEPLXXX,PAGO PROVEEDOR 07861,OUR
10007862,BENEFICIARIO 07862,001000007862,PEN,5749.76,SCBLPEPLXXX,PAGO PROVEEDOR 07862,BEN
10007863,BENEFICIARIO 07863,001000007863,PEN,5750.49,CITIPEPLXXX,PAGO PROVEEDOR 07863,SHA
10007864,BENEFICIARIO 07864,001000007864,PEN,5751.22,BCPLPEPLXXX,PAGO PROVEEDOR 07864,OUR
10007865,BENEFICIARIO 07865,001000007865,USD,5751.95,BINPPEPLXXX,PAGO PROVEEDOR 07865,BEN
10007866,BENEFICIARIO 07866,001000007866,PEN,5752.68,SCBLPEPLXXX,PAGO PROVEEDOR 07866,SHA
10007867,BENEFICIARIO 07867,001000007867,PEN,5753.41,CITIPEPLXXX,PAGO PROVEEDOR 07867,OUR
10007868,BENEFICIARIO 07868,001000007868,PEN,5754.14,BCPLPEPLXXX,PAGO PROVEEDOR 07868,BEN
10007869,BENEFICIARIO 07869,001000007869,PEN,5754.87,BINPPEPLXXX,PAGO PROVEEDOR 07869,SHA
10007870,BENEFICIARIO 07870,001000007870,USD,5755.60,SCBLPEPLXXX,PAGO PROVEEDOR 07870,OUR
10007871,BENEFICIARIO 07871,001000007871,PEN,5756.33,CITIPEPLXXX,PAGO PROVEEDOR 07871,BEN
10007872,BENEFICIARIO 07872,001000007872,PEN,5757.06,BCPLPEPLXXX,PAGO PROVEEDOR 07872,SHA
10007873,BENEFICIARIO 07873,001000007873,PEN,5757.79,BINPPEPLXXX,PAGO PROVEEDOR 07873,OUR
10007874,BENEFICIARIO 07874,001000007874,PEN,5758.52,SCBLPEPLXXX,PAGO PROVEEDOR 07874,BEN
10007875,BENEFICIARIO 07875,001000007875,USD,5759.25,CITIPEPLXXX,PAGO PROVEEDOR 07875,SHA
10007876,BENEFICIARIO 07876,001000007876,PEN,5759.98,BCPLPEPLXXX,PAGO PROVEEDOR 07876,OUR
10007877,BENEFICIARIO 07877,001000007877,PEN,5760.71,BINPPEPLXXX,PAGO PROVEEDOR 07877,BEN
10007878,BENEFICIARIO 07878,001000007878,PEN,5761.44,SCBLPEPLXXX,PAGO PROVEEDOR 07878,SHA
10007879,BENEFICIARIO 07879,001000007879,PEN,5762.17,CITIPEPLXXX,PAGO PROVEEDOR 07879,OUR
10007880,BENEFICIARIO 07880,001000007880,USD,5762.90,BCPLPEPLXXX,PAGO PROVEEDOR 07880,BEN
10007881,BENEFICIARIO 07881,001000007881,PEN,5763.63,BINPPEPLXXX,PAGO PROVEEDOR 07881,SHA
10007882,BENEFICIARIO 07882,001000007882,PEN,5764.36,SCBLPEPLXXX,PAGO PROVEEDOR 07882,OUR
10007883,BENEFICIARIO 07883,001000007883,PEN,5765.09,CITIPEPLXXX,PAGO PROVEEDOR 07883,BEN
10007884,BENEFICIARIO 07884,001000007884,PEN,5765.82,BCPLPEPLXXX,PAGO PROVEEDOR 07884,SHA
10007885,BENEFICIARIO 07885,001000007885,USD,5766.55,BINPPEPLXXX,PAGO PROVEEDOR 07885,OUR
10007886,BENEFICIARIO 07886,001000007886,PEN,5767.28,SCBLPEPLXXX,PAGO PROVEEDOR 07886,BEN
10007887,BENEFICIARIO 07887,001000007887,PEN,5768.01,CITIPEPLXXX,PAGO PROVEEDOR 07887,SHA
10007888,BENEFICIARIO 07888,001000007888,PEN,5768.74,BCPLPEPLXXX,PAGO PROVEEDOR 07888,OUR
10007889,BENEFICIARIO 07889,001000007889,PEN,5769.47,BINPPEPLXXX,PAGO PROVEEDOR 07889,BEN
10007890,BENEFICIARIO 07890,001000007890,USD,5770.20,SCBLPEPLXXX,PAGO PROVEEDOR 07890,SHA
10007891,BENEFICIARIO 07891,001000007891,PEN,5770.93,CITIPEPLXXX,PAGO PROVEEDOR 07891,OUR
10007892,BENEFICIARIO 07892,001000007892,PEN,5771.66,BCPLPEPLXXX,PAGO PROVEEDOR 07892,BEN
10007893,BENEFICIARIO 07893,001000007893,PEN,5772.39,BINPPEPLXXX,PAGO PROVEEDOR 07893,SHA
10007894,BENEFICIARIO 07894,001000007894,PEN,5773.12,SCBLPEPLXXX,PAGO PROVEEDOR 07894,OUR
10007895,BENEFICIARIO 07895,001000007895,USD,5773.85,CITIPEPLXXX,PAGO PROVEEDOR 07895,BEN
10007896,BENEFICIARIO 07896,001000007896,PEN,5774.58,BCPLPEPLXXX,PAGO PROVEEDOR 07896,SHA
10007897,BENEFICIARIO 07897,001000007897,PEN,5775.31,BINPPEPLXXX,PAGO PROVEEDOR 07897,OUR
10007898,BENEFICIARIO 07898,001000007898,PEN,5776.04,SCBLPEPLXXX,PAGO PROVEEDOR 07898,BEN
10007899,BENEFICIARIO 07899,001000007899,PEN,5776.77,CITIPEPLXXX,PAGO PROVEEDOR 07899,SHA
10007900,BENEFICIARIO 07900,001000007900,USD,5777.50,BCPLPEPLXXX,PAGO PROVEEDOR 07900,OUR
10007901,BENEFICIARIO 07901,001000007901,PEN,5778.23,BINPPEPLXXX,PAGO PROVEEDOR 07901,BEN
10007902,BENEFICIARIO 07902,001000007902,PEN,5778.96,SCBLPEPLXXX,PAGO PROVEEDOR 07902,SHA
10007903,BENEFICIARIO 07903,001000007903,PEN,5779.69,CITIPEPLXXX,PAGO PROVEEDOR 07903,OUR
10007904,BENEFICIARIO 07904,001000007904,PEN,5780.42,BCPLPEPLXXX,PAGO PROVEEDOR 07904,BEN
10007905,BENEFICIARIO 07905,001000007905,USD,5781.15,BINPPEPLXXX,PAGO PROVEEDOR 07905,SHA
10007906,BENEFICIARIO 07906,001000007906,PEN,5781.88,SCBLPEPLXXX,PAGO PROVEEDOR 07906,OUR
10007907,BENEFICIARIO 07907,001000007907,PEN,5782.61,CITIPEPLXXX,PAGO PROVEEDOR 07907,BEN
10007908,BENEFICIARIO 07908,001000007908,PEN,5783.34,BCPLPEPLXXX,PAGO PROVEEDOR 07908,SHA
10007909,BENEFICIARIO 07909,001000007909,PEN,5784.07,BINPPEPLXXX,PAGO PROVEEDOR 07909,OUR
10007910,BENEFICIARIO 07910,001000007910,USD,5784.80,SCBLPEPLXXX,PAGO PROVEEDOR 07910,BEN
10007911,BENEFICIARIO 07911,001000007911,PEN,5785.53,CITIPEPLXXX,PAGO PROVEEDOR 07911,SHA
10007912,BENEFICIARIO 07912,001000007912,PEN,5786.26,BCPLPEPLXXX,PAGO PROVEEDOR 07912,OUR
10007913,BENEFICIARIO 07913,001000007913,PEN,5786.99,BINPPEPLXXX,PAGO PROVEEDOR 07913,BEN
10007914,BENEFICIARIO 07914,001000007914,PEN,5787.72,SCBLPEPLXXX,PAGO PROVEEDOR 07914,SHA
10007915,BENEFICIARIO 07915,001000007915,USD,5788.45,CITIPEPLXXX,PAGO PROVEEDOR 07915,OUR
10007916,BENEFICIARIO 07916,001000007916,PEN,5789.18,BCPLPEPLXXX,PAGO PROVEEDOR 07916,BEN
10007917,BENEFICIARIO 07917,001000007917,PEN,5789.91,BINPPEPLXXX,PAGO PROVEEDOR 07917,SHA
10007918,BENEFICIARIO 07918,001000007918,PEN,5790.64,SCBLPEPLXXX,PAGO PROVEEDOR 07918,OUR
10007919,BENEFICIARIO 07919,001000007919,PEN,5791.37,CITIPEPLXXX,PAGO PROVEEDOR 07919,BEN
10007920,BENEFICIARIO 07920,001000007920,USD,5792.10,BCPLPEPLXXX,PAGO PROVEEDOR 07920,SHA
10007921,BENEFICIARIO 07921,001000007921,PEN,5792.83,BINPPEPLXXX,PAGO PROVEEDOR 07921,OUR
10007922,BENEFICIARIO 07922,001000007922,PEN,5793.56,SCBLPEPLXXX,PAGO PROVEEDOR 07922,BEN
10007923,BENEFICIARIO 07923,001000007923,PEN,5794.29,CITIPEPLXXX,PAGO PROVEEDOR 07923,SHA
10007924,BENEFICIARIO 07924,001000007924,PEN,5795.02,BCPLPEPLXXX,PAGO PROVEEDOR 07924,OUR
10007925,BENEFICIARIO 07925,001000007925,USD,5795.75,BINPPEPLXXX,PAGO PROVEEDOR 07925,BEN
10007926,BENEFICIARIO 07926,001000007926,PEN,5796.48,SCBLPEPLXXX,PAGO PROVEEDOR 07926,SHA
10007927,BENEFICIARIO 07927,001000007927,PEN,5797.21,CITIPEPLXXX,PAGO PROVEEDOR 07927,OUR
10007928,BENEFICIARIO 07928,001000007928,PEN,5797.94,BCPLPEPLXXX,PAGO PROVEEDOR 07928,BEN
10007929,BENEFICIARIO 07929,001000007929,PEN,5798.67,BINPPEPLXXX,PAGO PROVEEDOR 07929,SHA
10007930,BENEFICIARIO 07930,001000007930,USD,5799.40,SCBLPEPLXXX,PAGO PROVEEDOR 07930,OUR
10007931,BENEFICIARIO 07931,001000007931,PEN,5800.13,CITIPEPLXXX,PAGO PROVEEDOR 07931,BEN
10007932,BENEFICIARIO 07932,001000007932,PEN,5800.86,BCPLPEPLXXX,PAGO PROVEEDOR 07932,SHA
10007933,BENEFICIARIO 07933,001000007933,PEN,5801.59,BINPPEPLXXX,PAGO PROVEEDOR 07933,OUR
10007934,BENEFICIARIO 07934,001000007934,PEN,5802.32,SCBLPEPLXXX,PAGO PROVEEDOR 07934,BEN
10007935,BENEFICIARIO 07935,001000007935,USD,5803.05,CITIPEPLXXX,PAGO PROVEEDOR 07935,SHA
10007936,BENEFICIARIO 07936,001000007936,PEN,5803.78,BCPLPEPLXXX,PAGO PROVEEDOR 07936,OUR
10007937,BENEFICIARIO 07937,001000007937,PEN,5804.51,BINPPEPLXXX,PAGO PROVEEDOR 07937,BEN
10007938,BENEFICIARIO 07938,001000007938,PEN,5805.24,SCBLPEPLXXX,PAGO PROVEEDOR 07938,SHA
10007939,BENEFICIARIO 07939,001000007939,PEN,5805.97,CITIPEPLXXX,PAGO PROVEEDOR 07939,OUR
10007940,BENEFICIARIO 07940,001000007940,USD,5806.70,BCPLPEPLXXX,PAGO PROVEEDOR 07940,BEN
10007941,BENEFICIARIO 07941,001000007941,PEN,5807.43,BINPPEPLXXX,PAGO PROVEEDOR 07941,SHA
10007942,BENEFICIARIO 07942,001000007942,PEN,5808.16,SCBLPEPLXXX,PAGO PROVEEDOR 07942,OUR
10007943,BENEFICIARIO 07943,001000007943,PEN,5808.89,CITIPEPLXXX,PAGO PROVEEDOR 07943,BEN
10007944,BENEFICIARIO 07944,001000007944,PEN,5809.62,BCPLPEPLXXX,PAGO PROVEEDOR 07944,SHA
10007945,BENEFICIARIO 07945,001000007945,USD,5810.35,BINPPEPLXXX,PAGO PROVEEDOR 07945,OUR
10007946,BENEFICIARIO 07946,001000007946,PEN,5811.08,SCBLPEPLXXX,PAGO PROVEEDOR 07946,BEN
10007947,BENEFICIARIO 07947,001000007947,PEN,5811.81,CITIPEPLXXX,PAGO PROVEEDOR 07947,SHA
10007948,BENEFICIARIO 07948,001000007948,PEN,5812.54,BCPLPEPLXXX,PAGO PROVEEDOR 07948,OUR
10007949,BENEFICIARIO 07949,001000007949,PEN,5813.27,BINPPEPLXXX,PAGO PROVEEDOR 07949,BEN
10007950,BENEFICIARIO 07950,001000007950,USD,5814.00,SCBLPEPLXXX,PAGO PROVEEDOR 07950,SHA
10007951,BENEFICIARIO 07951,001000007951,PEN,5814.73,CITIPEPLXXX,PAGO PROVEEDOR 07951,OUR
10007952,BENEFICIARIO 07952,001000007952,PEN,5815.46,BCPLPEPLXXX,PAGO PROVEEDOR 07952,BEN
10007953,BENEFICIARIO 07953,001000007953,PEN,5816.19,BINPPEPLXXX,PAGO PROVEEDOR 07953,SHA
10007954,BENEFICIARIO 07954,001000007954,PEN,5816.92,SCBLPEPLXXX,PAGO PROVEEDOR 07954,OUR
10007955,BENEFICIARIO 07955,001000007955,USD,5817.65,CITIPEPLXXX,PAGO PROVEEDOR 07955,BEN
10007956,BENEFICIARIO 07956,001000007956,PEN,5818.38,BCPLPEPLXXX,PAGO PROVEEDOR 07956,SHA
10007957,BENEFICIARIO 07957,001000007957,PEN,5819.11,BINPPEPLXXX,PAGO PROVEEDOR 07957,OUR
10007958,BENEFICIARIO 07958,001000007958,PEN,5819.84,SCBLPEPLXXX,PAGO PROVEEDOR 07958,BEN
10007959,BENEFICIARIO 07959,001000007959,PEN,5820.57,CITIPEPLXXX,PAGO PROVEEDOR 07959,SHA
10007960,BENEFICIARIO 07960,001000007960,USD,5821.30,BCPLPEPLXXX,PAGO PROVEEDOR 07960,OUR
10007961,BENEFICIARIO 07961,001000007961,PEN,5822.03,BINPPEPLXXX,PAGO PROVEEDOR 07961,BEN
10007962,BENEFICIARIO 07962,001000007962,PEN,5822.76,SCBLPEPLXXX,PAGO PROVEEDOR 07962,SHA
10007963,BENEFICIARIO 07963,001000007963,PEN,5823.49,CITIPEPLXXX,PAGO PROVEEDOR 07963,OUR
10007964,BENEFICIARIO 07964,001000007964,PEN,5824.22,BCPLPEPLXXX,PAGO PROVEEDOR 07964,BEN
10007965,BENEFICIARIO 07965,001000007965,USD,5824.95,BINPPEPLXXX,PAGO PROVEEDOR 07965,SHA
10007966,BENEFICIARIO 07966,001000007966,PEN,5825.68,SCBLPEPLXXX,PAGO PROVEEDOR 07966,OUR
10007967,BENEFICIARIO 07967,001000007967,PEN,5826.41,CITIPEPLXXX,PAGO PROVEEDOR 07967,BEN
10007968,BENEFICIARIO 07968,001000007968,PEN,5827.14,BCPLPEPLXXX,PAGO PROVEEDOR 07968,SHA
10007969,BENEFICIARIO 07969,001000007969,PEN,5827.87,BINPPEPLXXX,PAGO PROVEEDOR 07969,OUR
10007970,BENEFICIARIO 07970,001000007970,USD,5828.60,SCBLPEPLXXX,PAGO PROVEEDOR 07970,BEN
10007971,BENEFICIARIO 07971,001000007971,PEN,5829.33,CITIPEPLXXX,PAGO PROVEEDOR 07971,SHA
10007972,BENEFICIARIO 07972,001000007972,PEN,5830.06,BCPLPEPLXXX,PAGO PROVEEDOR 07972,OUR
10007973,BENEFICIARIO 07973,001000007973,PEN,5830.79,BINPPEPLXXX,PAGO PROVEEDOR 07973,BEN
10007974,BENEFICIARIO 07974,001000007974,PEN,5831.52,SCBLPEPLXXX,PAGO PROVEEDOR 07974,SHA
10007975,BENEFICIARIO 07975,001000007975,USD,5832.25,CITIPEPLXXX,PAGO PROVEEDOR 07975,OUR
10007976,BENEFICIARIO 07976,001000007976,PEN,5832.98,BCPLPEPLXXX,PAGO PROVEEDOR 07976,BEN
10007977,BENEFICIARIO 07977,001000007977,PEN,5833.71,BINPPEPLXXX,PAGO PROVEEDOR 07977,SHA
10007978,BENEFICIARIO 07978,001000007978,PEN,5834.44,SCBLPEPLXXX,PAGO PROVEEDOR 07978,OUR
10007979,BENEFICIARIO 07979,001000007979,PEN,5835.17,CITIPEPLXXX,PAGO PROVEEDOR 07979,BEN
10007980,BENEFICIARIO 07980,001000007980,USD,5835.90,BCPLPEPLXXX,PAGO PROVEEDOR 07980,SHA
10007981,BENEFICIARIO 07981,001000007981,PEN,5836.63,BINPPEPLXXX,PAGO PROVEEDOR 07981,OUR
10007982,BENEFICIARIO 07982,001000007982,PEN,5837.36,SCBLPEPLXXX,PAGO PROVEEDOR 07982,BEN
10007983,BENEFICIARIO 07983,001000007983,PEN,5838.09,CITIPEPLXXX,PAGO PROVEEDOR 07983,SHA
10007984,BENEFICIARIO 07984,001000007984,PEN,5838.82,BCPLPEPLXXX,PAGO PROVEEDOR 07984,OUR
10007985,BENEFICIARIO 07985,001000007985,USD,5839.55,BINPPEPLXXX,PAGO PROVEEDOR 07985,BEN
10007986,BENEFICIARIO 07986,001000007986,PEN,5840.28,SCBLPEPLXXX,PAGO PROVEEDOR 07986,SHA
10007987,BENEFICIARIO 07987,001000007987,PEN,5841.01,CITIPEPLXXX,PAGO PROVEEDOR 07987,OUR
10007988,BENEFICIARIO 07988,001000007988,PEN,5841.74,BCPLPEPLXXX,PAGO PROVEEDOR 07988,BEN
10007989,BENEFICIARIO 07989,001000007989,PEN,5842.47,BINPPEPLXXX,PAGO PROVEEDOR 07989,SHA
10007990,BENEFICIARIO 07990,001000007990,USD,5843.20,SCBLPEPLXXX,PAGO PROVEEDOR 07990,OUR
10007991,BENEFICIARIO 07991,001000007991,PEN,5843.93,CITIPEPLXXX,PAGO PROVEEDOR 07991,BEN
10007992,BENEFICIARIO 07992,001000007992,PEN,5844.66,BCPLPEPLXXX,PAGO PROVEEDOR 07992,SHA
10007993,BENEFICIARIO 07993,001000007993,PEN,5845.39,BINPPEPLXXX,PAGO PROVEEDOR 07993,OUR
10007994,BENEFICIARIO 07994,001000007994,PEN,5846.12,SCBLPEPLXXX,PAGO PROVEEDOR 07994,BEN
10007995,BENEFICIARIO 07995,001000007995,USD,5846.85,CITIPEPLXXX,PAGO PROVEEDOR 07995,SHA
10007996,BENEFICIARIO 07996,001000007996,PEN,5847.58,BCPLPEPLXXX,PAGO PROVEEDOR 07996,OUR
10007997,BENEFICIARIO 07997,001000007997,PEN,5848.31,BINPPEPLXXX,PAGO PROVEEDOR 07997,BEN
10007998,BENEFICIARIO 07998,001000007998,PEN,5849.04,SCBLPEPLXXX,PAGO PROVEEDOR 07998,SHA
10007999,BENEFICIARIO 07999,001000007999,PEN,5849.77,CITIPEPLXXX,PAGO PROVEEDOR 07999,OUR
10008000,BENEFICIARIO 08000,001000008000,USD,5850.50,BCPLPEPLXXX,PAGO PROVEEDOR 08000,BEN
10008001,BENEFICIARIO 08001,001000008001,PEN,5851.23,BINPPEPLXXX,PAGO PROVEEDOR 08001,SHA
10008002,BENEFICIARIO 08002,001000008002,PEN,5851.96,SCBLPEPLXXX,PAGO PROVEEDOR 08002,OUR
10008003,BENEFICIARIO 08003,001000008003,PEN,5852.69,CITIPEPLXXX,PAGO PROVEEDOR 08003,BEN
10008004,BENEFICIARIO 08004,001000008004,PEN,5853.42,BCPLPEPLXXX,PAGO PROVEEDOR 08004,SHA
10008005,BENEFICIARIO 08005,001000008005,USD,5854.15,BINPPEPLXXX,PAGO PROVEEDOR 08005,OUR
10008006,BENEFICIARIO 08006,001000008006,PEN,5854.88,SCBLPEPLXXX,PAGO PROVEEDOR 08006,BEN
10008007,BENEFICIARIO 08007,001000008007,PEN,5855.61,CITIPEPLXXX,PAGO PROVEEDOR 08007,SHA
10008008,BENEFICIARIO 08008,001000008008,PEN,5856.34,BCPLPEPLXXX,PAGO PROVEEDOR 08008,OUR
10008009,BENEFICIARIO 08009,001000008009,PEN,5857.07,BINPPEPLXXX,PAGO PROVEEDOR 08009,BEN
10008010,BENEFICIARIO 08010,001000008010,USD,5857.80,SCBLPEPLXXX,PAGO PROVEEDOR 08010,SHA
10008011,BENEFICIARIO 08011,001000008011,PEN,5858.53,CITIPEPLXXX,PAGO PROVEEDOR 08011,OUR
10008012,BENEFICIARIO 08012,001000008012,PEN,5859.26,BCPLPEPLXXX,PAGO PROVEEDOR 08012,BEN
10008013,BENEFICIARIO 08013,001000008013,PEN,5859.99,BINPPEPLXXX,PAGO PROVEEDOR 08013,SHA
10008014,BENEFICIARIO 08014,001000008014,PEN,5860.72,SCBLPEPLXXX,PAGO PROVEEDOR 08014,OUR
10008015,BENEFICIARIO 08015,001000008015,USD,5861.45,CITIPEPLXXX,PAGO PROVEEDOR 08015,BEN
10008016,BENEFICIARIO 08016,001000008016,PEN,5862.18,BCPLPEPLXXX,PAGO PROVEEDOR 08016,SHA
10008017,BENEFICIARIO 08017,001000008017,PEN,5862.91,BINPPEPLXXX,PAGO PROVEEDOR 08017,OUR
10008018,BENEFICIARIO 08018,001000008018,PEN,5863.64,SCBLPEPLXXX,PAGO PROVEEDOR 08018,BEN
10008019,BENEFICIARIO 08019,001000008019,PEN,5864.37,CITIPEPLXXX,PAGO PROVEEDOR 08019,SHA
10008020,BENEFICIARIO 08020,001000008020,USD,5865.10,BCPLPEPLXXX,PAGO PROVEEDOR 08020,OUR
10008021,BENEFICIARIO 08021,001000008021,PEN,5865.83,BINPPEPLXXX,PAGO PROVEEDOR 08021,BEN
10008022,BENEFICIARIO 08022,001000008022,PEN,5866.56,SCBLPEPLXXX,PAGO PROVEEDOR 08022,SHA
10008023,BENEFICIARIO 08023,001000008023,PEN,5867.29,CITIPEPLXXX,PAGO PROVEEDOR 08023,OUR
10008024,BENEFICIARIO 08024,001000008024,PEN,5868.02,BCPLPEPLXXX,PAGO PROVEEDOR 08024,BEN
10008025,BENEFICIARIO 08025,001000008025,USD,5868.75,BINPPEPLXXX,PAGO PROVEEDOR 08025,SHA
10008026,BENEFICIARIO 08026,001000008026,PEN,5869.48,SCBLPEPLXXX,PAGO PROVEEDOR 08026,OUR
10008027,BENEFICIARIO 08027,001000008027,PEN,5870.21,CITIPEPLXXX,PAGO PROVEEDOR 08027,BEN
10008028,BENEFICIARIO 08028,001000008028,PEN,5870.94,BCPLPEPLXXX,PAGO PROVEEDOR 08028,SHA
10008029,BENEFICIARIO 08029,001000008029,PEN,5871.67,BINPPEPLXXX,PAGO PROVEEDOR 08029,OUR
10008030,BENEFICIARIO 08030,001000008030,USD,5872.40,SCBLPEPLXXX,PAGO PROVEEDOR 08030,BEN
10008031,BENEFICIARIO 08031,001000008031,PEN,5873.13,CITIPEPLXXX,PAGO PROVEEDOR 08031,SHA
10008032,BENEFICIARIO 08032,001000008032,PEN,5873.86,BCPLPEPLXXX,PAGO PROVEEDOR 08032,OUR
10008033,BENEFICIARIO 08033,001000008033,PEN,5874.59,BINPPEPLXXX,PAGO PROVEEDOR 08033,BEN
10008034,BENEFICIARIO 08034,001000008034,PEN,5875.32,SCBLPEPLXXX,PAGO PROVEEDOR 08034,SHA
10008035,BENEFICIARIO 08035,001000008035,USD,5876.05,CITIPEPLXXX,PAGO PROVEEDOR 08035,OUR
10008036,BENEFICIARIO 08036,001000008036,PEN,5876.78,BCPLPEPLXXX,PAGO PROVEEDOR 08036,BEN
10008037,BENEFICIARIO 08037,001000008037,PEN,5877.51,BINPPEPLXXX,PAGO PROVEEDOR 08037,SHA
10008038,BENEFICIARIO 08038,001000008038,PEN,5878.24,SCBLPEPLXXX,PAGO PROVEEDOR 08038,OUR
10008039,BENEFICIARIO 08039,001000008039,PEN,5878.97,CITIPEPLXXX,PAGO PROVEEDOR 08039,BEN
10008040,BENEFICIARIO 08040,001000008040,USD,5879.70,BCPLPEPLXXX,PAGO PROVEEDOR 08040,SHA
10008041,BENEFICIARIO 08041,001000008041,PEN,5880.43,BINPPEPLXXX,PAGO PROVEEDOR 08041,OUR
10008042,BENEFICIARIO 08042,001000008042,PEN,5881.16,SCBLPEPLXXX,PAGO PROVEEDOR 08042,BEN
10008043,BENEFICIARIO 08043,001000008043,PEN,5881.89,CITIPEPLXXX,PAGO PROVEEDOR 08043,SHA
10008044,BENEFICIARIO 08044,001000008044,PEN,5882.62,BCPLPEPLXXX,PAGO PROVEEDOR 08044,OUR
10008045,BENEFICIARIO 08045,001000008045,USD,5883.35,BINPPEPLXXX,PAGO PROVEEDOR 08045,BEN
10008046,BENEFICIARIO 08046,001000008046,PEN,5884.08,SCBLPEPLXXX,PAGO PROVEEDOR 08046,SHA
10008047,BENEFICIARIO 08047,001000008047,PEN,5884.81,CITIPEPLXXX,PAGO PROVEEDOR 08047,OUR
10008048,BENEFICIARIO 08048,001000008048,PEN,5885.54,BCPLPEPLXXX,PAGO PROVEEDOR 08048,BEN
10008049,BENEFICIARIO 08049,001000008049,PEN,5886.27,BINPPEPLXXX,PAGO PROVEEDOR 08049,SHA
10008050,BENEFICIARIO 08050,001000008050,USD,5887.00,SCBLPEPLXXX,PAGO PROVEEDOR 08050,OUR
10008051,BENEFICIARIO 08051,001000008051,PEN,5887.73,CITIPEPLXXX,PAGO PROVEEDOR 08051,BEN
10008052,BENEFICIARIO 08052,001000008052,PEN,5888.46,BCPLPEPLXXX,PAGO PROVEEDOR 08052,SHA
10008053,BENEFICIARIO 08053,001000008053,PEN,5889.19,BINPPEPLXXX,PAGO PROVEEDOR 08053,OUR
10008054,BENEFICIARIO 08054,001000008054,PEN,5889.92,SCBLPEPLXXX,PAGO PROVEEDOR 08054,BEN
10008055,BENEFICIARIO 08055,001000008055,USD,5890.65,CITIPEPLXXX,PAGO PROVEEDOR 08055,SHA
10008056,BENEFICIARIO 08056,001000008056,PEN,5891.38,BCPLPEPLXXX,PAGO PROVEEDOR 08056,OUR
10008057,BENEFICIARIO 08057,001000008057,PEN,5892.11,BINPPEPLXXX,PAGO PROVEEDOR 08057,BEN
10008058,BENEFICIARIO 08058,001000008058,PEN,5892.84,SCBLPEPLXXX,PAGO PROVEEDOR 08058,SHA
10008059,BENEFICIARIO 08059,001000008059,PEN,5893.57,CITIPEPLXXX,PAGO PROVEEDOR 08059,OUR
10008060,BENEFICIARIO 08060,001000008060,USD,5894.30,BCPLPEPLXXX,PAGO PROVEEDOR 08060,BEN
10008061,BENEFICIARIO 08061,001000008061,PEN,5895.03,BINPPEPLXXX,PAGO PROVEEDOR 08061,SHA
10008062,BENEFICIARIO 08062,001000008062,PEN,5895.76,SCBLPEPLXXX,PAGO PROVEEDOR 08062,OUR
10008063,BENEFICIARIO 08063,001000008063,PEN,5896.49,CITIPEPLXXX,PAGO PROVEEDOR 08063,BEN
10008064,BENEFICIARIO 08064,001000008064,PEN,5897.22,BCPLPEPLXXX,PAGO PROVEEDOR 08064,SHA
10008065,BENEFICIARIO 08065,001000008065,USD,5897.95,BINPPEPLXXX,PAGO PROVEEDOR 08065,OUR
10008066,BENEFICIARIO 08066,001000008066,PEN,5898.68,SCBLPEPLXXX,PAGO PROVEEDOR 08066,BEN
10008067,BENEFICIARIO 08067,001000008067,PEN,5899.41,CITIPEPLXXX,PAGO PROVEEDOR 08067,SHA
10008068,BENEFICIARIO 08068,001000008068,PEN,5900.14,BCPLPEPLXXX,PAGO PROVEEDOR 08068,OUR
10008069,BENEFICIARIO 08069,001000008069,PEN,5900.87,BINPPEPLXXX,PAGO PROVEEDOR 08069,BEN
10008070,BENEFICIARIO 08070,001000008070,USD,5901.60,SCBLPEPLXXX,PAGO PROVEEDOR 08070,SHA
10008071,BENEFICIARIO 08071,001000008071,PEN,5902.33,CITIPEPLXXX,PAGO PROVEEDOR 08071,OUR
10008072,BENEFICIARIO 08072,001000008072,PEN,5903.06,BCPLPEPLXXX,PAGO PROVEEDOR 08072,BEN
10008073,BENEFICIARIO 08073,001000008073,PEN,5903.79,BINPPEPLXXX,PAGO PROVEEDOR 08073,SHA
10008074,BENEFICIARIO 08074,001000008074,PEN,5904.52,SCBLPEPLXXX,PAGO PROVEEDOR 08074,OUR
10008075,BENEFICIARIO 08075,001000008075,USD,5905.25,CITIPEPLXXX,PAGO PROVEEDOR 08075,BEN
10008076,BENEFICIARIO 08076,001000008076,PEN,5905.98,BCPLPEPLXXX,PAGO PROVEEDOR 08076,SHA
10008077,BENEFICIARIO 08077,001000008077,PEN,5906.71,BINPPEPLXXX,PAGO PROVEEDOR 08077,OUR
10008078,BENEFICIARIO 08078,001000008078,PEN,5907.44,SCBLPEPLXXX,PAGO PROVEEDOR 08078,BEN
10008079,BENEFICIARIO 08079,001000008079,PEN,5908.17,CITIPEPLXXX,PAGO PROVEEDOR 08079,SHA
10008080,BENEFICIARIO 08080,001000008080,USD,5908.90,BCPLPEPLXXX,PAGO PROVEEDOR 08080,OUR
10008081,BENEFICIARIO 08081,001000008081,PEN,5909.63,BINPPEPLXXX,PAGO PROVEEDOR 08081,BEN
10008082,BENEFICIARIO 08082,001000008082,PEN,5910.36,SCBLPEPLXXX,PAGO PROVEEDOR 08082,SHA
10008083,BENEFICIARIO 08083,001000008083,PEN,5911.09,CITIPEPLXXX,PAGO PROVEEDOR 08083,OUR
10008084,BENEFICIARIO 08084,001000008084,PEN,5911.82,BCPLPEPLXXX,PAGO PROVEEDOR 08084,BEN
10008085,BENEFICIARIO 08085,001000008085,USD,5912.55,BINPPEPLXXX,PAGO PROVEEDOR 08085,SHA
10008086,BENEFICIARIO 08086,001000008086,PEN,5913.28,SCBLPEPLXXX,PAGO PROVEEDOR 08086,OUR
10008087,BENEFICIARIO 08087,001000008087,PEN,5914.01,CITIPEPLXXX,PAGO PROVEEDOR 08087,BEN
10008088,BENEFICIARIO 08088,001000008088,PEN,5914.74,BCPLPEPLXXX,PAGO PROVEEDOR 08088,SHA
10008089,BENEFICIARIO 08089,001000008089,PEN,5915.47,BINPPEPLXXX,PAGO PROVEEDOR 08089,OUR
10008090,BENEFICIARIO 08090,001000008090,USD,5916.20,SCBLPEPLXXX,PAGO PROVEEDOR 08090,BEN
10008091,BENEFICIARIO 08091,001000008091,PEN,5916.93,CITIPEPLXXX,PAGO PROVEEDOR 08091,SHA
10008092,BENEFICIARIO 08092,001000008092,PEN,5917.66,BCPLPEPLXXX,PAGO PROVEEDOR 08092,OUR
10008093,BENEFICIARIO 08093,001000008093,PEN,5918.39,BINPPEPLXXX,PAGO PROVEEDOR 08093,BEN
10008094,BENEFICIARIO 08094,001000008094,PEN,5919.12,SCBLPEPLXXX,PAGO PROVEEDOR 08094,SHA
10008095,BENEFICIARIO 08095,001000008095,USD,5919.85,CITIPEPLXXX,PAGO PROVEEDOR 08095,OUR
10008096,BENEFICIARIO 08096,001000008096,PEN,5920.58,BCPLPEPLXXX,PAGO PROVEEDOR 08096,BEN
10008097,BENEFICIARIO 08097,001000008097,PEN,5921.31,BINPPEPLXXX,PAGO PROVEEDOR 08097,SHA
10008098,BENEFICIARIO 08098,001000008098,PEN,5922.04,SCBLPEPLXXX,PAGO PROVEEDOR 08098,OUR
10008099,BENEFICIARIO 08099,001000008099,PEN,5922.77,CITIPEPLXXX,PAGO PROVEEDOR 08099,BEN
10008100,BENEFICIARIO 08100,001000008100,USD,5923.50,BCPLPEPLXXX,PAGO PROVEEDOR 08100,SHA
10008101,BENEFICIARIO 08101,001000008101,PEN,5924.23,BINPPEPLXXX,PAGO PROVEEDOR 08101,OUR
10008102,BENEFICIARIO 08102,001000008102,PEN,5924.96,SCBLPEPLXXX,PAGO PROVEEDOR 08102,BEN
10008103,BENEFICIARIO 08103,001000008103,PEN,5925.69,CITIPEPLXXX,PAGO PROVEEDOR 08103,SHA
10008104,BENEFICIARIO 08104,001000008104,PEN,5926.42,BCPLPEPLXXX,PAGO PROVEEDOR 08104,OUR
10008105,BENEFICIARIO 08105,001000008105,USD,5927.15,BINPPEPLXXX,PAGO PROVEEDOR 08105,BEN
10008106,BENEFICIARIO 08106,001000008106,PEN,5927.88,SCBLPEPLXXX,PAGO PROVEEDOR 08106,SHA
10008107,BENEFICIARIO 08107,001000008107,PEN,5928.61,CITIPEPLXXX,PAGO PROVEEDOR 08107,OUR
10008108,BENEFICIARIO 08108,001000008108,PEN,5929.34,BCPLPEPLXXX,PAGO PROVEEDOR 08108,BEN
10008109,BENEFICIARIO 08109,001000008109,PEN,5930.07,BINPPEPLXXX,PAGO PROVEEDOR 08109,SHA
10008110,BENEFICIARIO 08110,001000008110,USD,5930.80,SCBLPEPLXXX,PAGO PROVEEDOR 08110,OUR
10008111,BENEFICIARIO 08111,001000008111,PEN,5931.53,CITIPEPLXXX,PAGO PROVEEDOR 08111,BEN
10008112,BENEFICIARIO 08112,001000008112,PEN,5932.26,BCPLPEPLXXX,PAGO PROVEEDOR 08112,SHA
10008113,BENEFICIARIO 08113,001000008113,PEN,5932.99,BINPPEPLXXX,PAGO PROVEEDOR 08113,OUR
10008114,BENEFICIARIO 08114,001000008114,PEN,5933.72,SCBLPEPLXXX,PAGO PROVEEDOR 08114,BEN
10008115,BENEFICIARIO 08115,001000008115,USD,5934.45,CITIPEPLXXX,PAGO PROVEEDOR 08115,SHA
10008116,BENEFICIARIO 08116,001000008116,PEN,5935.18,BCPLPEPLXXX,PAGO PROVEEDOR 08116,OUR
10008117,BENEFICIARIO 08117,001000008117,PEN,5935.91,BINPPEPLXXX,PAGO PROVEEDOR 08117,BEN
10008118,BENEFICIARIO 08118,001000008118,PEN,5936.64,SCBLPEPLXXX,PAGO PROVEEDOR 08118,SHA
10008119,BENEFICIARIO 08119,001000008119,PEN,5937.37,CITIPEPLXXX,PAGO PROVEEDOR 08119,OUR
10008120,BENEFICIARIO 08120,001000008120,USD,5938.10,BCPLPEPLXXX,PAGO PROVEEDOR 08120,BEN
10008121,BENEFICIARIO 08121,001000008121,PEN,5938.83,BINPPEPLXXX,PAGO PROVEEDOR 08121,SHA
10008122,BENEFICIARIO 08122,001000008122,PEN,5939.56,SCBLPEPLXXX,PAGO PROVEEDOR 08122,OUR
10008123,BENEFICIARIO 08123,001000008123,PEN,5940.29,CITIPEPLXXX,PAGO PROVEEDOR 08123,BEN
10008124,BENEFICIARIO 08124,001000008124,PEN,5941.02,BCPLPEPLXXX,PAGO PROVEEDOR 08124,SHA
10008125,BENEFICIARIO 08125,001000008125,USD,5941.75,BINPPEPLXXX,PAGO PROVEEDOR 08125,OUR
10008126,BENEFICIARIO 08126,001000008126,PEN,5942.48,SCBLPEPLXXX,PAGO PROVEEDOR 08126,BEN
10008127,BENEFICIARIO 08127,001000008127,PEN,5943.21,CITIPEPLXXX,PAGO PROVEEDOR 08127,SHA
10008128,BENEFICIARIO 08128,001000008128,PEN,5943.94,BCPLPEPLXXX,PAGO PROVEEDOR 08128,OUR
10008129,BENEFICIARIO 08129,001000008129,PEN,5944.67,BINPPEPLXXX,PAGO PROVEEDOR 08129,BEN
10008130,BENEFICIARIO 08130,001000008130,USD,5945.40,SCBLPEPLXXX,PAGO PROVEEDOR 08130,SHA
10008131,BENEFICIARIO 08131,001000008131,PEN,5946.13,CITIPEPLXXX,PAGO PROVEEDOR 08131,OUR
10008132,BENEFICIARIO 08132,001000008132,PEN,5946.86,BCPLPEPLXXX,PAGO PROVEEDOR 08132,BEN
10008133,BENEFICIARIO 08133,001000008133,PEN,5947.59,BINPPEPLXXX,PAGO PROVEEDOR 08133,SHA
10008134,BENEFICIARIO 08134,001000008134,PEN,5948.32,SCBLPEPLXXX,PAGO PROVEEDOR 08134,OUR
10008135,BENEFICIARIO 08135,001000008135,USD,5949.05,CITIPEPLXXX,PAGO PROVEEDOR 08135,BEN
10008136,BENEFICIARIO 08136,001000008136,PEN,5949.78,BCPLPEPLXXX,PAGO PROVEEDOR 08136,SHA
10008137,BENEFICIARIO 08137,001000008137,PEN,5950.51,BINPPEPLXXX,PAGO PROVEEDOR 08137,OUR
10008138,BENEFICIARIO 08138,001000008138,PEN,5951.24,SCBLPEPLXXX,PAGO PROVEEDOR 08138,BEN
10008139,BENEFICIARIO 08139,001000008139,PEN,5951.97,CITIPEPLXXX,PAGO PROVEEDOR 08139,SHA
10008140,BENEFICIARIO 08140,001000008140,USD,5952.70,BCPLPEPLXXX,PAGO PROVEEDOR 08140,OUR
10008141,BENEFICIARIO 08141,001000008141,PEN,5953.43,BINPPEPLXXX,PAGO PROVEEDOR 08141,BEN
10008142,BENEFICIARIO 08142,001000008142,PEN,5954.16,SCBLPEPLXXX,PAGO PROVEEDOR 08142,SHA
10008143,BENEFICIARIO 08143,001000008143,PEN,5954.89,CITIPEPLXXX,PAGO PROVEEDOR 08143,OUR
10008144,BENEFICIARIO 08144,001000008144,PEN,5955.62,BCPLPEPLXXX,PAGO PROVEEDOR 08144,BEN
10008145,BENEFICIARIO 08145,001000008145,USD,5956.35,BINPPEPLXXX,PAGO PROVEEDOR 08145,SHA
10008146,BENEFICIARIO 08146,001000008146,PEN,5957.08,SCBLPEPLXXX,PAGO PROVEEDOR 08146,OUR
10008147,BENEFICIARIO 08147,001000008147,PEN,5957.81,CITIPEPLXXX,PAGO PROVEEDOR 08147,BEN
10008148,BENEFICIARIO 08148,001000008148,PEN,5958.54,BCPLPEPLXXX,PAGO PROVEEDOR 08148,SHA
10008149,BENEFICIARIO 08149,001000008149,PEN,5959.27,BINPPEPLXXX,PAGO PROVEEDOR 08149,OUR
10008150,BENEFICIARIO 08150,001000008150,USD,5960.00,SCBLPEPLXXX,PAGO PROVEEDOR 08150,BEN
10008151,BENEFICIARIO 08151,001000008151,PEN,5960.73,CITIPEPLXXX,PAGO PROVEEDOR 08151,SHA
10008152,BENEFICIARIO 08152,001000008152,PEN,5961.46,BCPLPEPLXXX,PAGO PROVEEDOR 08152,OUR
10008153,BENEFICIARIO 08153,001000008153,PEN,5962.19,BINPPEPLXXX,PAGO PROVEEDOR 08153,BEN
10008154,BENEFICIARIO 08154,001000008154,PEN,5962.92,SCBLPEPLXXX,PAGO PROVEEDOR 08154,SHA
10008155,BENEFICIARIO 08155,001000008155,USD,5963.65,CITIPEPLXXX,PAGO PROVEEDOR 08155,OUR
10008156,BENEFICIARIO 08156,001000008156,PEN,5964.38,BCPLPEPLXXX,PAGO PROVEEDOR 08156,BEN
10008157,BENEFICIARIO 08157,001000008157,PEN,5965.11,BINPPEPLXXX,PAGO PROVEEDOR 08157,SHA
10008158,BENEFICIARIO 08158,001000008158,PEN,5965.84,SCBLPEPLXXX,PAGO PROVEEDOR 08158,OUR
10008159,BENEFICIARIO 08159,001000008159,PEN,5966.57,CITIPEPLXXX,PAGO PROVEEDOR 08159,BEN
10008160,BENEFICIARIO 08160,001000008160,USD,5967.30,BCPLPEPLXXX,PAGO PROVEEDOR 08160,SHA
10008161,BENEFICIARIO 08161,001000008161,PEN,5968.03,BINPPEPLXXX,PAGO PROVEEDOR 08161,OUR
10008162,BENEFICIARIO 08162,001000008162,PEN,5968.76,SCBLPEPLXXX,PAGO PROVEEDOR 08162,BEN
10008163,BENEFICIARIO 08163,001000008163,PEN,5969.49,CITIPEPLXXX,PAGO PROVEEDOR 08163,SHA
10008164,BENEFICIARIO 08164,001000008164,PEN,5970.22,BCPLPEPLXXX,PAGO PROVEEDOR 08164,OUR
10008165,BENEFICIARIO 08165,001000008165,USD,5970.95,BINPPEPLXXX,PAGO PROVEEDOR 08165,BEN
10008166,BENEFICIARIO 08166,001000008166,PEN,5971.68,SCBLPEPLXXX,PAGO PROVEEDOR 08166,SHA
10008167,BENEFICIARIO 08167,001000008167,PEN,5972.41,CITIPEPLXXX,PAGO PROVEEDOR 08167,OUR
10008168,BENEFICIARIO 08168,001000008168,PEN,5973.14,BCPLPEPLXXX,PAGO PROVEEDOR 08168,BEN
10008169,BENEFICIARIO 08169,001000008169,PEN,5973.87,BINPPEPLXXX,PAGO PROVEEDOR 08169,SHA
10008170,BENEFICIARIO 08170,001000008170,USD,5974.60,SCBLPEPLXXX,PAGO PROVEEDOR 08170,OUR
10008171,BENEFICIARIO 08171,001000008171,PEN,5975.33,CITIPEPLXXX,PAGO PROVEEDOR 08171,BEN
10008172,BENEFICIARIO 08172,001000008172,PEN,5976.06,BCPLPEPLXXX,PAGO PROVEEDOR 08172,SHA
10008173,BENEFICIARIO 08173,001000008173,PEN,5976.79,BINPPEPLXXX,PAGO PROVEEDOR 08173,OUR
10008174,BENEFICIARIO 08174,001000008174,PEN,5977.52,SCBLPEPLXXX,PAGO PROVEEDOR 08174,BEN
10008175,BENEFICIARIO 08175,001000008175,USD,5978.25,CITIPEPLXXX,PAGO PROVEEDOR 08175,SHA
10008176,BENEFICIARIO 08176,001000008176,PEN,5978.98,BCPLPEPLXXX,PAGO PROVEEDOR 08176,OUR
10008177,BENEFICIARIO 08177,001000008177,PEN,5979.71,BINPPEPLXXX,PAGO PROVEEDOR 08177,BEN
10008178,BENEFICIARIO 08178,001000008178,PEN,5980.44,SCBLPEPLXXX,PAGO PROVEEDOR 08178,SHA
10008179,BENEFICIARIO 08179,001000008179,PEN,5981.17,CITIPEPLXXX,PAGO PROVEEDOR 08179,OUR
10008180,BENEFICIARIO 08180,001000008180,USD,5981.90,BCPLPEPLXXX,PAGO PROVEEDOR 08180,BEN
10008181,BENEFICIARIO 08181,001000008181,PEN,5982.63,BINPPEPLXXX,PAGO PROVEEDOR 08181,SHA
10008182,BENEFICIARIO 08182,001000008182,PEN,5983.36,SCBLPEPLXXX,PAGO PROVEEDOR 08182,OUR
10008183,BENEFICIARIO 08183,001000008183,PEN,5984.09,CITIPEPLXXX,PAGO PROVEEDOR 08183,BEN
10008184,BENEFICIARIO 08184,001000008184,PEN,5984.82,BCPLPEPLXXX,PAGO PROVEEDOR 08184,SHA
10008185,BENEFICIARIO 08185,001000008185,USD,5985.55,BINPPEPLXXX,PAGO PROVEEDOR 08185,OUR
10008186,BENEFICIARIO 08186,001000008186,PEN,5986.28,SCBLPEPLXXX,PAGO PROVEEDOR 08186,BEN
10008187,BENEFICIARIO 08187,001000008187,PEN,5987.01,CITIPEPLXXX,PAGO PROVEEDOR 08187,SHA
10008188,BENEFICIARIO 08188,001000008188,PEN,5987.74,BCPLPEPLXXX,PAGO PROVEEDOR 08188,OUR
10008189,BENEFICIARIO 08189,001000008189,PEN,5988.47,BINPPEPLXXX,PAGO PROVEEDOR 08189,BEN
10008190,BENEFICIARIO 08190,001000008190,USD,5989.20,SCBLPEPLXXX,PAGO PROVEEDOR 08190,SHA
10008191,BENEFICIARIO 08191,001000008191,PEN,5989.93,CITIPEPLXXX,PAGO PROVEEDOR 08191,OUR
10008192,BENEFICIARIO 08192,001000008192,PEN,5990.66,BCPLPEPLXXX,PAGO PROVEEDOR 08192,BEN
10008193,BENEFICIARIO 08193,001000008193,PEN,5991.39,BINPPEPLXXX,PAGO PROVEEDOR 08193,SHA
10008194,BENEFICIARIO 08194,001000008194,PEN,5992.12,SCBLPEPLXXX,PAGO PROVEEDOR 08194,OUR
10008195,BENEFICIARIO 08195,001000008195,USD,5992.85,CITIPEPLXXX,PAGO PROVEEDOR 08195,BEN
10008196,BENEFICIARIO 08196,001000008196,PEN,5993.58,BCPLPEPLXXX,PAGO PROVEEDOR 08196,SHA
10008197,BENEFICIARIO 08197,001000008197,PEN,5994.31,BINPPEPLXXX,PAGO PROVEEDOR 08197,OUR
10008198,BENEFICIARIO 08198,001000008198,PEN,5995.04,SCBLPEPLXXX,PAGO PROVEEDOR 08198,BEN
10008199,BENEFICIARIO 08199,001000008199,PEN,5995.77,CITIPEPLXXX,PAGO PROVEEDOR 08199,SHA
10008200,BENEFICIARIO 08200,001000008200,USD,5996.50,BCPLPEPLXXX,PAGO PROVEEDOR 08200,OUR
10008201,BENEFICIARIO 08201,001000008201,PEN,5997.23,BINPPEPLXXX,PAGO PROVEEDOR 08201,BEN
10008202,BENEFICIARIO 08202,001000008202,PEN,5997.96,SCBLPEPLXXX,PAGO PROVEEDOR 08202,SHA
10008203,BENEFICIARIO 08203,001000008203,PEN,5998.69,CITIPEPLXXX,PAGO PROVEEDOR 08203,OUR
10008204,BENEFICIARIO 08204,001000008204,PEN,5999.42,BCPLPEPLXXX,PAGO PROVEEDOR 08204,BEN
10008205,BENEFICIARIO 08205,001000008205,USD,6000.15,BINPPEPLXXX,PAGO PROVEEDOR 08205,SHA
10008206,BENEFICIARIO 08206,001000008206,PEN,6000.88,SCBLPEPLXXX,PAGO PROVEEDOR 08206,OUR
10008207,BENEFICIARIO 08207,001000008207,PEN,6001.61,CITIPEPLXXX,PAGO PROVEEDOR 08207,BEN
10008208,BENEFICIARIO 08208,001000008208,PEN,6002.34,BCPLPEPLXXX,PAGO PROVEEDOR 08208,SHA
10008209,BENEFICIARIO 08209,001000008209,PEN,6003.07,BINPPEPLXXX,PAGO PROVEEDOR 08209,OUR
10008210,BENEFICIARIO 08210,001000008210,USD,6003.80,SCBLPEPLXXX,PAGO PROVEEDOR 08210,BEN
10008211,BENEFICIARIO 08211,001000008211,PEN,6004.53,CITIPEPLXXX,PAGO PROVEEDOR 08211,SHA
10008212,BENEFICIARIO 08212,001000008212,PEN,6005.26,BCPLPEPLXXX,PAGO PROVEEDOR 08212,OUR
10008213,BENEFICIARIO 08213,001000008213,PEN,6005.99,BINPPEPLXXX,PAGO PROVEEDOR 08213,BEN
10008214,BENEFICIARIO 08214,001000008214,PEN,6006.72,SCBLPEPLXXX,PAGO PROVEEDOR 08214,SHA
10008215,BENEFICIARIO 08215,001000008215,USD,6007.45,CITIPEPLXXX,PAGO PROVEEDOR 08215,OUR
10008216,BENEFICIARIO 08216,001000008216,PEN,6008.18,BCPLPEPLXXX,PAGO PROVEEDOR 08216,BEN
10008217,BENEFICIARIO 08217,001000008217,PEN,6008.91,BINPPEPLXXX,PAGO PROVEEDOR 08217,SHA
10008218,BENEFICIARIO 08218,001000008218,PEN,6009.64,SCBLPEPLXXX,PAGO PROVEEDOR 08218,OUR
10008219,BENEFICIARIO 08219,001000008219,PEN,6010.37,CITIPEPLXXX,PAGO PROVEEDOR 08219,BEN
10008220,BENEFICIARIO 08220,001000008220,USD,6011.10,BCPLPEPLXXX,PAGO PROVEEDOR 08220,SHA
10008221,BENEFICIARIO 08221,001000008221,PEN,6011.83,BINPPEPLXXX,PAGO PROVEEDOR 08221,OUR
10008222,BENEFICIARIO 08222,001000008222,PEN,6012.56,SCBLPEPLXXX,PAGO PROVEEDOR 08222,BEN
10008223,BENEFICIARIO 08223,001000008223,PEN,6013.29,CITIPEPLXXX,PAGO PROVEEDOR 08223,SHA
10008224,BENEFICIARIO 08224,001000008224,PEN,6014.02,BCPLPEPLXXX,PAGO PROVEEDOR 08224,OUR
10008225,BENEFICIARIO 08225,001000008225,USD,6014.75,BINPPEPLXXX,PAGO PROVEEDOR 08225,BEN
10008226,BENEFICIARIO 08226,001000008226,PEN,6015.48,SCBLPEPLXXX,PAGO PROVEEDOR 08226,SHA
10008227,BENEFICIARIO 08227,001000008227,PEN,6016.21,CITIPEPLXXX,PAGO PROVEEDOR 08227,OUR
10008228,BENEFICIARIO 08228,001000008228,PEN,6016.94,BCPLPEPLXXX,PAGO PROVEEDOR 08228,BEN
10008229,BENEFICIARIO 08229,001000008229,PEN,6017.67,BINPPEPLXXX,PAGO PROVEEDOR 08229,SHA
10008230,BENEFICIARIO 08230,001000008230,USD,6018.40,SCBLPEPLXXX,PAGO PROVEEDOR 08230,OUR
10008231,BENEFICIARIO 08231,001000008231,PEN,6019.13,CITIPEPLXXX,PAGO PROVEEDOR 08231,BEN
10008232,BENEFICIARIO 08232,001000008232,PEN,6019.86,BCPLPEPLXXX,PAGO PROVEEDOR 08232,SHA
10008233,BENEFICIARIO 08233,001000008233,PEN,6020.59,BINPPEPLXXX,PAGO PROVEEDOR 08233,OUR
10008234,BENEFICIARIO 08234,001000008234,PEN,6021.32,SCBLPEPLXXX,PAGO PROVEEDOR 08234,BEN
10008235,BENEFICIARIO 08235,001000008235,USD,6022.05,CITIPEPLXXX,PAGO PROVEEDOR 08235,SHA
10008236,BENEFICIARIO 08236,001000008236,PEN,6022.78,BCPLPEPLXXX,PAGO PROVEEDOR 08236,OUR
10008237,BENEFICIARIO 08237,001000008237,PEN,6023.51,BINPPEPLXXX,PAGO PROVEEDOR 08237,BEN
10008238,BENEFICIARIO 08238,001000008238,PEN,6024.24,SCBLPEPLXXX,PAGO PROVEEDOR 08238,SHA
10008239,BENEFICIARIO 08239,001000008239,PEN,6024.97,CITIPEPLXXX,PAGO PROVEEDOR 08239,OUR
10008240,BENEFICIARIO 08240,001000008240,USD,6025.70,BCPLPEPLXXX,PAGO PROVEEDOR 08240,BEN
10008241,BENEFICIARIO 08241,001000008241,PEN,6026.43,BINPPEPLXXX,PAGO PROVEEDOR 08241,SHA
10008242,BENEFICIARIO 08242,001000008242,PEN,6027.16,SCBLPEPLXXX,PAGO PROVEEDOR 08242,OUR
10008243,BENEFICIARIO 08243,001000008243,PEN,6027.89,CITIPEPLXXX,PAGO PROVEEDOR 08243,BEN
10008244,BENEFICIARIO 08244,001000008244,PEN,6028.62,BCPLPEPLXXX,PAGO PROVEEDOR 08244,SHA
10008245,BENEFICIARIO 08245,001000008245,USD,6029.35,BINPPEPLXXX,PAGO PROVEEDOR 08245,OUR
10008246,BENEFICIARIO 08246,001000008246,PEN,6030.08,SCBLPEPLXXX,PAGO PROVEEDOR 08246,BEN
10008247,BENEFICIARIO 08247,001000008247,PEN,6030.81,CITIPEPLXXX,PAGO PROVEEDOR 08247,SHA
10008248,BENEFICIARIO 08248,001000008248,PEN,6031.54,BCPLPEPLXXX,PAGO PROVEEDOR 08248,OUR
10008249,BENEFICIARIO 08249,001000008249,PEN,6032.27,BINPPEPLXXX,PAGO PROVEEDOR 08249,BEN
10008250,BENEFICIARIO 08250,001000008250,USD,6033.00,SCBLPEPLXXX,PAGO PROVEEDOR 08250,SHA
10008251,BENEFICIARIO 08251,001000008251,PEN,6033.73,CITIPEPLXXX,PAGO PROVEEDOR 08251,OUR
10008252,BENEFICIARIO 08252,001000008252,PEN,6034.46,BCPLPEPLXXX,PAGO PROVEEDOR 08252,BEN
10008253,BENEFICIARIO 08253,001000008253,PEN,6035.19,BINPPEPLXXX,PAGO PROVEEDOR 08253,SHA
10008254,BENEFICIARIO 08254,001000008254,PEN,6035.92,SCBLPEPLXXX,PAGO PROVEEDOR 08254,OUR
10008255,BENEFICIARIO 08255,001000008255,USD,6036.65,CITIPEPLXXX,PAGO PROVEEDOR 08255,BEN
10008256,BENEFICIARIO 08256,001000008256,PEN,6037.38,BCPLPEPLXXX,PAGO PROVEEDOR 08256,SHA
10008257,BENEFICIARIO 08257,001000008257,PEN,6038.11,BINPPEPLXXX,PAGO PROVEEDOR 08257,OUR
10008258,BENEFICIARIO 08258,001000008258,PEN,6038.84,SCBLPEPLXXX,PAGO PROVEEDOR 08258,BEN
10008259,BENEFICIARIO 08259,001000008259,PEN,6039.57,CITIPEPLXXX,PAGO PROVEEDOR 08259,SHA
10008260,BENEFICIARIO 08260,001000008260,USD,6040.30,BCPLPEPLXXX,PAGO PROVEEDOR 08260,OUR
10008261,BENEFICIARIO 08261,001000008261,PEN,6041.03,BINPPEPLXXX,PAGO PROVEEDOR 08261,BEN
10008262,BENEFICIARIO 08262,001000008262,PEN,6041.76,SCBLPEPLXXX,PAGO PROVEEDOR 08262,SHA
10008263,BENEFICIARIO 08263,001000008263,PEN,6042.49,CITIPEPLXXX,PAGO PROVEEDOR 08263,OUR
10008264,BENEFICIARIO 08264,001000008264,PEN,6043.22,BCPLPEPLXXX,PAGO PROVEEDOR 08264,BEN
10008265,BENEFICIARIO 08265,001000008265,USD,6043.95,BINPPEPLXXX,PAGO PROVEEDOR 08265,SHA
10008266,BENEFICIARIO 08266,001000008266,PEN,6044.68,SCBLPEPLXXX,PAGO PROVEEDOR 08266,OUR
10008267,BENEFICIARIO 08267,001000008267,PEN,6045.41,CITIPEPLXXX,PAGO PROVEEDOR 08267,BEN
10008268,BENEFICIARIO 08268,001000008268,PEN,6046.14,BCPLPEPLXXX,PAGO PROVEEDOR 08268,SHA
10008269,BENEFICIARIO 08269,001000008269,PEN,6046.87,BINPPEPLXXX,PAGO PROVEEDOR 08269,OUR
10008270,BENEFICIARIO 08270,001000008270,USD,6047.60,SCBLPEPLXXX,PAGO PROVEEDOR 08270,BEN
10008271,BENEFICIARIO 08271,001000008271,PEN,6048.33,CITIPEPLXXX,PAGO PROVEEDOR 08271,SHA
10008272,BENEFICIARIO 08272,001000008272,PEN,6049.06,BCPLPEPLXXX,PAGO PROVEEDOR 08272,OUR
10008273,BENEFICIARIO 08273,001000008273,PEN,6049.79,BINPPEPLXXX,PAGO PROVEEDOR 08273,BEN
10008274,BENEFICIARIO 08274,001000008274,PEN,6050.52,SCBLPEPLXXX,PAGO PROVEEDOR 08274,SHA
10008275,BENEFICIARIO 08275,001000008275,USD,6051.25,CITIPEPLXXX,PAGO PROVEEDOR 08275,OUR
10008276,BENEFICIARIO 08276,001000008276,PEN,6051.98,BCPLPEPLXXX,PAGO PROVEEDOR 08276,BEN
10008277,BENEFICIARIO 08277,001000008277,PEN,6052.71,BINPPEPLXXX,PAGO PROVEEDOR 08277,SHA
10008278,BENEFICIARIO 08278,001000008278,PEN,6053.44,SCBLPEPLXXX,PAGO PROVEEDOR 08278,OUR
10008279,BENEFICIARIO 08279,001000008279,PEN,6054.17,CITIPEPLXXX,PAGO PROVEEDOR 08279,BEN
10008280,BENEFICIARIO 08280,001000008280,USD,6054.90,BCPLPEPLXXX,PAGO PROVEEDOR 08280,SHA
10008281,BENEFICIARIO 08281,001000008281,PEN,6055.63,BINPPEPLXXX,PAGO PROVEEDOR 08281,OUR
10008282,BENEFICIARIO 08282,001000008282,PEN,6056.36,SCBLPEPLXXX,PAGO PROVEEDOR 08282,BEN
10008283,BENEFICIARIO 08283,001000008283,PEN,6057.09,CITIPEPLXXX,PAGO PROVEEDOR 08283,SHA
10008284,BENEFICIARIO 08284,001000008284,PEN,6057.82,BCPLPEPLXXX,PAGO PROVEEDOR 08284,OUR
10008285,BENEFICIARIO 08285,001000008285,USD,6058.55,BINPPEPLXXX,PAGO PROVEEDOR 08285,BEN
10008286,BENEFICIARIO 08286,001000008286,PEN,6059.28,SCBLPEPLXXX,PAGO PROVEEDOR 08286,SHA
10008287,BENEFICIARIO 08287,001000008287,PEN,6060.01,CITIPEPLXXX,PAGO PROVEEDOR 08287,OUR
10008288,BENEFICIARIO 08288,001000008288,PEN,6060.74,BCPLPEPLXXX,PAGO PROVEEDOR 08288,BEN
10008289,BENEFICIARIO 08289,001000008289,PEN,6061.47,BINPPEPLXXX,PAGO PROVEEDOR 08289,SHA
10008290,BENEFICIARIO 08290,001000008290,USD,6062.20,SCBLPEPLXXX,PAGO PROVEEDOR 08290,OUR
10008291,BENEFICIARIO 08291,001000008291,PEN,6062.93,CITIPEPLXXX,PAGO PROVEEDOR 08291,BEN
10008292,BENEFICIARIO 08292,001000008292,PEN,6063.66,BCPLPEPLXXX,PAGO PROVEEDOR 08292,SHA
10008293,BENEFICIARIO 08293,001000008293,PEN,6064.39,BINPPEPLXXX,PAGO PROVEEDOR 08293,OUR
10008294,BENEFICIARIO 08294,001000008294,PEN,6065.12,SCBLPEPLXXX,PAGO PROVEEDOR 08294,BEN
10008295,BENEFICIARIO 08295,001000008295,USD,6065.85,CITIPEPLXXX,PAGO PROVEEDOR 08295,SHA
10008296,BENEFICIARIO 08296,001000008296,PEN,6066.58,BCPLPEPLXXX,PAGO PROVEEDOR 08296,OUR
10008297,BENEFICIARIO 08297,001000008297,PEN,6067.31,BINPPEPLXXX,PAGO PROVEEDOR 08297,BEN
10008298,BENEFICIARIO 08298,001000008298,PEN,6068.04,SCBLPEPLXXX,PAGO PROVEEDOR 08298,SHA
10008299,BENEFICIARIO 08299,001000008299,PEN,6068.77,CITIPEPLXXX,PAGO PROVEEDOR 08299,OUR
10008300,BENEFICIARIO 08300,001000008300,USD,6069.50,BCPLPEPLXXX,PAGO PROVEEDOR 08300,BEN
10008301,BENEFICIARIO 08301,001000008301,PEN,6070.23,BINPPEPLXXX,PAGO PROVEEDOR 08301,SHA
10008302,BENEFICIARIO 08302,001000008302,PEN,6070.96,SCBLPEPLXXX,PAGO PROVEEDOR 08302,OUR
10008303,BENEFICIARIO 08303,001000008303,PEN,6071.69,CITIPEPLXXX,PAGO PROVEEDOR 08303,BEN
10008304,BENEFICIARIO 08304,001000008304,PEN,6072.42,BCPLPEPLXXX,PAGO PROVEEDOR 08304,SHA
10008305,BENEFICIARIO 08305,001000008305,USD,6073.15,BINPPEPLXXX,PAGO PROVEEDOR 08305,OUR
10008306,BENEFICIARIO 08306,001000008306,PEN,6073.88,SCBLPEPLXXX,PAGO PROVEEDOR 08306,BEN
10008307,BENEFICIARIO 08307,001000008307,PEN,6074.61,CITIPEPLXXX,PAGO PROVEEDOR 08307,SHA
10008308,BENEFICIARIO 08308,001000008308,PEN,6075.34,BCPLPEPLXXX,PAGO PROVEEDOR 08308,OUR
10008309,BENEFICIARIO 08309,001000008309,PEN,6076.07,BINPPEPLXXX,PAGO PROVEEDOR 08309,BEN
10008310,BENEFICIARIO 08310,001000008310,USD,6076.80,SCBLPEPLXXX,PAGO PROVEEDOR 08310,SHA
10008311,BENEFICIARIO 08311,001000008311,PEN,6077.53,CITIPEPLXXX,PAGO PROVEEDOR 08311,OUR
10008312,BENEFICIARIO 08312,001000008312,PEN,6078.26,BCPLPEPLXXX,PAGO PROVEEDOR 08312,BEN
10008313,BENEFICIARIO 08313,001000008313,PEN,6078.99,BINPPEPLXXX,PAGO PROVEEDOR 08313,SHA
10008314,BENEFICIARIO 08314,001000008314,PEN,6079.72,SCBLPEPLXXX,PAGO PROVEEDOR 08314,OUR
10008315,BENEFICIARIO 08315,001000008315,USD,6080.45,CITIPEPLXXX,PAGO PROVEEDOR 08315,BEN
10008316,BENEFICIARIO 08316,001000008316,PEN,6081.18,BCPLPEPLXXX,PAGO PROVEEDOR 08316,SHA
10008317,BENEFICIARIO 08317,001000008317,PEN,6081.91,BINPPEPLXXX,PAGO PROVEEDOR 08317,OUR
10008318,BENEFICIARIO 08318,001000008318,PEN,6082.64,SCBLPEPLXXX,PAGO PROVEEDOR 08318,BEN
10008319,BENEFICIARIO 08319,001000008319,PEN,6083.37,CITIPEPLXXX,PAGO PROVEEDOR 08319,SHA
10008320,BENEFICIARIO 08320,001000008320,USD,6084.10,BCPLPEPLXXX,PAGO PROVEEDOR 08320,OUR
10008321,BENEFICIARIO 08321,001000008321,PEN,6084.83,BINPPEPLXXX,PAGO PROVEEDOR 08321,BEN
10008322,BENEFICIARIO 08322,001000008322,PEN,6085.56,SCBLPEPLXXX,PAGO PROVEEDOR 08322,SHA
10008323,BENEFICIARIO 08323,001000008323,PEN,6086.29,CITIPEPLXXX,PAGO PROVEEDOR 08323,OUR
10008324,BENEFICIARIO 08324,001000008324,PEN,6087.02,BCPLPEPLXXX,PAGO PROVEEDOR 08324,BEN
10008325,BENEFICIARIO 08325,001000008325,USD,6087.75,BINPPEPLXXX,PAGO PROVEEDOR 08325,SHA
10008326,BENEFICIARIO 08326,001000008326,PEN,6088.48,SCBLPEPLXXX,PAGO PROVEEDOR 08326,OUR
10008327,BENEFICIARIO 08327,001000008327,PEN,6089.21,CITIPEPLXXX,PAGO PROVEEDOR 08327,BEN
10008328,BENEFICIARIO 08328,001000008328,PEN,6089.94,BCPLPEPLXXX,PAGO PROVEEDOR 08328,SHA
10008329,BENEFICIARIO 08329,001000008329,PEN,6090.67,BINPPEPLXXX,PAGO PROVEEDOR 08329,OUR
10008330,BENEFICIARIO 08330,001000008330,USD,6091.40,SCBLPEPLXXX,PAGO PROVEEDOR 08330,BEN
10008331,BENEFICIARIO 08331,001000008331,PEN,6092.13,CITIPEPLXXX,PAGO PROVEEDOR 08331,SHA
10008332,BENEFICIARIO 08332,001000008332,PEN,6092.86,BCPLPEPLXXX,PAGO PROVEEDOR 08332,OUR
10008333,BENEFICIARIO 08333,001000008333,PEN,6093.59,BINPPEPLXXX,PAGO PROVEEDOR 08333,BEN
10008334,BENEFICIARIO 08334,001000008334,PEN,6094.32,SCBLPEPLXXX,PAGO PROVEEDOR 08334,SHA
10008335,BENEFICIARIO 08335,001000008335,USD,6095.05,CITIPEPLXXX,PAGO PROVEEDOR 08335,OUR
10008336,BENEFICIARIO 08336,001000008336,PEN,6095.78,BCPLPEPLXXX,PAGO PROVEEDOR 08336,BEN
10008337,BENEFICIARIO 08337,001000008337,PEN,6096.51,BINPPEPLXXX,PAGO PROVEEDOR 08337,SHA
10008338,BENEFICIARIO 08338,001000008338,PEN,6097.24,SCBLPEPLXXX,PAGO PROVEEDOR 08338,OUR
10008339,BENEFICIARIO 08339,001000008339,PEN,6097.97,CITIPEPLXXX,PAGO PROVEEDOR 08339,BEN
10008340,BENEFICIARIO 08340,001000008340,USD,6098.70,BCPLPEPLXXX,PAGO PROVEEDOR 08340,SHA
10008341,BENEFICIARIO 08341,001000008341,PEN,6099.43,BINPPEPLXXX,PAGO PROVEEDOR 08341,OUR
10008342,BENEFICIARIO 08342,001000008342,PEN,6100.16,SCBLPEPLXXX,PAGO PROVEEDOR 08342,BEN
10008343,BENEFICIARIO 08343,001000008343,PEN,6100.89,CITIPEPLXXX,PAGO PROVEEDOR 08343,SHA
10008344,BENEFICIARIO 08344,001000008344,PEN,6101.62,BCPLPEPLXXX,PAGO PROVEEDOR 08344,OUR
10008345,BENEFICIARIO 08345,001000008345,USD,6102.35,BINPPEPLXXX,PAGO PROVEEDOR 08345,BEN
10008346,BENEFICIARIO 08346,001000008346,PEN,6103.08,SCBLPEPLXXX,PAGO PROVEEDOR 08346,SHA
10008347,BENEFICIARIO 08347,001000008347,PEN,6103.81,CITIPEPLXXX,PAGO PROVEEDOR 08347,OUR
10008348,BENEFICIARIO 08348,001000008348,PEN,6104.54,BCPLPEPLXXX,PAGO PROVEEDOR 08348,BEN
10008349,BENEFICIARIO 08349,001000008349,PEN,6105.27,BINPPEPLXXX,PAGO PROVEEDOR 08349,SHA
10008350,BENEFICIARIO 08350,001000008350,USD,6106.00,SCBLPEPLXXX,PAGO PROVEEDOR 08350,OUR
10008351,BENEFICIARIO 08351,001000008351,PEN,6106.73,CITIPEPLXXX,PAGO PROVEEDOR 08351,BEN
10008352,BENEFICIARIO 08352,001000008352,PEN,6107.46,BCPLPEPLXXX,PAGO PROVEEDOR 08352,SHA
10008353,BENEFICIARIO 08353,001000008353,PEN,6108.19,BINPPEPLXXX,PAGO PROVEEDOR 08353,OUR
10008354,BENEFICIARIO 08354,001000008354,PEN,6108.92,SCBLPEPLXXX,PAGO PROVEEDOR 08354,BEN
10008355,BENEFICIARIO 08355,001000008355,USD,6109.65,CITIPEPLXXX,PAGO PROVEEDOR 08355,SHA
10008356,BENEFICIARIO 08356,001000008356,PEN,6110.38,BCPLPEPLXXX,PAGO PROVEEDOR 08356,OUR
10008357,BENEFICIARIO 08357,001000008357,PEN,6111.11,BINPPEPLXXX,PAGO PROVEEDOR 08357,BEN
10008358,BENEFICIARIO 08358,001000008358,PEN,6111.84,SCBLPEPLXXX,PAGO PROVEEDOR 08358,SHA
10008359,BENEFICIARIO 08359,001000008359,PEN,6112.57,CITIPEPLXXX,PAGO PROVEEDOR 08359,OUR
10008360,BENEFICIARIO 08360,001000008360,USD,6113.30,BCPLPEPLXXX,PAGO PROVEEDOR 08360,BEN
10008361,BENEFICIARIO 08361,001000008361,PEN,6114.03,BINPPEPLXXX,PAGO PROVEEDOR 08361,SHA
10008362,BENEFICIARIO 08362,001000008362,PEN,6114.76,SCBLPEPLXXX,PAGO PROVEEDOR 08362,OUR
10008363,BENEFICIARIO 08363,001000008363,PEN,6115.49,CITIPEPLXXX,PAGO PROVEEDOR 08363,BEN
10008364,BENEFICIARIO 08364,001000008364,PEN,6116.22,BCPLPEPLXXX,PAGO PROVEEDOR 08364,SHA
10008365,BENEFICIARIO 08365,001000008365,USD,6116.95,BINPPEPLXXX,PAGO PROVEEDOR 08365,OUR
10008366,BENEFICIARIO 08366,001000008366,PEN,6117.68,SCBLPEPLXXX,PAGO PROVEEDOR 08366,BEN
10008367,BENEFICIARIO 08367,001000008367,PEN,6118.41,CITIPEPLXXX,PAGO PROVEEDOR 08367,SHA
10008368,BENEFICIARIO 08368,001000008368,PEN,6119.14,BCPLPEPLXXX,PAGO PROVEEDOR 08368,OUR
10008369,BENEFICIARIO 08369,001000008369,PEN,6119.87,BINPPEPLXXX,PAGO PROVEEDOR 08369,BEN
10008370,BENEFICIARIO 08370,001000008370,USD,6120.60,SCBLPEPLXXX,PAGO PROVEEDOR 08370,SHA
10008371,BENEFICIARIO 08371,001000008371,PEN,6121.33,CITIPEPLXXX,PAGO PROVEEDOR 08371,OUR
10008372,BENEFICIARIO 08372,001000008372,PEN,6122.06,BCPLPEPLXXX,PAGO PROVEEDOR 08372,BEN
10008373,BENEFICIARIO 08373,001000008373,PEN,6122.79,BINPPEPLXXX,PAGO PROVEEDOR 08373,SHA
10008374,BENEFICIARIO 08374,001000008374,PEN,6123.52,SCBLPEPLXXX,PAGO PROVEEDOR 08374,OUR
10008375,BENEFICIARIO 08375,001000008375,USD,6124.25,CITIPEPLXXX,PAGO PROVEEDOR 08375,BEN
10008376,BENEFICIARIO 08376,001000008376,PEN,6124.98,BCPLPEPLXXX,PAGO PROVEEDOR 08376,SHA
10008377,BENEFICIARIO 08377,001000008377,PEN,6125.71,BINPPEPLXXX,PAGO PROVEEDOR 08377,OUR
10008378,BENEFICIARIO 08378,001000008378,PEN,6126.44,SCBLPEPLXXX,PAGO PROVEEDOR 08378,BEN
10008379,BENEFICIARIO 08379,001000008379,PEN,6127.17,CITIPEPLXXX,PAGO PROVEEDOR 08379,SHA
10008380,BENEFICIARIO 08380,001000008380,USD,6127.90,BCPLPEPLXXX,PAGO PROVEEDOR 08380,OUR
10008381,BENEFICIARIO 08381,001000008381,PEN,6128.63,BINPPEPLXXX,PAGO PROVEEDOR 08381,BEN
10008382,BENEFICIARIO 08382,001000008382,PEN,6129.36,SCBLPEPLXXX,PAGO PROVEEDOR 08382,SHA
10008383,BENEFICIARIO 08383,001000008383,PEN,6130.09,CITIPEPLXXX,PAGO PROVEEDOR 08383,OUR
10008384,BENEFICIARIO 08384,001000008384,PEN,6130.82,BCPLPEPLXXX,PAGO PROVEEDOR 08384,BEN
10008385,BENEFICIARIO 08385,001000008385,USD,6131.55,BINPPEPLXXX,PAGO PROVEEDOR 08385,SHA
10008386,BENEFICIARIO 08386,001000008386,PEN,6132.28,SCBLPEPLXXX,PAGO PROVEEDOR 08386,OUR
10008387,BENEFICIARIO 08387,001000008387,PEN,6133.01,CITIPEPLXXX,PAGO PROVEEDOR 08387,BEN
10008388,BENEFICIARIO 08388,001000008388,PEN,6133.74,BCPLPEPLXXX,PAGO PROVEEDOR 08388,SHA
10008389,BENEFICIARIO 08389,001000008389,PEN,6134.47,BINPPEPLXXX,PAGO PROVEEDOR 08389,OUR
10008390,BENEFICIARIO 08390,001000008390,USD,6135.20,SCBLPEPLXXX,PAGO PROVEEDOR 08390,BEN
10008391,BENEFICIARIO 08391,001000008391,PEN,6135.93,CITIPEPLXXX,PAGO PROVEEDOR 08391,SHA
10008392,BENEFICIARIO 08392,001000008392,PEN,6136.66,BCPLPEPLXXX,PAGO PROVEEDOR 08392,OUR
10008393,BENEFICIARIO 08393,001000008393,PEN,6137.39,BINPPEPLXXX,PAGO PROVEEDOR 08393,BEN
10008394,BENEFICIARIO 08394,001000008394,PEN,6138.12,SCBLPEPLXXX,PAGO PROVEEDOR 08394,SHA
10008395,BENEFICIARIO 08395,001000008395,USD,6138.85,CITIPEPLXXX,PAGO PROVEEDOR 08395,OUR
10008396,BENEFICIARIO 08396,001000008396,PEN,6139.58,BCPLPEPLXXX,PAGO PROVEEDOR 08396,BEN
10008397,BENEFICIARIO 08397,001000008397,PEN,6140.31,BINPPEPLXXX,PAGO PROVEEDOR 08397,SHA
10008398,BENEFICIARIO 08398,001000008398,PEN,6141.04,SCBLPEPLXXX,PAGO PROVEEDOR 08398,OUR
10008399,BENEFICIARIO 08399,001000008399,PEN,6141.77,CITIPEPLXXX,PAGO PROVEEDOR 08399,BEN
10008400,BENEFICIARIO 08400,001000008400,USD,6142.50,BCPLPEPLXXX,PAGO PROVEEDOR 08400,SHA
10008401,BENEFICIARIO 08401,001000008401,PEN,6143.23,BINPPEPLXXX,PAGO PROVEEDOR 08401,OUR
10008402,BENEFICIARIO 08402,001000008402,PEN,6143.96,SCBLPEPLXXX,PAGO PROVEEDOR 08402,BEN
10008403,BENEFICIARIO 08403,001000008403,PEN,6144.69,CITIPEPLXXX,PAGO PROVEEDOR 08403,SHA
10008404,BENEFICIARIO 08404,001000008404,PEN,6145.42,BCPLPEPLXXX,PAGO PROVEEDOR 08404,OUR
10008405,BENEFICIARIO 08405,001000008405,USD,6146.15,BINPPEPLXXX,PAGO PROVEEDOR 08405,BEN
10008406,BENEFICIARIO 08406,001000008406,PEN,6146.88,SCBLPEPLXXX,PAGO PROVEEDOR 08406,SHA
10008407,BENEFICIARIO 08407,001000008407,PEN,6147.61,CITIPEPLXXX,PAGO PROVEEDOR 08407,OUR
10008408,BENEFICIARIO 08408,001000008408,PEN,6148.34,BCPLPEPLXXX,PAGO PROVEEDOR 08408,BEN
10008409,BENEFICIARIO 08409,001000008409,PEN,6149.07,BINPPEPLXXX,PAGO PROVEEDOR 08409,SHA
10008410,BENEFICIARIO 08410,001000008410,USD,6149.80,SCBLPEPLXXX,PAGO PROVEEDOR 08410,OUR
10008411,BENEFICIARIO 08411,001000008411,PEN,6150.53,CITIPEPLXXX,PAGO PROVEEDOR 08411,BEN
10008412,BENEFICIARIO 08412,001000008412,PEN,6151.26,BCPLPEPLXXX,PAGO PROVEEDOR 08412,SHA
10008413,BENEFICIARIO 08413,001000008413,PEN,6151.99,BINPPEPLXXX,PAGO PROVEEDOR 08413,OUR
10008414,BENEFICIARIO 08414,001000008414,PEN,6152.72,SCBLPEPLXXX,PAGO PROVEEDOR 08414,BEN
10008415,BENEFICIARIO 08415,001000008415,USD,6153.45,CITIPEPLXXX,PAGO PROVEEDOR 08415,SHA
10008416,BENEFICIARIO 08416,001000008416,PEN,6154.18,BCPLPEPLXXX,PAGO PROVEEDOR 08416,OUR
10008417,BENEFICIARIO 08417,001000008417,PEN,6154.91,BINPPEPLXXX,PAGO PROVEEDOR 08417,BEN
10008418,BENEFICIARIO 08418,001000008418,PEN,6155.64,SCBLPEPLXXX,PAGO PROVEEDOR 08418,SHA
10008419,BENEFICIARIO 08419,001000008419,PEN,6156.37,CITIPEPLXXX,PAGO PROVEEDOR 08419,OUR
10008420,BENEFICIARIO 08420,001000008420,USD,6157.10,BCPLPEPLXXX,PAGO PROVEEDOR 08420,BEN
10008421,BENEFICIARIO 08421,001000008421,PEN,6157.83,BINPPEPLXXX,PAGO PROVEEDOR 08421,SHA
10008422,BENEFICIARIO 08422,001000008422,PEN,6158.56,SCBLPEPLXXX,PAGO PROVEEDOR 08422,OUR
10008423,BENEFICIARIO 08423,001000008423,PEN,6159.29,CITIPEPLXXX,PAGO PROVEEDOR 08423,BEN
10008424,BENEFICIARIO 08424,001000008424,PEN,6160.02,BCPLPEPLXXX,PAGO PROVEEDOR 08424,SHA
10008425,BENEFICIARIO 08425,001000008425,USD,6160.75,BINPPEPLXXX,PAGO PROVEEDOR 08425,OUR
10008426,BENEFICIARIO 08426,001000008426,PEN,6161.48,SCBLPEPLXXX,PAGO PROVEEDOR 08426,BEN
10008427,BENEFICIARIO 08427,001000008427,PEN,6162.21,CITIPEPLXXX,PAGO PROVEEDOR 08427,SHA
10008428,BENEFICIARIO 08428,001000008428,PEN,6162.94,BCPLPEPLXXX,PAGO PROVEEDOR 08428,OUR
10008429,BENEFICIARIO 08429,001000008429,PEN,6163.67,BINPPEPLXXX,PAGO PROVEEDOR 08429,BEN
10008430,BENEFICIARIO 08430,001000008430,USD,6164.40,SCBLPEPLXXX,PAGO PROVEEDOR 08430,SHA
10008431,BENEFICIARIO 08431,001000008431,PEN,6165.13,CITIPEPLXXX,PAGO PROVEEDOR 08431,OUR
10008432,BENEFICIARIO 08432,001000008432,PEN,6165.86,BCPLPEPLXXX,PAGO PROVEEDOR 08432,BEN
10008433,BENEFICIARIO 08433,001000008433,PEN,6166.59,BINPPEPLXXX,PAGO PROVEEDOR 08433,SHA
10008434,BENEFICIARIO 08434,001000008434,PEN,6167.32,SCBLPEPLXXX,PAGO PROVEEDOR 08434,OUR
10008435,BENEFICIARIO 08435,001000008435,USD,6168.05,CITIPEPLXXX,PAGO PROVEEDOR 08435,BEN
10008436,BENEFICIARIO 08436,001000008436,PEN,6168.78,BCPLPEPLXXX,PAGO PROVEEDOR 08436,SHA
10008437,BENEFICIARIO 08437,001000008437,PEN,6169.51,BINPPEPLXXX,PAGO PROVEEDOR 08437,OUR
10008438,BENEFICIARIO 08438,001000008438,PEN,6170.24,SCBLPEPLXXX,PAGO PROVEEDOR 08438,BEN
10008439,BENEFICIARIO 08439,001000008439,PEN,6170.97,CITIPEPLXXX,PAGO PROVEEDOR 08439,SHA
10008440,BENEFICIARIO 08440,001000008440,USD,6171.70,BCPLPEPLXXX,PAGO PROVEEDOR 08440,OUR
10008441,BENEFICIARIO 08441,001000008441,PEN,6172.43,BINPPEPLXXX,PAGO PROVEEDOR 08441,BEN
10008442,BENEFICIARIO 08442,001000008442,PEN,6173.16,SCBLPEPLXXX,PAGO PROVEEDOR 08442,SHA
10008443,BENEFICIARIO 08443,001000008443,PEN,6173.89,CITIPEPLXXX,PAGO PROVEEDOR 08443,OUR
10008444,BENEFICIARIO 08444,001000008444,PEN,6174.62,BCPLPEPLXXX,PAGO PROVEEDOR 08444,BEN
10008445,BENEFICIARIO 08445,001000008445,USD,6175.35,BINPPEPLXXX,PAGO PROVEEDOR 08445,SHA
10008446,BENEFICIARIO 08446,001000008446,PEN,6176.08,SCBLPEPLXXX,PAGO PROVEEDOR 08446,OUR
10008447,BENEFICIARIO 08447,001000008447,PEN,6176.81,CITIPEPLXXX,PAGO PROVEEDOR 08447,BEN
10008448,BENEFICIARIO 08448,001000008448,PEN,6177.54,BCPLPEPLXXX,PAGO PROVEEDOR 08448,SHA
10008449,BENEFICIARIO 08449,001000008449,PEN,6178.27,BINPPEPLXXX,PAGO PROVEEDOR 08449,OUR
10008450,BENEFICIARIO 08450,001000008450,USD,6179.00,SCBLPEPLXXX,PAGO PROVEEDOR 08450,BEN
10008451,BENEFICIARIO 08451,001000008451,PEN,6179.73,CITIPEPLXXX,PAGO PROVEEDOR 08451,SHA
10008452,BENEFICIARIO 08452,001000008452,PEN,6180.46,BCPLPEPLXXX,PAGO PROVEEDOR 08452,OUR
10008453,BENEFICIARIO 08453,001000008453,PEN,6181.19,BINPPEPLXXX,PAGO PROVEEDOR 08453,BEN
10008454,BENEFICIARIO 08454,001000008454,PEN,6181.92,SCBLPEPLXXX,PAGO PROVEEDOR 08454,SHA
10008455,BENEFICIARIO 08455,001000008455,USD,6182.65,CITIPEPLXXX,PAGO PROVEEDOR 08455,OUR
10008456,BENEFICIARIO 08456,001000008456,PEN,6183.38,BCPLPEPLXXX,PAGO PROVEEDOR 08456,BEN
10008457,BENEFICIARIO 08457,001000008457,PEN,6184.11,BINPPEPLXXX,PAGO PROVEEDOR 08457,SHA
10008458,BENEFICIARIO 08458,001000008458,PEN,6184.84,SCBLPEPLXXX,PAGO PROVEEDOR 08458,OUR
10008459,BENEFICIARIO 08459,001000008459,PEN,6185.57,CITIPEPLXXX,PAGO PROVEEDOR 08459,BEN
10008460,BENEFICIARIO 08460,001000008460,USD,6186.30,BCPLPEPLXXX,PAGO PROVEEDOR 08460,SHA
10008461,BENEFICIARIO 08461,001000008461,PEN,6187.03,BINPPEPLXXX,PAGO PROVEEDOR 08461,OUR
10008462,BENEFICIARIO 08462,001000008462,PEN,6187.76,SCBLPEPLXXX,PAGO PROVEEDOR 08462,BEN
10008463,BENEFICIARIO 08463,001000008463,PEN,6188.49,CITIPEPLXXX,PAGO PROVEEDOR 08463,SHA
10008464,BENEFICIARIO 08464,001000008464,PEN,6189.22,BCPLPEPLXXX,PAGO PROVEEDOR 08464,OUR
10008465,BENEFICIARIO 08465,001000008465,USD,6189.95,BINPPEPLXXX,PAGO PROVEEDOR 08465,BEN
10008466,BENEFICIARIO 08466,001000008466,PEN,6190.68,SCBLPEPLXXX,PAGO PROVEEDOR 08466,SHA
10008467,BENEFICIARIO 08467,001000008467,PEN,6191.41,CITIPEPLXXX,PAGO PROVEEDOR 08467,OUR
10008468,BENEFICIARIO 08468,001000008468,PEN,6192.14,BCPLPEPLXXX,PAGO PROVEEDOR 08468,BEN
10008469,BENEFICIARIO 08469,001000008469,PEN,6192.87,BINPPEPLXXX,PAGO PROVEEDOR 08469,SHA
10008470,BENEFICIARIO 08470,001000008470,USD,6193.60,SCBLPEPLXXX,PAGO PROVEEDOR 08470,OUR
10008471,BENEFICIARIO 08471,001000008471,PEN,6194.33,CITIPEPLXXX,PAGO PROVEEDOR 08471,BEN
10008472,BENEFICIARIO 08472,001000008472,PEN,6195.06,BCPLPEPLXXX,PAGO PROVEEDOR 08472,SHA
10008473,BENEFICIARIO 08473,001000008473,PEN,6195.79,BINPPEPLXXX,PAGO PROVEEDOR 08473,OUR
10008474,BENEFICIARIO 08474,001000008474,PEN,6196.52,SCBLPEPLXXX,PAGO PROVEEDOR 08474,BEN
10008475,BENEFICIARIO 08475,001000008475,USD,6197.25,CITIPEPLXXX,PAGO PROVEEDOR 08475,SHA
10008476,BENEFICIARIO 08476,001000008476,PEN,6197.98,BCPLPEPLXXX,PAGO PROVEEDOR 08476,OUR
10008477,BENEFICIARIO 08477,001000008477,PEN,6198.71,BINPPEPLXXX,PAGO PROVEEDOR 08477,BEN
10008478,BENEFICIARIO 08478,001000008478,PEN,6199.44,SCBLPEPLXXX,PAGO PROVEEDOR 08478,SHA
10008479,BENEFICIARIO 08479,001000008479,PEN,6200.17,CITIPEPLXXX,PAGO PROVEEDOR 08479,OUR
10008480,BENEFICIARIO 08480,001000008480,USD,6200.90,BCPLPEPLXXX,PAGO PROVEEDOR 08480,BEN
10008481,BENEFICIARIO 08481,001000008481,PEN,6201.63,BINPPEPLXXX,PAGO PROVEEDOR 08481,SHA
10008482,BENEFICIARIO 08482,001000008482,PEN,6202.36,SCBLPEPLXXX,PAGO PROVEEDOR 08482,OUR
10008483,BENEFICIARIO 08483,001000008483,PEN,6203.09,CITIPEPLXXX,PAGO PROVEEDOR 08483,BEN
10008484,BENEFICIARIO 08484,001000008484,PEN,6203.82,BCPLPEPLXXX,PAGO PROVEEDOR 08484,SHA
10008485,BENEFICIARIO 08485,001000008485,USD,6204.55,BINPPEPLXXX,PAGO PROVEEDOR 08485,OUR
10008486,BENEFICIARIO 08486,001000008486,PEN,6205.28,SCBLPEPLXXX,PAGO PROVEEDOR 08486,BEN
10008487,BENEFICIARIO 08487,001000008487,PEN,6206.01,CITIPEPLXXX,PAGO PROVEEDOR 08487,SHA
10008488,BENEFICIARIO 08488,001000008488,PEN,6206.74,BCPLPEPLXXX,PAGO PROVEEDOR 08488,OUR
10008489,BENEFICIARIO 08489,001000008489,PEN,6207.47,BINPPEPLXXX,PAGO PROVEEDOR 08489,BEN
10008490,BENEFICIARIO 08490,001000008490,USD,6208.20,SCBLPEPLXXX,PAGO PROVEEDOR 08490,SHA
10008491,BENEFICIARIO 08491,001000008491,PEN,6208.93,CITIPEPLXXX,PAGO PROVEEDOR 08491,OUR
10008492,BENEFICIARIO 08492,001000008492,PEN,6209.66,BCPLPEPLXXX,PAGO PROVEEDOR 08492,BEN
10008493,BENEFICIARIO 08493,001000008493,PEN,6210.39,BINPPEPLXXX,PAGO PROVEEDOR 08493,SHA
10008494,BENEFICIARIO 08494,001000008494,PEN,6211.12,SCBLPEPLXXX,PAGO PROVEEDOR 08494,OUR
10008495,BENEFICIARIO 08495,001000008495,USD,6211.85,CITIPEPLXXX,PAGO PROVEEDOR 08495,BEN
10008496,BENEFICIARIO 08496,001000008496,PEN,6212.58,BCPLPEPLXXX,PAGO PROVEEDOR 08496,SHA
10008497,BENEFICIARIO 08497,001000008497,PEN,6213.31,BINPPEPLXXX,PAGO PROVEEDOR 08497,OUR
10008498,BENEFICIARIO 08498,001000008498,PEN,6214.04,SCBLPEPLXXX,PAGO PROVEEDOR 08498,BEN
10008499,BENEFICIARIO 08499,001000008499,PEN,6214.77,CITIPEPLXXX,PAGO PROVEEDOR 08499,SHA
10008500,BENEFICIARIO 08500,001000008500,USD,6215.50,BCPLPEPLXXX,PAGO PROVEEDOR 08500,OUR
10008501,BENEFICIARIO 08501,001000008501,PEN,6216.23,BINPPEPLXXX,PAGO PROVEEDOR 08501,BEN
10008502,BENEFICIARIO 08502,001000008502,PEN,6216.96,SCBLPEPLXXX,PAGO PROVEEDOR 08502,SHA
10008503,BENEFICIARIO 08503,001000008503,PEN,6217.69,CITIPEPLXXX,PAGO PROVEEDOR 08503,OUR
10008504,BENEFICIARIO 08504,001000008504,PEN,6218.42,BCPLPEPLXXX,PAGO PROVEEDOR 08504,BEN
10008505,BENEFICIARIO 08505,001000008505,USD,6219.15,BINPPEPLXXX,PAGO PROVEEDOR 08505,SHA
10008506,BENEFICIARIO 08506,001000008506,PEN,6219.88,SCBLPEPLXXX,PAGO PROVEEDOR 08506,OUR
10008507,BENEFICIARIO 08507,001000008507,PEN,6220.61,CITIPEPLXXX,PAGO PROVEEDOR 08507,BEN
10008508,BENEFICIARIO 08508,001000008508,PEN,6221.34,BCPLPEPLXXX,PAGO PROVEEDOR 08508,SHA
10008509,BENEFICIARIO 08509,001000008509,PEN,6222.07,BINPPEPLXXX,PAGO PROVEEDOR 08509,OUR
10008510,BENEFICIARIO 08510,001000008510,USD,6222.80,SCBLPEPLXXX,PAGO PROVEEDOR 08510,BEN
10008511,BENEFICIARIO 08511,001000008511,PEN,6223.53,CITIPEPLXXX,PAGO PROVEEDOR 08511,SHA
10008512,BENEFICIARIO 08512,001000008512,PEN,6224.26,BCPLPEPLXXX,PAGO PROVEEDOR 08512,OUR
10008513,BENEFICIARIO 08513,001000008513,PEN,6224.99,BINPPEPLXXX,PAGO PROVEEDOR 08513,BEN
10008514,BENEFICIARIO 08514,001000008514,PEN,6225.72,SCBLPEPLXXX,PAGO PROVEEDOR 08514,SHA
10008515,BENEFICIARIO 08515,001000008515,USD,6226.45,CITIPEPLXXX,PAGO PROVEEDOR 08515,OUR
10008516,BENEFICIARIO 08516,001000008516,PEN,6227.18,BCPLPEPLXXX,PAGO PROVEEDOR 08516,BEN
10008517,BENEFICIARIO 08517,001000008517,PEN,6227.91,BINPPEPLXXX,PAGO PROVEEDOR 08517,SHA
10008518,BENEFICIARIO 08518,001000008518,PEN,6228.64,SCBLPEPLXXX,PAGO PROVEEDOR 08518,OUR
10008519,BENEFICIARIO 08519,001000008519,PEN,6229.37,CITIPEPLXXX,PAGO PROVEEDOR 08519,BEN
10008520,BENEFICIARIO 08520,001000008520,USD,6230.10,BCPLPEPLXXX,PAGO PROVEEDOR 08520,SHA
10008521,BENEFICIARIO 08521,001000008521,PEN,6230.83,BINPPEPLXXX,PAGO PROVEEDOR 08521,OUR
10008522,BENEFICIARIO 08522,001000008522,PEN,6231.56,SCBLPEPLXXX,PAGO PROVEEDOR 08522,BEN
10008523,BENEFICIARIO 08523,001000008523,PEN,6232.29,CITIPEPLXXX,PAGO PROVEEDOR 08523,SHA
10008524,BENEFICIARIO 08524,001000008524,PEN,6233.02,BCPLPEPLXXX,PAGO PROVEEDOR 08524,OUR
10008525,BENEFICIARIO 08525,001000008525,USD,6233.75,BINPPEPLXXX,PAGO PROVEEDOR 08525,BEN
10008526,BENEFICIARIO 08526,001000008526,PEN,6234.48,SCBLPEPLXXX,PAGO PROVEEDOR 08526,SHA
10008527,BENEFICIARIO 08527,001000008527,PEN,6235.21,CITIPEPLXXX,PAGO PROVEEDOR 08527,OUR
10008528,BENEFICIARIO 08528,001000008528,PEN,6235.94,BCPLPEPLXXX,PAGO PROVEEDOR 08528,BEN
10008529,BENEFICIARIO 08529,001000008529,PEN,6236.67,BINPPEPLXXX,PAGO PROVEEDOR 08529,SHA
10008530,BENEFICIARIO 08530,001000008530,USD,6237.40,SCBLPEPLXXX,PAGO PROVEEDOR 08530,OUR
10008531,BENEFICIARIO 08531,001000008531,PEN,6238.13,CITIPEPLXXX,PAGO PROVEEDOR 08531,BEN
10008532,BENEFICIARIO 08532,001000008532,PEN,6238.86,BCPLPEPLXXX,PAGO PROVEEDOR 08532,SHA
10008533,BENEFICIARIO 08533,001000008533,PEN,6239.59,BINPPEPLXXX,PAGO PROVEEDOR 08533,OUR
10008534,BENEFICIARIO 08534,001000008534,PEN,6240.32,SCBLPEPLXXX,PAGO PROVEEDOR 08534,BEN
10008535,BENEFICIARIO 08535,001000008535,USD,6241.05,CITIPEPLXXX,PAGO PROVEEDOR 08535,SHA
10008536,BENEFICIARIO 08536,001000008536,PEN,6241.78,BCPLPEPLXXX,PAGO PROVEEDOR 08536,OUR
10008537,BENEFICIARIO 08537,001000008537,PEN,6242.51,BINPPEPLXXX,PAGO PROVEEDOR 08537,BEN
10008538,BENEFICIARIO 08538,001000008538,PEN,6243.24,SCBLPEPLXXX,PAGO PROVEEDOR 08538,SHA
10008539,BENEFICIARIO 08539,001000008539,PEN,6243.97,CITIPEPLXXX,PAGO PROVEEDOR 08539,OUR
10008540,BENEFICIARIO 08540,001000008540,USD,6244.70,BCPLPEPLXXX,PAGO PROVEEDOR 08540,BEN
10008541,BENEFICIARIO 08541,001000008541,PEN,6245.43,BINPPEPLXXX,PAGO PROVEEDOR 08541,SHA
10008542,BENEFICIARIO 08542,001000008542,PEN,6246.16,SCBLPEPLXXX,PAGO PROVEEDOR 08542,OUR
10008543,BENEFICIARIO 08543,001000008543,PEN,6246.89,CITIPEPLXXX,PAGO PROVEEDOR 08543,BEN
10008544,BENEFICIARIO 08544,001000008544,PEN,6247.62,BCPLPEPLXXX,PAGO PROVEEDOR 08544,SHA
10008545,BENEFICIARIO 08545,001000008545,USD,6248.35,BINPPEPLXXX,PAGO PROVEEDOR 08545,OUR
10008546,BENEFICIARIO 08546,001000008546,PEN,6249.08,SCBLPEPLXXX,PAGO PROVEEDOR 08546,BEN
10008547,BENEFICIARIO 08547,001000008547,PEN,6249.81,CITIPEPLXXX,PAGO PROVEEDOR 08547,SHA
10008548,BENEFICIARIO 08548,001000008548,PEN,6250.54,BCPLPEPLXXX,PAGO PROVEEDOR 08548,OUR
10008549,BENEFICIARIO 08549,001000008549,PEN,6251.27,BINPPEPLXXX,PAGO PROVEEDOR 08549,BEN
10008550,BENEFICIARIO 08550,001000008550,USD,6252.00,SCBLPEPLXXX,PAGO PROVEEDOR 08550,SHA
10008551,BENEFICIARIO 08551,001000008551,PEN,6252.73,CITIPEPLXXX,PAGO PROVEEDOR 08551,OUR
10008552,BENEFICIARIO 08552,001000008552,PEN,6253.46,BCPLPEPLXXX,PAGO PROVEEDOR 08552,BEN
10008553,BENEFICIARIO 08553,001000008553,PEN,6254.19,BINPPEPLXXX,PAGO PROVEEDOR 08553,SHA
10008554,BENEFICIARIO 08554,001000008554,PEN,6254.92,SCBLPEPLXXX,PAGO PROVEEDOR 08554,OUR
10008555,BENEFICIARIO 08555,001000008555,USD,6255.65,CITIPEPLXXX,PAGO PROVEEDOR 08555,BEN
10008556,BENEFICIARIO 08556,001000008556,PEN,6256.38,BCPLPEPLXXX,PAGO PROVEEDOR 08556,SHA
10008557,BENEFICIARIO 08557,001000008557,PEN,6257.11,BINPPEPLXXX,PAGO PROVEEDOR 08557,OUR
10008558,BENEFICIARIO 08558,001000008558,PEN,6257.84,SCBLPEPLXXX,PAGO PROVEEDOR 08558,BEN
10008559,BENEFICIARIO 08559,001000008559,PEN,6258.57,CITIPEPLXXX,PAGO PROVEEDOR 08559,SHA
10008560,BENEFICIARIO 08560,001000008560,USD,6259.30,BCPLPEPLXXX,PAGO PROVEEDOR 08560,OUR
10008561,BENEFICIARIO 08561,001000008561,PEN,6260.03,BINPPEPLXXX,PAGO PROVEEDOR 08561,BEN
10008562,BENEFICIARIO 08562,001000008562,PEN,6260.76,SCBLPEPLXXX,PAGO PROVEEDOR 08562,SHA
10008563,BENEFICIARIO 08563,001000008563,PEN,6261.49,CITIPEPLXXX,PAGO PROVEEDOR 08563,OUR
10008564,BENEFICIARIO 08564,001000008564,PEN,6262.22,BCPLPEPLXXX,PAGO PROVEEDOR 08564,BEN
10008565,BENEFICIARIO 08565,001000008565,USD,6262.95,BINPPEPLXXX,PAGO PROVEEDOR 08565,SHA
10008566,BENEFICIARIO 08566,001000008566,PEN,6263.68,SCBLPEPLXXX,PAGO PROVEEDOR 08566,OUR
10008567,BENEFICIARIO 08567,001000008567,PEN,6264.41,CITIPEPLXXX,PAGO PROVEEDOR 08567,BEN
10008568,BENEFICIARIO 08568,001000008568,PEN,6265.14,BCPLPEPLXXX,PAGO PROVEEDOR 08568,SHA
10008569,BENEFICIARIO 08569,001000008569,PEN,6265.87,BINPPEPLXXX,PAGO PROVEEDOR 08569,OUR
10008570,BENEFICIARIO 08570,001000008570,USD,6266.60,SCBLPEPLXXX,PAGO PROVEEDOR 08570,BEN
10008571,BENEFICIARIO 08571,001000008571,PEN,6267.33,CITIPEPLXXX,PAGO PROVEEDOR 08571,SHA
10008572,BENEFICIARIO 08572,001000008572,PEN,6268.06,BCPLPEPLXXX,PAGO PROVEEDOR 08572,OUR
10008573,BENEFICIARIO 08573,001000008573,PEN,6268.79,BINPPEPLXXX,PAGO PROVEEDOR 08573,BEN
10008574,BENEFICIARIO 08574,001000008574,PEN,6269.52,SCBLPEPLXXX,PAGO PROVEEDOR 08574,SHA
10008575,BENEFICIARIO 08575,001000008575,USD,6270.25,CITIPEPLXXX,PAGO PROVEEDOR 08575,OUR
10008576,BENEFICIARIO 08576,001000008576,PEN,6270.98,BCPLPEPLXXX,PAGO PROVEEDOR 08576,BEN
10008577,BENEFICIARIO 08577,001000008577,PEN,6271.71,BINPPEPLXXX,PAGO PROVEEDOR 08577,SHA
10008578,BENEFICIARIO 08578,001000008578,PEN,6272.44,SCBLPEPLXXX,PAGO PROVEEDOR 08578,OUR
10008579,BENEFICIARIO 08579,001000008579,PEN,6273.17,CITIPEPLXXX,PAGO PROVEEDOR 08579,BEN
10008580,BENEFICIARIO 08580,001000008580,USD,6273.90,BCPLPEPLXXX,PAGO PROVEEDOR 08580,SHA
10008581,BENEFICIARIO 08581,001000008581,PEN,6274.63,BINPPEPLXXX,PAGO PROVEEDOR 08581,OUR
10008582,BENEFICIARIO 08582,001000008582,PEN,6275.36,SCBLPEPLXXX,PAGO PROVEEDOR 08582,BEN
10008583,BENEFICIARIO 08583,001000008583,PEN,6276.09,CITIPEPLXXX,PAGO PROVEEDOR 08583,SHA
10008584,BENEFICIARIO 08584,001000008584,PEN,6276.82,BCPLPEPLXXX,PAGO PROVEEDOR 08584,OUR
10008585,BENEFICIARIO 08585,001000008585,USD,6277.55,BINPPEPLXXX,PAGO PROVEEDOR 08585,BEN
10008586,BENEFICIARIO 08586,001000008586,PEN,6278.28,SCBLPEPLXXX,PAGO PROVEEDOR 08586,SHA
10008587,BENEFICIARIO 08587,001000008587,PEN,6279.01,CITIPEPLXXX,PAGO PROVEEDOR 08587,OUR
10008588,BENEFICIARIO 08588,001000008588,PEN,6279.74,BCPLPEPLXXX,PAGO PROVEEDOR 08588,BEN
10008589,BENEFICIARIO 08589,001000008589,PEN,6280.47,BINPPEPLXXX,PAGO PROVEEDOR 08589,SHA
10008590,BENEFICIARIO 08590,001000008590,USD,6281.20,SCBLPEPLXXX,PAGO PROVEEDOR 08590,OUR
10008591,BENEFICIARIO 08591,001000008591,PEN,6281.93,CITIPEPLXXX,PAGO PROVEEDOR 08591,BEN
10008592,BENEFICIARIO 08592,001000008592,PEN,6282.66,BCPLPEPLXXX,PAGO PROVEEDOR 08592,SHA
10008593,BENEFICIARIO 08593,001000008593,PEN,6283.39,BINPPEPLXXX,PAGO PROVEEDOR 08593,OUR
10008594,BENEFICIARIO 08594,001000008594,PEN,6284.12,SCBLPEPLXXX,PAGO PROVEEDOR 08594,BEN
10008595,BENEFICIARIO 08595,001000008595,USD,6284.85,CITIPEPLXXX,PAGO PROVEEDOR 08595,SHA
10008596,BENEFICIARIO 08596,001000008596,PEN,6285.58,BCPLPEPLXXX,PAGO PROVEEDOR 08596,OUR
10008597,BENEFICIARIO 08597,001000008597,PEN,6286.31,BINPPEPLXXX,PAGO PROVEEDOR 08597,BEN
10008598,BENEFICIARIO 08598,001000008598,PEN,6287.04,SCBLPEPLXXX,PAGO PROVEEDOR 08598,SHA
10008599,BENEFICIARIO 08599,001000008599,PEN,6287.77,CITIPEPLXXX,PAGO PROVEEDOR 08599,OUR
10008600,BENEFICIARIO 08600,001000008600,USD,6288.50,BCPLPEPLXXX,PAGO PROVEEDOR 08600,BEN
10008601,BENEFICIARIO 08601,001000008601,PEN,6289.23,BINPPEPLXXX,PAGO PROVEEDOR 08601,SHA
10008602,BENEFICIARIO 08602,001000008602,PEN,6289.96,SCBLPEPLXXX,PAGO PROVEEDOR 08602,OUR
10008603,BENEFICIARIO 08603,001000008603,PEN,6290.69,CITIPEPLXXX,PAGO PROVEEDOR 08603,BEN
10008604,BENEFICIARIO 08604,001000008604,PEN,6291.42,BCPLPEPLXXX,PAGO PROVEEDOR 08604,SHA
10008605,BENEFICIARIO 08605,001000008605,USD,6292.15,BINPPEPLXXX,PAGO PROVEEDOR 08605,OUR
10008606,BENEFICIARIO 08606,001000008606,PEN,6292.88,SCBLPEPLXXX,PAGO PROVEEDOR 08606,BEN
10008607,BENEFICIARIO 08607,001000008607,PEN,6293.61,CITIPEPLXXX,PAGO PROVEEDOR 08607,SHA
10008608,BENEFICIARIO 08608,001000008608,PEN,6294.34,BCPLPEPLXXX,PAGO PROVEEDOR 08608,OUR
10008609,BENEFICIARIO 08609,001000008609,PEN,6295.07,BINPPEPLXXX,PAGO PROVEEDOR 08609,BEN
10008610,BENEFICIARIO 08610,001000008610,USD,6295.80,SCBLPEPLXXX,PAGO PROVEEDOR 08610,SHA
10008611,BENEFICIARIO 08611,001000008611,PEN,6296.53,CITIPEPLXXX,PAGO PROVEEDOR 08611,OUR
10008612,BENEFICIARIO 08612,001000008612,PEN,6297.26,BCPLPEPLXXX,PAGO PROVEEDOR 08612,BEN
10008613,BENEFICIARIO 08613,001000008613,PEN,6297.99,BINPPEPLXXX,PAGO PROVEEDOR 08613,SHA
10008614,BENEFICIARIO 08614,001000008614,PEN,6298.72,SCBLPEPLXXX,PAGO PROVEEDOR 08614,OUR
10008615,BENEFICIARIO 08615,001000008615,USD,6299.45,CITIPEPLXXX,PAGO PROVEEDOR 08615,BEN
10008616,BENEFICIARIO 08616,001000008616,PEN,6300.18,BCPLPEPLXXX,PAGO PROVEEDOR 08616,SHA
10008617,BENEFICIARIO 08617,001000008617,PEN,6300.91,BINPPEPLXXX,PAGO PROVEEDOR 08617,OUR
10008618,BENEFICIARIO 08618,001000008618,PEN,6301.64,SCBLPEPLXXX,PAGO PROVEEDOR 08618,BEN
10008619,BENEFICIARIO 08619,001000008619,PEN,6302.37,CITIPEPLXXX,PAGO PROVEEDOR 08619,SHA
10008620,BENEFICIARIO 08620,001000008620,USD,6303.10,BCPLPEPLXXX,PAGO PROVEEDOR 08620,OUR
10008621,BENEFICIARIO 08621,001000008621,PEN,6303.83,BINPPEPLXXX,PAGO PROVEEDOR 08621,BEN
10008622,BENEFICIARIO 08622,001000008622,PEN,6304.56,SCBLPEPLXXX,PAGO PROVEEDOR 08622,SHA
10008623,BENEFICIARIO 08623,001000008623,PEN,6305.29,CITIPEPLXXX,PAGO PROVEEDOR 08623,OUR
10008624,BENEFICIARIO 08624,001000008624,PEN,6306.02,BCPLPEPLXXX,PAGO PROVEEDOR 08624,BEN
10008625,BENEFICIARIO 08625,001000008625,USD,6306.75,BINPPEPLXXX,PAGO PROVEEDOR 08625,SHA
10008626,BENEFICIARIO 08626,001000008626,PEN,6307.48,SCBLPEPLXXX,PAGO PROVEEDOR 08626,OUR
10008627,BENEFICIARIO 08627,001000008627,PEN,6308.21,CITIPEPLXXX,PAGO PROVEEDOR 08627,BEN
10008628,BENEFICIARIO 08628,001000008628,PEN,6308.94,BCPLPEPLXXX,PAGO PROVEEDOR 08628,SHA
10008629,BENEFICIARIO 08629,001000008629,PEN,6309.67,BINPPEPLXXX,PAGO PROVEEDOR 08629,OUR
10008630,BENEFICIARIO 08630,001000008630,USD,6310.40,SCBLPEPLXXX,PAGO PROVEEDOR 08630,BEN
10008631,BENEFICIARIO 08631,001000008631,PEN,6311.13,CITIPEPLXXX,PAGO PROVEEDOR 08631,SHA
10008632,BENEFICIARIO 08632,001000008632,PEN,6311.86,BCPLPEPLXXX,PAGO PROVEEDOR 08632,OUR
10008633,BENEFICIARIO 08633,001000008633,PEN,6312.59,BINPPEPLXXX,PAGO PROVEEDOR 08633,BEN
10008634,BENEFICIARIO 08634,001000008634,PEN,6313.32,SCBLPEPLXXX,PAGO PROVEEDOR 08634,SHA
10008635,BENEFICIARIO 08635,001000008635,USD,6314.05,CITIPEPLXXX,PAGO PROVEEDOR 08635,OUR
10008636,BENEFICIARIO 08636,001000008636,PEN,6314.78,BCPLPEPLXXX,PAGO PROVEEDOR 08636,BEN
10008637,BENEFICIARIO 08637,001000008637,PEN,6315.51,BINPPEPLXXX,PAGO PROVEEDOR 08637,SHA
10008638,BENEFICIARIO 08638,001000008638,PEN,6316.24,SCBLPEPLXXX,PAGO PROVEEDOR 08638,OUR
10008639,BENEFICIARIO 08639,001000008639,PEN,6316.97,CITIPEPLXXX,PAGO PROVEEDOR 08639,BEN
10008640,BENEFICIARIO 08640,001000008640,USD,6317.70,BCPLPEPLXXX,PAGO PROVEEDOR 08640,SHA
10008641,BENEFICIARIO 08641,001000008641,PEN,6318.43,BINPPEPLXXX,PAGO PROVEEDOR 08641,OUR
10008642,BENEFICIARIO 08642,001000008642,PEN,6319.16,SCBLPEPLXXX,PAGO PROVEEDOR 08642,BEN
10008643,BENEFICIARIO 08643,001000008643,PEN,6319.89,CITIPEPLXXX,PAGO PROVEEDOR 08643,SHA
10008644,BENEFICIARIO 08644,001000008644,PEN,6320.62,BCPLPEPLXXX,PAGO PROVEEDOR 08644,OUR
10008645,BENEFICIARIO 08645,001000008645,USD,6321.35,BINPPEPLXXX,PAGO PROVEEDOR 08645,BEN
10008646,BENEFICIARIO 08646,001000008646,PEN,6322.08,SCBLPEPLXXX,PAGO PROVEEDOR 08646,SHA
10008647,BENEFICIARIO 08647,001000008647,PEN,6322.81,CITIPEPLXXX,PAGO PROVEEDOR 08647,OUR
10008648,BENEFICIARIO 08648,001000008648,PEN,6323.54,BCPLPEPLXXX,PAGO PROVEEDOR 08648,BEN
10008649,BENEFICIARIO 08649,001000008649,PEN,6324.27,BINPPEPLXXX,PAGO PROVEEDOR 08649,SHA
10008650,BENEFICIARIO 08650,001000008650,USD,6325.00,SCBLPEPLXXX,PAGO PROVEEDOR 08650,OUR
10008651,BENEFICIARIO 08651,001000008651,PEN,6325.73,CITIPEPLXXX,PAGO PROVEEDOR 08651,BEN
10008652,BENEFICIARIO 08652,001000008652,PEN,6326.46,BCPLPEPLXXX,PAGO PROVEEDOR 08652,SHA
10008653,BENEFICIARIO 08653,001000008653,PEN,6327.19,BINPPEPLXXX,PAGO PROVEEDOR 08653,OUR
10008654,BENEFICIARIO 08654,001000008654,PEN,6327.92,SCBLPEPLXXX,PAGO PROVEEDOR 08654,BEN
10008655,BENEFICIARIO 08655,001000008655,USD,6328.65,CITIPEPLXXX,PAGO PROVEEDOR 08655,SHA
10008656,BENEFICIARIO 08656,001000008656,PEN,6329.38,BCPLPEPLXXX,PAGO PROVEEDOR 08656,OUR
10008657,BENEFICIARIO 08657,001000008657,PEN,6330.11,BINPPEPLXXX,PAGO PROVEEDOR 08657,BEN
10008658,BENEFICIARIO 08658,001000008658,PEN,6330.84,SCBLPEPLXXX,PAGO PROVEEDOR 08658,SHA
10008659,BENEFICIARIO 08659,001000008659,PEN,6331.57,CITIPEPLXXX,PAGO PROVEEDOR 08659,OUR
10008660,BENEFICIARIO 08660,001000008660,USD,6332.30,BCPLPEPLXXX,PAGO PROVEEDOR 08660,BEN
10008661,BENEFICIARIO 08661,001000008661,PEN,6333.03,BINPPEPLXXX,PAGO PROVEEDOR 08661,SHA
10008662,BENEFICIARIO 08662,001000008662,PEN,6333.76,SCBLPEPLXXX,PAGO PROVEEDOR 08662,OUR
10008663,BENEFICIARIO 08663,001000008663,PEN,6334.49,CITIPEPLXXX,PAGO PROVEEDOR 08663,BEN
10008664,BENEFICIARIO 08664,001000008664,PEN,6335.22,BCPLPEPLXXX,PAGO PROVEEDOR 08664,SHA
10008665,BENEFICIARIO 08665,001000008665,USD,6335.95,BINPPEPLXXX,PAGO PROVEEDOR 08665,OUR
10008666,BENEFICIARIO 08666,001000008666,PEN,6336.68,SCBLPEPLXXX,PAGO PROVEEDOR 08666,BEN
10008667,BENEFICIARIO 08667,001000008667,PEN,6337.41,CITIPEPLXXX,PAGO PROVEEDOR 08667,SHA
10008668,BENEFICIARIO 08668,001000008668,PEN,6338.14,BCPLPEPLXXX,PAGO PROVEEDOR 08668,OUR
10008669,BENEFICIARIO 08669,001000008669,PEN,6338.87,BINPPEPLXXX,PAGO PROVEEDOR 08669,BEN
10008670,BENEFICIARIO 08670,001000008670,USD,6339.60,SCBLPEPLXXX,PAGO PROVEEDOR 08670,SHA
10008671,BENEFICIARIO 08671,001000008671,PEN,6340.33,CITIPEPLXXX,PAGO PROVEEDOR 08671,OUR
10008672,BENEFICIARIO 08672,001000008672,PEN,6341.06,BCPLPEPLXXX,PAGO PROVEEDOR 08672,BEN
10008673,BENEFICIARIO 08673,001000008673,PEN,6341.79,BINPPEPLXXX,PAGO PROVEEDOR 08673,SHA
10008674,BENEFICIARIO 08674,001000008674,PEN,6342.52,SCBLPEPLXXX,PAGO PROVEEDOR 08674,OUR
10008675,BENEFICIARIO 08675,001000008675,USD,6343.25,CITIPEPLXXX,PAGO PROVEEDOR 08675,BEN
10008676,BENEFICIARIO 08676,001000008676,PEN,6343.98,BCPLPEPLXXX,PAGO PROVEEDOR 08676,SHA
10008677,BENEFICIARIO 08677,001000008677,PEN,6344.71,BINPPEPLXXX,PAGO PROVEEDOR 08677,OUR
10008678,BENEFICIARIO 08678,001000008678,PEN,6345.44,SCBLPEPLXXX,PAGO PROVEEDOR 08678,BEN
10008679,BENEFICIARIO 08679,001000008679,PEN,6346.17,CITIPEPLXXX,PAGO PROVEEDOR 08679,SHA
10008680,BENEFICIARIO 08680,001000008680,USD,6346.90,BCPLPEPLXXX,PAGO PROVEEDOR 08680,OUR
10008681,BENEFICIARIO 08681,001000008681,PEN,6347.63,BINPPEPLXXX,PAGO PROVEEDOR 08681,BEN
10008682,BENEFICIARIO 08682,001000008682,PEN,6348.36,SCBLPEPLXXX,PAGO PROVEEDOR 08682,SHA
10008683,BENEFICIARIO 08683,001000008683,PEN,6349.09,CITIPEPLXXX,PAGO PROVEEDOR 08683,OUR
10008684,BENEFICIARIO 08684,001000008684,PEN,6349.82,BCPLPEPLXXX,PAGO PROVEEDOR 08684,BEN
10008685,BENEFICIARIO 08685,001000008685,USD,6350.55,BINPPEPLXXX,PAGO PROVEEDOR 08685,SHA
10008686,BENEFICIARIO 08686,001000008686,PEN,6351.28,SCBLPEPLXXX,PAGO PROVEEDOR 08686,OUR
10008687,BENEFICIARIO 08687,001000008687,PEN,6352.01,CITIPEPLXXX,PAGO PROVEEDOR 08687,BEN
10008688,BENEFICIARIO 08688,001000008688,PEN,6352.74,BCPLPEPLXXX,PAGO PROVEEDOR 08688,SHA
10008689,BENEFICIARIO 08689,001000008689,PEN,6353.47,BINPPEPLXXX,PAGO PROVEEDOR 08689,OUR
10008690,BENEFICIARIO 08690,001000008690,USD,6354.20,SCBLPEPLXXX,PAGO PROVEEDOR 08690,BEN
10008691,BENEFICIARIO 08691,001000008691,PEN,6354.93,CITIPEPLXXX,PAGO PROVEEDOR 08691,SHA
10008692,BENEFICIARIO 08692,001000008692,PEN,6355.66,BCPLPEPLXXX,PAGO PROVEEDOR 08692,OUR
10008693,BENEFICIARIO 08693,001000008693,PEN,6356.39,BINPPEPLXXX,PAGO PROVEEDOR 08693,BEN
10008694,BENEFICIARIO 08694,001000008694,PEN,6357.12,SCBLPEPLXXX,PAGO PROVEEDOR 08694,SHA
10008695,BENEFICIARIO 08695,001000008695,USD,6357.85,CITIPEPLXXX,PAGO PROVEEDOR 08695,OUR
10008696,BENEFICIARIO 08696,001000008696,PEN,6358.58,BCPLPEPLXXX,PAGO PROVEEDOR 08696,BEN
10008697,BENEFICIARIO 08697,001000008697,PEN,6359.31,BINPPEPLXXX,PAGO PROVEEDOR 08697,SHA
10008698,BENEFICIARIO 08698,001000008698,PEN,6360.04,SCBLPEPLXXX,PAGO PROVEEDOR 08698,OUR
10008699,BENEFICIARIO 08699,001000008699,PEN,6360.77,CITIPEPLXXX,PAGO PROVEEDOR 08699,BEN
10008700,BENEFICIARIO 08700,001000008700,USD,6361.50,BCPLPEPLXXX,PAGO PROVEEDOR 08700,SHA
10008701,BENEFICIARIO 08701,001000008701,PEN,6362.23,BINPPEPLXXX,PAGO PROVEEDOR 08701,OUR
10008702,BENEFICIARIO 08702,001000008702,PEN,6362.96,SCBLPEPLXXX,PAGO PROVEEDOR 08702,BEN
10008703,BENEFICIARIO 08703,001000008703,PEN,6363.69,CITIPEPLXXX,PAGO PROVEEDOR 08703,SHA
10008704,BENEFICIARIO 08704,001000008704,PEN,6364.42,BCPLPEPLXXX,PAGO PROVEEDOR 08704,OUR
10008705,BENEFICIARIO 08705,001000008705,USD,6365.15,BINPPEPLXXX,PAGO PROVEEDOR 08705,BEN
10008706,BENEFICIARIO 08706,001000008706,PEN,6365.88,SCBLPEPLXXX,PAGO PROVEEDOR 08706,SHA
10008707,BENEFICIARIO 08707,001000008707,PEN,6366.61,CITIPEPLXXX,PAGO PROVEEDOR 08707,OUR
10008708,BENEFICIARIO 08708,001000008708,PEN,6367.34,BCPLPEPLXXX,PAGO PROVEEDOR 08708,BEN
10008709,BENEFICIARIO 08709,001000008709,PEN,6368.07,BINPPEPLXXX,PAGO PROVEEDOR 08709,SHA
10008710,BENEFICIARIO 08710,001000008710,USD,6368.80,SCBLPEPLXXX,PAGO PROVEEDOR 08710,OUR
10008711,BENEFICIARIO 08711,001000008711,PEN,6369.53,CITIPEPLXXX,PAGO PROVEEDOR 08711,BEN
10008712,BENEFICIARIO 08712,001000008712,PEN,6370.26,BCPLPEPLXXX,PAGO PROVEEDOR 08712,SHA
10008713,BENEFICIARIO 08713,001000008713,PEN,6370.99,BINPPEPLXXX,PAGO PROVEEDOR 08713,OUR
10008714,BENEFICIARIO 08714,001000008714,PEN,6371.72,SCBLPEPLXXX,PAGO PROVEEDOR 08714,BEN
10008715,BENEFICIARIO 08715,001000008715,USD,6372.45,CITIPEPLXXX,PAGO PROVEEDOR 08715,SHA
10008716,BENEFICIARIO 08716,001000008716,PEN,6373.18,BCPLPEPLXXX,PAGO PROVEEDOR 08716,OUR
10008717,BENEFICIARIO 08717,001000008717,PEN,6373.91,BINPPEPLXXX,PAGO PROVEEDOR 08717,BEN
10008718,BENEFICIARIO 08718,001000008718,PEN,6374.64,SCBLPEPLXXX,PAGO PROVEEDOR 08718,SHA
10008719,BENEFICIARIO 08719,001000008719,PEN,6375.37,CITIPEPLXXX,PAGO PROVEEDOR 08719,OUR
10008720,BENEFICIARIO 08720,001000008720,USD,6376.10,BCPLPEPLXXX,PAGO PROVEEDOR 08720,BEN
10008721,BENEFICIARIO 08721,001000008721,PEN,6376.83,BINPPEPLXXX,PAGO PROVEEDOR 08721,SHA
10008722,BENEFICIARIO 08722,001000008722,PEN,6377.56,SCBLPEPLXXX,PAGO PROVEEDOR 08722,OUR
10008723,BENEFICIARIO 08723,001000008723,PEN,6378.29,CITIPEPLXXX,PAGO PROVEEDOR 08723,BEN
10008724,BENEFICIARIO 08724,001000008724,PEN,6379.02,BCPLPEPLXXX,PAGO PROVEEDOR 08724,SHA
10008725,BENEFICIARIO 08725,001000008725,USD,6379.75,BINPPEPLXXX,PAGO PROVEEDOR 08725,OUR
10008726,BENEFICIARIO 08726,001000008726,PEN,6380.48,SCBLPEPLXXX,PAGO PROVEEDOR 08726,BEN
10008727,BENEFICIARIO 08727,001000008727,PEN,6381.21,CITIPEPLXXX,PAGO PROVEEDOR 08727,SHA
10008728,BENEFICIARIO 08728,001000008728,PEN,6381.94,BCPLPEPLXXX,PAGO PROVEEDOR 08728,OUR
10008729,BENEFICIARIO 08729,001000008729,PEN,6382.67,BINPPEPLXXX,PAGO PROVEEDOR 08729,BEN
10008730,BENEFICIARIO 08730,001000008730,USD,6383.40,SCBLPEPLXXX,PAGO PROVEEDOR 08730,SHA
10008731,BENEFICIARIO 08731,001000008731,PEN,6384.13,CITIPEPLXXX,PAGO PROVEEDOR 08731,OUR
10008732,BENEFICIARIO 08732,001000008732,PEN,6384.86,BCPLPEPLXXX,PAGO PROVEEDOR 08732,BEN
10008733,BENEFICIARIO 08733,001000008733,PEN,6385.59,BINPPEPLXXX,PAGO PROVEEDOR 08733,SHA
10008734,BENEFICIARIO 08734,001000008734,PEN,6386.32,SCBLPEPLXXX,PAGO PROVEEDOR 08734,OUR
10008735,BENEFICIARIO 08735,001000008735,USD,6387.05,CITIPEPLXXX,PAGO PROVEEDOR 08735,BEN
10008736,BENEFICIARIO 08736,001000008736,PEN,6387.78,BCPLPEPLXXX,PAGO PROVEEDOR 08736,SHA
10008737,BENEFICIARIO 08737,001000008737,PEN,6388.51,BINPPEPLXXX,PAGO PROVEEDOR 08737,OUR
10008738,BENEFICIARIO 08738,001000008738,PEN,6389.24,SCBLPEPLXXX,PAGO PROVEEDOR 08738,BEN
10008739,BENEFICIARIO 08739,001000008739,PEN,6389.97,CITIPEPLXXX,PAGO PROVEEDOR 08739,SHA
10008740,BENEFICIARIO 08740,001000008740,USD,6390.70,BCPLPEPLXXX,PAGO PROVEEDOR 08740,OUR
10008741,BENEFICIARIO 08741,001000008741,PEN,6391.43,BINPPEPLXXX,PAGO PROVEEDOR 08741,BEN
10008742,BENEFICIARIO 08742,001000008742,PEN,6392.16,SCBLPEPLXXX,PAGO PROVEEDOR 08742,SHA
10008743,BENEFICIARIO 08743,001000008743,PEN,6392.89,CITIPEPLXXX,PAGO PROVEEDOR 08743,OUR
10008744,BENEFICIARIO 08744,001000008744,PEN,6393.62,BCPLPEPLXXX,PAGO PROVEEDOR 08744,BEN
10008745,BENEFICIARIO 08745,001000008745,USD,6394.35,BINPPEPLXXX,PAGO PROVEEDOR 08745,SHA
10008746,BENEFICIARIO 08746,001000008746,PEN,6395.08,SCBLPEPLXXX,PAGO PROVEEDOR 08746,OUR
10008747,BENEFICIARIO 08747,001000008747,PEN,6395.81,CITIPEPLXXX,PAGO PROVEEDOR 08747,BEN
10008748,BENEFICIARIO 08748,001000008748,PEN,6396.54,BCPLPEPLXXX,PAGO PROVEEDOR 08748,SHA
10008749,BENEFICIARIO 08749,001000008749,PEN,6397.27,BINPPEPLXXX,PAGO PROVEEDOR 08749,OUR
10008750,BENEFICIARIO 08750,001000008750,USD,6398.00,SCBLPEPLXXX,PAGO PROVEEDOR 08750,BEN
10008751,BENEFICIARIO 08751,001000008751,PEN,6398.73,CITIPEPLXXX,PAGO PROVEEDOR 08751,SHA
10008752,BENEFICIARIO 08752,001000008752,PEN,6399.46,BCPLPEPLXXX,PAGO PROVEEDOR 08752,OUR
10008753,BENEFICIARIO 08753,001000008753,PEN,6400.19,BINPPEPLXXX,PAGO PROVEEDOR 08753,BEN
10008754,BENEFICIARIO 08754,001000008754,PEN,6400.92,SCBLPEPLXXX,PAGO PROVEEDOR 08754,SHA
10008755,BENEFICIARIO 08755,001000008755,USD,6401.65,CITIPEPLXXX,PAGO PROVEEDOR 08755,OUR
10008756,BENEFICIARIO 08756,001000008756,PEN,6402.38,BCPLPEPLXXX,PAGO PROVEEDOR 08756,BEN
10008757,BENEFICIARIO 08757,001000008757,PEN,6403.11,BINPPEPLXXX,PAGO PROVEEDOR 08757,SHA
10008758,BENEFICIARIO 08758,001000008758,PEN,6403.84,SCBLPEPLXXX,PAGO PROVEEDOR 08758,OUR
10008759,BENEFICIARIO 08759,001000008759,PEN,6404.57,CITIPEPLXXX,PAGO PROVEEDOR 08759,BEN
10008760,BENEFICIARIO 08760,001000008760,USD,6405.30,BCPLPEPLXXX,PAGO PROVEEDOR 08760,SHA
10008761,BENEFICIARIO 08761,001000008761,PEN,6406.03,BINPPEPLXXX,PAGO PROVEEDOR 08761,OUR
10008762,BENEFICIARIO 08762,001000008762,PEN,6406.76,SCBLPEPLXXX,PAGO PROVEEDOR 08762,BEN
10008763,BENEFICIARIO 08763,001000008763,PEN,6407.49,CITIPEPLXXX,PAGO PROVEEDOR 08763,SHA
10008764,BENEFICIARIO 08764,001000008764,PEN,6408.22,BCPLPEPLXXX,PAGO PROVEEDOR 08764,OUR
10008765,BENEFICIARIO 08765,001000008765,USD,6408.95,BINPPEPLXXX,PAGO PROVEEDOR 08765,BEN
10008766,BENEFICIARIO 08766,001000008766,PEN,6409.68,SCBLPEPLXXX,PAGO PROVEEDOR 08766,SHA
10008767,BENEFICIARIO 08767,001000008767,PEN,6410.41,CITIPEPLXXX,PAGO PROVEEDOR 08767,OUR
10008768,BENEFICIARIO 08768,001000008768,PEN,6411.14,BCPLPEPLXXX,PAGO PROVEEDOR 08768,BEN
10008769,BENEFICIARIO 08769,001000008769,PEN,6411.87,BINPPEPLXXX,PAGO PROVEEDOR 08769,SHA
10008770,BENEFICIARIO 08770,001000008770,USD,6412.60,SCBLPEPLXXX,PAGO PROVEEDOR 08770,OUR
10008771,BENEFICIARIO 08771,001000008771,PEN,6413.33,CITIPEPLXXX,PAGO PROVEEDOR 08771,BEN
10008772,BENEFICIARIO 08772,001000008772,PEN,6414.06,BCPLPEPLXXX,PAGO PROVEEDOR 08772,SHA
10008773,BENEFICIARIO 08773,001000008773,PEN,6414.79,BINPPEPLXXX,PAGO PROVEEDOR 08773,OUR
10008774,BENEFICIARIO 08774,001000008774,PEN,6415.52,SCBLPEPLXXX,PAGO PROVEEDOR 08774,BEN
10008775,BENEFICIARIO 08775,001000008775,USD,6416.25,CITIPEPLXXX,PAGO PROVEEDOR 08775,SHA
10008776,BENEFICIARIO 08776,001000008776,PEN,6416.98,BCPLPEPLXXX,PAGO PROVEEDOR 08776,OUR
10008777,BENEFICIARIO 08777,001000008777,PEN,6417.71,BINPPEPLXXX,PAGO PROVEEDOR 08777,BEN
10008778,BENEFICIARIO 08778,001000008778,PEN,6418.44,SCBLPEPLXXX,PAGO PROVEEDOR 08778,SHA
10008779,BENEFICIARIO 08779,001000008779,PEN,6419.17,CITIPEPLXXX,PAGO PROVEEDOR 08779,OUR
10008780,BENEFICIARIO 08780,001000008780,USD,6419.90,BCPLPEPLXXX,PAGO PROVEEDOR 08780,BEN
10008781,BENEFICIARIO 08781,001000008781,PEN,6420.63,BINPPEPLXXX,PAGO PROVEEDOR 08781,SHA
10008782,BENEFICIARIO 08782,001000008782,PEN,6421.36,SCBLPEPLXXX,PAGO PROVEEDOR 08782,OUR
10008783,BENEFICIARIO 08783,001000008783,PEN,6422.09,CITIPEPLXXX,PAGO PROVEEDOR 08783,BEN
10008784,BENEFICIARIO 08784,001000008784,PEN,6422.82,BCPLPEPLXXX,PAGO PROVEEDOR 08784,SHA
10008785,BENEFICIARIO 08785,001000008785,USD,6423.55,BINPPEPLXXX,PAGO PROVEEDOR 08785,OUR
10008786,BENEFICIARIO 08786,001000008786,PEN,6424.28,SCBLPEPLXXX,PAGO PROVEEDOR 08786,BEN
10008787,BENEFICIARIO 08787,001000008787,PEN,6425.01,CITIPEPLXXX,PAGO PROVEEDOR 08787,SHA
10008788,BENEFICIARIO 08788,001000008788,PEN,6425.74,BCPLPEPLXXX,PAGO PROVEEDOR 08788,OUR
10008789,BENEFICIARIO 08789,001000008789,PEN,6426.47,BINPPEPLXXX,PAGO PROVEEDOR 08789,BEN
10008790,BENEFICIARIO 08790,001000008790,USD,6427.20,SCBLPEPLXXX,PAGO PROVEEDOR 08790,SHA
10008791,BENEFICIARIO 08791,001000008791,PEN,6427.93,CITIPEPLXXX,PAGO PROVEEDOR 08791,OUR
10008792,BENEFICIARIO 08792,001000008792,PEN,6428.66,BCPLPEPLXXX,PAGO PROVEEDOR 08792,BEN
10008793,BENEFICIARIO 08793,001000008793,PEN,6429.39,BINPPEPLXXX,PAGO PROVEEDOR 08793,SHA
10008794,BENEFICIARIO 08794,001000008794,PEN,6430.12,SCBLPEPLXXX,PAGO PROVEEDOR 08794,OUR
10008795,BENEFICIARIO 08795,001000008795,USD,6430.85,CITIPEPLXXX,PAGO PROVEEDOR 08795,BEN
10008796,BENEFICIARIO 08796,001000008796,PEN,6431.58,BCPLPEPLXXX,PAGO PROVEEDOR 08796,SHA
10008797,BENEFICIARIO 08797,001000008797,PEN,6432.31,BINPPEPLXXX,PAGO PROVEEDOR 08797,OUR
10008798,BENEFICIARIO 08798,001000008798,PEN,6433.04,SCBLPEPLXXX,PAGO PROVEEDOR 08798,BEN
10008799,BENEFICIARIO 08799,001000008799,PEN,6433.77,CITIPEPLXXX,PAGO PROVEEDOR 08799,SHA
10008800,BENEFICIARIO 08800,001000008800,USD,6434.50,BCPLPEPLXXX,PAGO PROVEEDOR 08800,OUR
10008801,BENEFICIARIO 08801,001000008801,PEN,6435.23,BINPPEPLXXX,PAGO PROVEEDOR 08801,BEN
10008802,BENEFICIARIO 08802,001000008802,PEN,6435.96,SCBLPEPLXXX,PAGO PROVEEDOR 08802,SHA
10008803,BENEFICIARIO 08803,001000008803,PEN,6436.69,CITIPEPLXXX,PAGO PROVEEDOR 08803,OUR
10008804,BENEFICIARIO 08804,001000008804,PEN,6437.42,BCPLPEPLXXX,PAGO PROVEEDOR 08804,BEN
10008805,BENEFICIARIO 08805,001000008805,USD,6438.15,BINPPEPLXXX,PAGO PROVEEDOR 08805,SHA
10008806,BENEFICIARIO 08806,001000008806,PEN,6438.88,SCBLPEPLXXX,PAGO PROVEEDOR 08806,OUR
10008807,BENEFICIARIO 08807,001000008807,PEN,6439.61,CITIPEPLXXX,PAGO PROVEEDOR 08807,BEN
10008808,BENEFICIARIO 08808,001000008808,PEN,6440.34,BCPLPEPLXXX,PAGO PROVEEDOR 08808,SHA
10008809,BENEFICIARIO 08809,001000008809,PEN,6441.07,BINPPEPLXXX,PAGO PROVEEDOR 08809,OUR
10008810,BENEFICIARIO 08810,001000008810,USD,6441.80,SCBLPEPLXXX,PAGO PROVEEDOR 08810,BEN
10008811,BENEFICIARIO 08811,001000008811,PEN,6442.53,CITIPEPLXXX,PAGO PROVEEDOR 08811,SHA
10008812,BENEFICIARIO 08812,001000008812,PEN,6443.26,BCPLPEPLXXX,PAGO PROVEEDOR 08812,OUR
10008813,BENEFICIARIO 08813,001000008813,PEN,6443.99,BINPPEPLXXX,PAGO PROVEEDOR 08813,BEN
10008814,BENEFICIARIO 08814,001000008814,PEN,6444.72,SCBLPEPLXXX,PAGO PROVEEDOR 08814,SHA
10008815,BENEFICIARIO 08815,001000008815,USD,6445.45,CITIPEPLXXX,PAGO PROVEEDOR 08815,OUR
10008816,BENEFICIARIO 08816,001000008816,PEN,6446.18,BCPLPEPLXXX,PAGO PROVEEDOR 08816,BEN
10008817,BENEFICIARIO 08817,001000008817,PEN,6446.91,BINPPEPLXXX,PAGO PROVEEDOR 08817,SHA
10008818,BENEFICIARIO 08818,001000008818,PEN,6447.64,SCBLPEPLXXX,PAGO PROVEEDOR 08818,OUR
10008819,BENEFICIARIO 08819,001000008819,PEN,6448.37,CITIPEPLXXX,PAGO PROVEEDOR 08819,BEN
10008820,BENEFICIARIO 08820,001000008820,USD,6449.10,BCPLPEPLXXX,PAGO PROVEEDOR 08820,SHA
10008821,BENEFICIARIO 08821,001000008821,PEN,6449.83,BINPPEPLXXX,PAGO PROVEEDOR 08821,OUR
10008822,BENEFICIARIO 08822,001000008822,PEN,6450.56,SCBLPEPLXXX,PAGO PROVEEDOR 08822,BEN
10008823,BENEFICIARIO 08823,001000008823,PEN,6451.29,CITIPEPLXXX,PAGO PROVEEDOR 08823,SHA
10008824,BENEFICIARIO 08824,001000008824,PEN,6452.02,BCPLPEPLXXX,PAGO PROVEEDOR 08824,OUR
10008825,BENEFICIARIO 08825,001000008825,USD,6452.75,BINPPEPLXXX,PAGO PROVEEDOR 08825,BEN
10008826,BENEFICIARIO 08826,001000008826,PEN,6453.48,SCBLPEPLXXX,PAGO PROVEEDOR 08826,SHA
10008827,BENEFICIARIO 08827,001000008827,PEN,6454.21,CITIPEPLXXX,PAGO PROVEEDOR 08827,OUR
10008828,BENEFICIARIO 08828,001000008828,PEN,6454.94,BCPLPEPLXXX,PAGO PROVEEDOR 08828,BEN
10008829,BENEFICIARIO 08829,001000008829,PEN,6455.67,BINPPEPLXXX,PAGO PROVEEDOR 08829,SHA
10008830,BENEFICIARIO 08830,001000008830,USD,6456.40,SCBLPEPLXXX,PAGO PROVEEDOR 08830,OUR
10008831,BENEFICIARIO 08831,001000008831,PEN,6457.13,CITIPEPLXXX,PAGO PROVEEDOR 08831,BEN
10008832,BENEFICIARIO 08832,001000008832,PEN,6457.86,BCPLPEPLXXX,PAGO PROVEEDOR 08832,SHA
10008833,BENEFICIARIO 08833,001000008833,PEN,6458.59,BINPPEPLXXX,PAGO PROVEEDOR 08833,OUR
10008834,BENEFICIARIO 08834,001000008834,PEN,6459.32,SCBLPEPLXXX,PAGO PROVEEDOR 08834,BEN
10008835,BENEFICIARIO 08835,001000008835,USD,6460.05,CITIPEPLXXX,PAGO PROVEEDOR 08835,SHA
10008836,BENEFICIARIO 08836,001000008836,PEN,6460.78,BCPLPEPLXXX,PAGO PROVEEDOR 08836,OUR
10008837,BENEFICIARIO 08837,001000008837,PEN,6461.51,BINPPEPLXXX,PAGO PROVEEDOR 08837,BEN
10008838,BENEFICIARIO 08838,001000008838,PEN,6462.24,SCBLPEPLXXX,PAGO PROVEEDOR 08838,SHA
10008839,BENEFICIARIO 08839,001000008839,PEN,6462.97,CITIPEPLXXX,PAGO PROVEEDOR 08839,OUR
10008840,BENEFICIARIO 08840,001000008840,USD,6463.70,BCPLPEPLXXX,PAGO PROVEEDOR 08840,BEN
10008841,BENEFICIARIO 08841,001000008841,PEN,6464.43,BINPPEPLXXX,PAGO PROVEEDOR 08841,SHA
10008842,BENEFICIARIO 08842,001000008842,PEN,6465.16,SCBLPEPLXXX,PAGO PROVEEDOR 08842,OUR
10008843,BENEFICIARIO 08843,001000008843,PEN,6465.89,CITIPEPLXXX,PAGO PROVEEDOR 08843,BEN
10008844,BENEFICIARIO 08844,001000008844,PEN,6466.62,BCPLPEPLXXX,PAGO PROVEEDOR 08844,SHA
10008845,BENEFICIARIO 08845,001000008845,USD,6467.35,BINPPEPLXXX,PAGO PROVEEDOR 08845,OUR
10008846,BENEFICIARIO 08846,001000008846,PEN,6468.08,SCBLPEPLXXX,PAGO PROVEEDOR 08846,BEN
10008847,BENEFICIARIO 08847,001000008847,PEN,6468.81,CITIPEPLXXX,PAGO PROVEEDOR 08847,SHA
10008848,BENEFICIARIO 08848,001000008848,PEN,6469.54,BCPLPEPLXXX,PAGO PROVEEDOR 08848,OUR
10008849,BENEFICIARIO 08849,001000008849,PEN,6470.27,BINPPEPLXXX,PAGO PROVEEDOR 08849,BEN
10008850,BENEFICIARIO 08850,001000008850,USD,6471.00,SCBLPEPLXXX,PAGO PROVEEDOR 08850,SHA
10008851,BENEFICIARIO 08851,001000008851,PEN,6471.73,CITIPEPLXXX,PAGO PROVEEDOR 08851,OUR
10008852,BENEFICIARIO 08852,001000008852,PEN,6472.46,BCPLPEPLXXX,PAGO PROVEEDOR 08852,BEN
10008853,BENEFICIARIO 08853,001000008853,PEN,6473.19,BINPPEPLXXX,PAGO PROVEEDOR 08853,SHA
10008854,BENEFICIARIO 08854,001000008854,PEN,6473.92,SCBLPEPLXXX,PAGO PROVEEDOR 08854,OUR
10008855,BENEFICIARIO 08855,001000008855,USD,6474.65,CITIPEPLXXX,PAGO PROVEEDOR 08855,BEN
10008856,BENEFICIARIO 08856,001000008856,PEN,6475.38,BCPLPEPLXXX,PAGO PROVEEDOR 08856,SHA
10008857,BENEFICIARIO 08857,001000008857,PEN,6476.11,BINPPEPLXXX,PAGO PROVEEDOR 08857,OUR
10008858,BENEFICIARIO 08858,001000008858,PEN,6476.84,SCBLPEPLXXX,PAGO PROVEEDOR 08858,BEN
10008859,BENEFICIARIO 08859,001000008859,PEN,6477.57,CITIPEPLXXX,PAGO PROVEEDOR 08859,SHA
10008860,BENEFICIARIO 08860,001000008860,USD,6478.30,BCPLPEPLXXX,PAGO PROVEEDOR 08860,OUR
10008861,BENEFICIARIO 08861,001000008861,PEN,6479.03,BINPPEPLXXX,PAGO PROVEEDOR 08861,BEN
10008862,BENEFICIARIO 08862,001000008862,PEN,6479.76,SCBLPEPLXXX,PAGO PROVEEDOR 08862,SHA
10008863,BENEFICIARIO 08863,001000008863,PEN,6480.49,CITIPEPLXXX,PAGO PROVEEDOR 08863,OUR
10008864,BENEFICIARIO 08864,001000008864,PEN,6481.22,BCPLPEPLXXX,PAGO PROVEEDOR 08864,BEN
10008865,BENEFICIARIO 08865,001000008865,USD,6481.95,BINPPEPLXXX,PAGO PROVEEDOR 08865,SHA
10008866,BENEFICIARIO 08866,001000008866,PEN,6482.68,SCBLPEPLXXX,PAGO PROVEEDOR 08866,OUR
10008867,BENEFICIARIO 08867,001000008867,PEN,6483.41,CITIPEPLXXX,PAGO PROVEEDOR 08867,BEN
10008868,BENEFICIARIO 08868,001000008868,PEN,6484.14,BCPLPEPLXXX,PAGO PROVEEDOR 08868,SHA
10008869,BENEFICIARIO 08869,001000008869,PEN,6484.87,BINPPEPLXXX,PAGO PROVEEDOR 08869,OUR
10008870,BENEFICIARIO 08870,001000008870,USD,6485.60,SCBLPEPLXXX,PAGO PROVEEDOR 08870,BEN
10008871,BENEFICIARIO 08871,001000008871,PEN,6486.33,CITIPEPLXXX,PAGO PROVEEDOR 08871,SHA
10008872,BENEFICIARIO 08872,001000008872,PEN,6487.06,BCPLPEPLXXX,PAGO PROVEEDOR 08872,OUR
10008873,BENEFICIARIO 08873,001000008873,PEN,6487.79,BINPPEPLXXX,PAGO PROVEEDOR 08873,BEN
10008874,BENEFICIARIO 08874,001000008874,PEN,6488.52,SCBLPEPLXXX,PAGO PROVEEDOR 08874,SHA
10008875,BENEFICIARIO 08875,001000008875,USD,6489.25,CITIPEPLXXX,PAGO PROVEEDOR 08875,OUR
10008876,BENEFICIARIO 08876,001000008876,PEN,6489.98,BCPLPEPLXXX,PAGO PROVEEDOR 08876,BEN
10008877,BENEFICIARIO 08877,001000008877,PEN,6490.71,BINPPEPLXXX,PAGO PROVEEDOR 08877,SHA
10008878,BENEFICIARIO 08878,001000008878,PEN,6491.44,SCBLPEPLXXX,PAGO PROVEEDOR 08878,OUR
10008879,BENEFICIARIO 08879,001000008879,PEN,6492.17,CITIPEPLXXX,PAGO PROVEEDOR 08879,BEN
10008880,BENEFICIARIO 08880,001000008880,USD,6492.90,BCPLPEPLXXX,PAGO PROVEEDOR 08880,SHA
10008881,BENEFICIARIO 08881,001000008881,PEN,6493.63,BINPPEPLXXX,PAGO PROVEEDOR 08881,OUR
10008882,BENEFICIARIO 08882,001000008882,PEN,6494.36,SCBLPEPLXXX,PAGO PROVEEDOR 08882,BEN
10008883,BENEFICIARIO 08883,001000008883,PEN,6495.09,CITIPEPLXXX,PAGO PROVEEDOR 08883,SHA
10008884,BENEFICIARIO 08884,001000008884,PEN,6495.82,BCPLPEPLXXX,PAGO PROVEEDOR 08884,OUR
10008885,BENEFICIARIO 08885,001000008885,USD,6496.55,BINPPEPLXXX,PAGO PROVEEDOR 08885,BEN
10008886,BENEFICIARIO 08886,001000008886,PEN,6497.28,SCBLPEPLXXX,PAGO PROVEEDOR 08886,SHA
10008887,BENEFICIARIO 08887,001000008887,PEN,6498.01,CITIPEPLXXX,PAGO PROVEEDOR 08887,OUR
10008888,BENEFICIARIO 08888,001000008888,PEN,6498.74,BCPLPEPLXXX,PAGO PROVEEDOR 08888,BEN
10008889,BENEFICIARIO 08889,001000008889,PEN,6499.47,BINPPEPLXXX,PAGO PROVEEDOR 08889,SHA
10008890,BENEFICIARIO 08890,001000008890,USD,6500.20,SCBLPEPLXXX,PAGO PROVEEDOR 08890,OUR
10008891,BENEFICIARIO 08891,001000008891,PEN,6500.93,CITIPEPLXXX,PAGO PROVEEDOR 08891,BEN
10008892,BENEFICIARIO 08892,001000008892,PEN,6501.66,BCPLPEPLXXX,PAGO PROVEEDOR 08892,SHA
10008893,BENEFICIARIO 08893,001000008893,PEN,6502.39,BINPPEPLXXX,PAGO PROVEEDOR 08893,OUR
10008894,BENEFICIARIO 08894,001000008894,PEN,6503.12,SCBLPEPLXXX,PAGO PROVEEDOR 08894,BEN
10008895,BENEFICIARIO 08895,001000008895,USD,6503.85,CITIPEPLXXX,PAGO PROVEEDOR 08895,SHA
10008896,BENEFICIARIO 08896,001000008896,PEN,6504.58,BCPLPEPLXXX,PAGO PROVEEDOR 08896,OUR
10008897,BENEFICIARIO 08897,001000008897,PEN,6505.31,BINPPEPLXXX,PAGO PROVEEDOR 08897,BEN
10008898,BENEFICIARIO 08898,001000008898,PEN,6506.04,SCBLPEPLXXX,PAGO PROVEEDOR 08898,SHA
10008899,BENEFICIARIO 08899,001000008899,PEN,6506.77,CITIPEPLXXX,PAGO PROVEEDOR 08899,OUR
10008900,BENEFICIARIO 08900,001000008900,USD,6507.50,BCPLPEPLXXX,PAGO PROVEEDOR 08900,BEN
10008901,BENEFICIARIO 08901,001000008901,PEN,6508.23,BINPPEPLXXX,PAGO PROVEEDOR 08901,SHA
10008902,BENEFICIARIO 08902,001000008902,PEN,6508.96,SCBLPEPLXXX,PAGO PROVEEDOR 08902,OUR
10008903,BENEFICIARIO 08903,001000008903,PEN,6509.69,CITIPEPLXXX,PAGO PROVEEDOR 08903,BEN
10008904,BENEFICIARIO 08904,001000008904,PEN,6510.42,BCPLPEPLXXX,PAGO PROVEEDOR 08904,SHA
10008905,BENEFICIARIO 08905,001000008905,USD,6511.15,BINPPEPLXXX,PAGO PROVEEDOR 08905,OUR
10008906,BENEFICIARIO 08906,001000008906,PEN,6511.88,SCBLPEPLXXX,PAGO PROVEEDOR 08906,BEN
10008907,BENEFICIARIO 08907,001000008907,PEN,6512.61,CITIPEPLXXX,PAGO PROVEEDOR 08907,SHA
10008908,BENEFICIARIO 08908,001000008908,PEN,6513.34,BCPLPEPLXXX,PAGO PROVEEDOR 08908,OUR
10008909,BENEFICIARIO 08909,001000008909,PEN,6514.07,BINPPEPLXXX,PAGO PROVEEDOR 08909,BEN
10008910,BENEFICIARIO 08910,001000008910,USD,6514.80,SCBLPEPLXXX,PAGO PROVEEDOR 08910,SHA
10008911,BENEFICIARIO 08911,001000008911,PEN,6515.53,CITIPEPLXXX,PAGO PROVEEDOR 08911,OUR
10008912,BENEFICIARIO 08912,001000008912,PEN,6516.26,BCPLPEPLXXX,PAGO PROVEEDOR 08912,BEN
10008913,BENEFICIARIO 08913,001000008913,PEN,6516.99,BINPPEPLXXX,PAGO PROVEEDOR 08913,SHA
10008914,BENEFICIARIO 08914,001000008914,PEN,6517.72,SCBLPEPLXXX,PAGO PROVEEDOR 08914,OUR
10008915,BENEFICIARIO 08915,001000008915,USD,6518.45,CITIPEPLXXX,PAGO PROVEEDOR 08915,BEN
10008916,BENEFICIARIO 08916,001000008916,PEN,6519.18,BCPLPEPLXXX,PAGO PROVEEDOR 08916,SHA
10008917,BENEFICIARIO 08917,001000008917,PEN,6519.91,BINPPEPLXXX,PAGO PROVEEDOR 08917,OUR
10008918,BENEFICIARIO 08918,001000008918,PEN,6520.64,SCBLPEPLXXX,PAGO PROVEEDOR 08918,BEN
10008919,BENEFICIARIO 08919,001000008919,PEN,6521.37,CITIPEPLXXX,PAGO PROVEEDOR 08919,SHA
10008920,BENEFICIARIO 08920,001000008920,USD,6522.10,BCPLPEPLXXX,PAGO PROVEEDOR 08920,OUR
10008921,BENEFICIARIO 08921,001000008921,PEN,6522.83,BINPPEPLXXX,PAGO PROVEEDOR 08921,BEN
10008922,BENEFICIARIO 08922,001000008922,PEN,6523.56,SCBLPEPLXXX,PAGO PROVEEDOR 08922,SHA
10008923,BENEFICIARIO 08923,001000008923,PEN,6524.29,CITIPEPLXXX,PAGO PROVEEDOR 08923,OUR
10008924,BENEFICIARIO 08924,001000008924,PEN,6525.02,BCPLPEPLXXX,PAGO PROVEEDOR 08924,BEN
10008925,BENEFICIARIO 08925,001000008925,USD,6525.75,BINPPEPLXXX,PAGO PROVEEDOR 08925,SHA
10008926,BENEFICIARIO 08926,001000008926,PEN,6526.48,SCBLPEPLXXX,PAGO PROVEEDOR 08926,OUR
10008927,BENEFICIARIO 08927,001000008927,PEN,6527.21,CITIPEPLXXX,PAGO PROVEEDOR 08927,BEN
10008928,BENEFICIARIO 08928,001000008928,PEN,6527.94,BCPLPEPLXXX,PAGO PROVEEDOR 08928,SHA
10008929,BENEFICIARIO 08929,001000008929,PEN,6528.67,BINPPEPLXXX,PAGO PROVEEDOR 08929,OUR
10008930,BENEFICIARIO 08930,001000008930,USD,6529.40,SCBLPEPLXXX,PAGO PROVEEDOR 08930,BEN
10008931,BENEFICIARIO 08931,001000008931,PEN,6530.13,CITIPEPLXXX,PAGO PROVEEDOR 08931,SHA
10008932,BENEFICIARIO 08932,001000008932,PEN,6530.86,BCPLPEPLXXX,PAGO PROVEEDOR 08932,OUR
10008933,BENEFICIARIO 08933,001000008933,PEN,6531.59,BINPPEPLXXX,PAGO PROVEEDOR 08933,BEN
10008934,BENEFICIARIO 08934,001000008934,PEN,6532.32,SCBLPEPLXXX,PAGO PROVEEDOR 08934,SHA
10008935,BENEFICIARIO 08935,001000008935,USD,6533.05,CITIPEPLXXX,PAGO PROVEEDOR 08935,OUR
10008936,BENEFICIARIO 08936,001000008936,PEN,6533.78,BCPLPEPLXXX,PAGO PROVEEDOR 08936,BEN
10008937,BENEFICIARIO 08937,001000008937,PEN,6534.51,BINPPEPLXXX,PAGO PROVEEDOR 08937,SHA
10008938,BENEFICIARIO 08938,001000008938,PEN,6535.24,SCBLPEPLXXX,PAGO PROVEEDOR 08938,OUR
10008939,BENEFICIARIO 08939,001000008939,PEN,6535.97,CITIPEPLXXX,PAGO PROVEEDOR 08939,BEN
10008940,BENEFICIARIO 08940,001000008940,USD,6536.70,BCPLPEPLXXX,PAGO PROVEEDOR 08940,SHA
10008941,BENEFICIARIO 08941,001000008941,PEN,6537.43,BINPPEPLXXX,PAGO PROVEEDOR 08941,OUR
10008942,BENEFICIARIO 08942,001000008942,PEN,6538.16,SCBLPEPLXXX,PAGO PROVEEDOR 08942,BEN
10008943,BENEFICIARIO 08943,001000008943,PEN,6538.89,CITIPEPLXXX,PAGO PROVEEDOR 08943,SHA
10008944,BENEFICIARIO 08944,001000008944,PEN,6539.62,BCPLPEPLXXX,PAGO PROVEEDOR 08944,OUR
10008945,BENEFICIARIO 08945,001000008945,USD,6540.35,BINPPEPLXXX,PAGO PROVEEDOR 08945,BEN
10008946,BENEFICIARIO 08946,001000008946,PEN,6541.08,SCBLPEPLXXX,PAGO PROVEEDOR 08946,SHA
10008947,BENEFICIARIO 08947,001000008947,PEN,6541.81,CITIPEPLXXX,PAGO PROVEEDOR 08947,OUR
10008948,BENEFICIARIO 08948,001000008948,PEN,6542.54,BCPLPEPLXXX,PAGO PROVEEDOR 08948,BEN
10008949,BENEFICIARIO 08949,001000008949,PEN,6543.27,BINPPEPLXXX,PAGO PROVEEDOR 08949,SHA
10008950,BENEFICIARIO 08950,001000008950,USD,6544.00,SCBLPEPLXXX,PAGO PROVEEDOR 08950,OUR
10008951,BENEFICIARIO 08951,001000008951,PEN,6544.73,CITIPEPLXXX,PAGO PROVEEDOR 08951,BEN
10008952,BENEFICIARIO 08952,001000008952,PEN,6545.46,BCPLPEPLXXX,PAGO PROVEEDOR 08952,SHA
10008953,BENEFICIARIO 08953,001000008953,PEN,6546.19,BINPPEPLXXX,PAGO PROVEEDOR 08953,OUR
10008954,BENEFICIARIO 08954,001000008954,PEN,6546.92,SCBLPEPLXXX,PAGO PROVEEDOR 08954,BEN
10008955,BENEFICIARIO 08955,001000008955,USD,6547.65,CITIPEPLXXX,PAGO PROVEEDOR 08955,SHA
10008956,BENEFICIARIO 08956,001000008956,PEN,6548.38,BCPLPEPLXXX,PAGO PROVEEDOR 08956,OUR
10008957,BENEFICIARIO 08957,001000008957,PEN,6549.11,BINPPEPLXXX,PAGO PROVEEDOR 08957,BEN
10008958,BENEFICIARIO 08958,001000008958,PEN,6549.84,SCBLPEPLXXX,PAGO PROVEEDOR 08958,SHA
10008959,BENEFICIARIO 08959,001000008959,PEN,6550.57,CITIPEPLXXX,PAGO PROVEEDOR 08959,OUR
10008960,BENEFICIARIO 08960,001000008960,USD,6551.30,BCPLPEPLXXX,PAGO PROVEEDOR 08960,BEN
10008961,BENEFICIARIO 08961,001000008961,PEN,6552.03,BINPPEPLXXX,PAGO PROVEEDOR 08961,SHA
10008962,BENEFICIARIO 08962,001000008962,PEN,6552.76,SCBLPEPLXXX,PAGO PROVEEDOR 08962,OUR
10008963,BENEFICIARIO 08963,001000008963,PEN,6553.49,CITIPEPLXXX,PAGO PROVEEDOR 08963,BEN
10008964,BENEFICIARIO 08964,001000008964,PEN,6554.22,BCPLPEPLXXX,PAGO PROVEEDOR 08964,SHA
10008965,BENEFICIARIO 08965,001000008965,USD,6554.95,BINPPEPLXXX,PAGO PROVEEDOR 08965,OUR
10008966,BENEFICIARIO 08966,001000008966,PEN,6555.68,SCBLPEPLXXX,PAGO PROVEEDOR 08966,BEN
10008967,BENEFICIARIO 08967,001000008967,PEN,6556.41,CITIPEPLXXX,PAGO PROVEEDOR 08967,SHA
10008968,BENEFICIARIO 08968,001000008968,PEN,6557.14,BCPLPEPLXXX,PAGO PROVEEDOR 08968,OUR
10008969,BENEFICIARIO 08969,001000008969,PEN,6557.87,BINPPEPLXXX,PAGO PROVEEDOR 08969,BEN
10008970,BENEFICIARIO 08970,001000008970,USD,6558.60,SCBLPEPLXXX,PAGO PROVEEDOR 08970,SHA
10008971,BENEFICIARIO 08971,001000008971,PEN,6559.33,CITIPEPLXXX,PAGO PROVEEDOR 08971,OUR
10008972,BENEFICIARIO 08972,001000008972,PEN,6560.06,BCPLPEPLXXX,PAGO PROVEEDOR 08972,BEN
10008973,BENEFICIARIO 08973,001000008973,PEN,6560.79,BINPPEPLXXX,PAGO PROVEEDOR 08973,SHA
10008974,BENEFICIARIO 08974,001000008974,PEN,6561.52,SCBLPEPLXXX,PAGO PROVEEDOR 08974,OUR
10008975,BENEFICIARIO 08975,001000008975,USD,6562.25,CITIPEPLXXX,PAGO PROVEEDOR 08975,BEN
10008976,BENEFICIARIO 08976,001000008976,PEN,6562.98,BCPLPEPLXXX,PAGO PROVEEDOR 08976,SHA
10008977,BENEFICIARIO 08977,001000008977,PEN,6563.71,BINPPEPLXXX,PAGO PROVEEDOR 08977,OUR
10008978,BENEFICIARIO 08978,001000008978,PEN,6564.44,SCBLPEPLXXX,PAGO PROVEEDOR 08978,BEN
10008979,BENEFICIARIO 08979,001000008979,PEN,6565.17,CITIPEPLXXX,PAGO PROVEEDOR 08979,SHA
10008980,BENEFICIARIO 08980,001000008980,USD,6565.90,BCPLPEPLXXX,PAGO PROVEEDOR 08980,OUR
10008981,BENEFICIARIO 08981,001000008981,PEN,6566.63,BINPPEPLXXX,PAGO PROVEEDOR 08981,BEN
10008982,BENEFICIARIO 08982,001000008982,PEN,6567.36,SCBLPEPLXXX,PAGO PROVEEDOR 08982,SHA
10008983,BENEFICIARIO 08983,001000008983,PEN,6568.09,CITIPEPLXXX,PAGO PROVEEDOR 08983,OUR
10008984,BENEFICIARIO 08984,001000008984,PEN,6568.82,BCPLPEPLXXX,PAGO PROVEEDOR 08984,BEN
10008985,BENEFICIARIO 08985,001000008985,USD,6569.55,BINPPEPLXXX,PAGO PROVEEDOR 08985,SHA
10008986,BENEFICIARIO 08986,001000008986,PEN,6570.28,SCBLPEPLXXX,PAGO PROVEEDOR 08986,OUR
10008987,BENEFICIARIO 08987,001000008987,PEN,6571.01,CITIPEPLXXX,PAGO PROVEEDOR 08987,BEN
10008988,BENEFICIARIO 08988,001000008988,PEN,6571.74,BCPLPEPLXXX,PAGO PROVEEDOR 08988,SHA
10008989,BENEFICIARIO 08989,001000008989,PEN,6572.47,BINPPEPLXXX,PAGO PROVEEDOR 08989,OUR
10008990,BENEFICIARIO 08990,001000008990,USD,6573.20,SCBLPEPLXXX,PAGO PROVEEDOR 08990,BEN
10008991,BENEFICIARIO 08991,001000008991,PEN,6573.93,CITIPEPLXXX,PAGO PROVEEDOR 08991,SHA
10008992,BENEFICIARIO 08992,001000008992,PEN,6574.66,BCPLPEPLXXX,PAGO PROVEEDOR 08992,OUR
10008993,BENEFICIARIO 08993,001000008993,PEN,6575.39,BINPPEPLXXX,PAGO PROVEEDOR 08993,BEN
10008994,BENEFICIARIO 08994,001000008994,PEN,6576.12,SCBLPEPLXXX,PAGO PROVEEDOR 08994,SHA
10008995,BENEFICIARIO 08995,001000008995,USD,6576.85,CITIPEPLXXX,PAGO PROVEEDOR 08995,OUR
10008996,BENEFICIARIO 08996,001000008996,PEN,6577.58,BCPLPEPLXXX,PAGO PROVEEDOR 08996,BEN
10008997,BENEFICIARIO 08997,001000008997,PEN,6578.31,BINPPEPLXXX,PAGO PROVEEDOR 08997,SHA
10008998,BENEFICIARIO 08998,001000008998,PEN,6579.04,SCBLPEPLXXX,PAGO PROVEEDOR 08998,OUR
10008999,BENEFICIARIO 08999,001000008999,PEN,6579.77,CITIPEPLXXX,PAGO PROVEEDOR 08999,BEN
10009000,BENEFICIARIO 09000,001000009000,USD,6580.50,BCPLPEPLXXX,PAGO PROVEEDOR 09000,SHA
10009001,BENEFICIARIO 09001,001000009001,PEN,6581.23,BINPPEPLXXX,PAGO PROVEEDOR 09001,OUR
10009002,BENEFICIARIO 09002,001000009002,PEN,6581.96,SCBLPEPLXXX,PAGO PROVEEDOR 09002,BEN
10009003,BENEFICIARIO 09003,001000009003,PEN,6582.69,CITIPEPLXXX,PAGO PROVEEDOR 09003,SHA
10009004,BENEFICIARIO 09004,001000009004,PEN,6583.42,BCPLPEPLXXX,PAGO PROVEEDOR 09004,OUR
10009005,BENEFICIARIO 09005,001000009005,USD,6584.15,BINPPEPLXXX,PAGO PROVEEDOR 09005,BEN
10009006,BENEFICIARIO 09006,001000009006,PEN,6584.88,SCBLPEPLXXX,PAGO PROVEEDOR 09006,SHA
10009007,BENEFICIARIO 09007,001000009007,PEN,6585.61,CITIPEPLXXX,PAGO PROVEEDOR 09007,OUR
10009008,BENEFICIARIO 09008,001000009008,PEN,6586.34,BCPLPEPLXXX,PAGO PROVEEDOR 09008,BEN
10009009,BENEFICIARIO 09009,001000009009,PEN,6587.07,BINPPEPLXXX,PAGO PROVEEDOR 09009,SHA
10009010,BENEFICIARIO 09010,001000009010,USD,6587.80,SCBLPEPLXXX,PAGO PROVEEDOR 09010,OUR
10009011,BENEFICIARIO 09011,001000009011,PEN,6588.53,CITIPEPLXXX,PAGO PROVEEDOR 09011,BEN
10009012,BENEFICIARIO 09012,001000009012,PEN,6589.26,BCPLPEPLXXX,PAGO PROVEEDOR 09012,SHA
10009013,BENEFICIARIO 09013,001000009013,PEN,6589.99,BINPPEPLXXX,PAGO PROVEEDOR 09013,OUR
10009014,BENEFICIARIO 09014,001000009014,PEN,6590.72,SCBLPEPLXXX,PAGO PROVEEDOR 09014,BEN
10009015,BENEFICIARIO 09015,001000009015,USD,6591.45,CITIPEPLXXX,PAGO PROVEEDOR 09015,SHA
10009016,BENEFICIARIO 09016,001000009016,PEN,6592.18,BCPLPEPLXXX,PAGO PROVEEDOR 09016,OUR
10009017,BENEFICIARIO 09017,001000009017,PEN,6592.91,BINPPEPLXXX,PAGO PROVEEDOR 09017,BEN
10009018,BENEFICIARIO 09018,001000009018,PEN,6593.64,SCBLPEPLXXX,PAGO PROVEEDOR 09018,SHA
10009019,BENEFICIARIO 09019,001000009019,PEN,6594.37,CITIPEPLXXX,PAGO PROVEEDOR 09019,OUR
10009020,BENEFICIARIO 09020,001000009020,USD,6595.10,BCPLPEPLXXX,PAGO PROVEEDOR 09020,BEN
10009021,BENEFICIARIO 09021,001000009021,PEN,6595.83,BINPPEPLXXX,PAGO PROVEEDOR 09021,SHA
10009022,BENEFICIARIO 09022,001000009022,PEN,6596.56,SCBLPEPLXXX,PAGO PROVEEDOR 09022,OUR
10009023,BENEFICIARIO 09023,001000009023,PEN,6597.29,CITIPEPLXXX,PAGO PROVEEDOR 09023,BEN
10009024,BENEFICIARIO 09024,001000009024,PEN,6598.02,BCPLPEPLXXX,PAGO PROVEEDOR 09024,SHA
10009025,BENEFICIARIO 09025,001000009025,USD,6598.75,BINPPEPLXXX,PAGO PROVEEDOR 09025,OUR
10009026,BENEFICIARIO 09026,001000009026,PEN,6599.48,SCBLPEPLXXX,PAGO PROVEEDOR 09026,BEN
10009027,BENEFICIARIO 09027,001000009027,PEN,6600.21,CITIPEPLXXX,PAGO PROVEEDOR 09027,SHA
10009028,BENEFICIARIO 09028,001000009028,PEN,6600.94,BCPLPEPLXXX,PAGO PROVEEDOR 09028,OUR
10009029,BENEFICIARIO 09029,001000009029,PEN,6601.67,BINPPEPLXXX,PAGO PROVEEDOR 09029,BEN
10009030,BENEFICIARIO 09030,001000009030,USD,6602.40,SCBLPEPLXXX,PAGO PROVEEDOR 09030,SHA
10009031,BENEFICIARIO 09031,001000009031,PEN,6603.13,CITIPEPLXXX,PAGO PROVEEDOR 09031,OUR
10009032,BENEFICIARIO 09032,001000009032,PEN,6603.86,BCPLPEPLXXX,PAGO PROVEEDOR 09032,BEN
10009033,BENEFICIARIO 09033,001000009033,PEN,6604.59,BINPPEPLXXX,PAGO PROVEEDOR 09033,SHA
10009034,BENEFICIARIO 09034,001000009034,PEN,6605.32,SCBLPEPLXXX,PAGO PROVEEDOR 09034,OUR
10009035,BENEFICIARIO 09035,001000009035,USD,6606.05,CITIPEPLXXX,PAGO PROVEEDOR 09035,BEN
10009036,BENEFICIARIO 09036,001000009036,PEN,6606.78,BCPLPEPLXXX,PAGO PROVEEDOR 09036,SHA
10009037,BENEFICIARIO 09037,001000009037,PEN,6607.51,BINPPEPLXXX,PAGO PROVEEDOR 09037,OUR
10009038,BENEFICIARIO 09038,001000009038,PEN,6608.24,SCBLPEPLXXX,PAGO PROVEEDOR 09038,BEN
10009039,BENEFICIARIO 09039,001000009039,PEN,6608.97,CITIPEPLXXX,PAGO PROVEEDOR 09039,SHA
10009040,BENEFICIARIO 09040,001000009040,USD,6609.70,BCPLPEPLXXX,PAGO PROVEEDOR 09040,OUR
10009041,BENEFICIARIO 09041,001000009041,PEN,6610.43,BINPPEPLXXX,PAGO PROVEEDOR 09041,BEN
10009042,BENEFICIARIO 09042,001000009042,PEN,6611.16,SCBLPEPLXXX,PAGO PROVEEDOR 09042,SHA
10009043,BENEFICIARIO 09043,001000009043,PEN,6611.89,CITIPEPLXXX,PAGO PROVEEDOR 09043,OUR
10009044,BENEFICIARIO 09044,001000009044,PEN,6612.62,BCPLPEPLXXX,PAGO PROVEEDOR 09044,BEN
10009045,BENEFICIARIO 09045,001000009045,USD,6613.35,BINPPEPLXXX,PAGO PROVEEDOR 09045,SHA
10009046,BENEFICIARIO 09046,001000009046,PEN,6614.08,SCBLPEPLXXX,PAGO PROVEEDOR 09046,OUR
10009047,BENEFICIARIO 09047,001000009047,PEN,6614.81,CITIPEPLXXX,PAGO PROVEEDOR 09047,BEN
10009048,BENEFICIARIO 09048,001000009048,PEN,6615.54,BCPLPEPLXXX,PAGO PROVEEDOR 09048,SHA
10009049,BENEFICIARIO 09049,001000009049,PEN,6616.27,BINPPEPLXXX,PAGO PROVEEDOR 09049,OUR
10009050,BENEFICIARIO 09050,001000009050,USD,6617.00,SCBLPEPLXXX,PAGO PROVEEDOR 09050,BEN
10009051,BENEFICIARIO 09051,001000009051,PEN,6617.73,CITIPEPLXXX,PAGO PROVEEDOR 09051,SHA
10009052,BENEFICIARIO 09052,001000009052,PEN,6618.46,BCPLPEPLXXX,PAGO PROVEEDOR 09052,OUR
10009053,BENEFICIARIO 09053,001000009053,PEN,6619.19,BINPPEPLXXX,PAGO PROVEEDOR 09053,BEN
10009054,BENEFICIARIO 09054,001000009054,PEN,6619.92,SCBLPEPLXXX,PAGO PROVEEDOR 09054,SHA
10009055,BENEFICIARIO 09055,001000009055,USD,6620.65,CITIPEPLXXX,PAGO PROVEEDOR 09055,OUR
10009056,BENEFICIARIO 09056,001000009056,PEN,6621.38,BCPLPEPLXXX,PAGO PROVEEDOR 09056,BEN
10009057,BENEFICIARIO 09057,001000009057,PEN,6622.11,BINPPEPLXXX,PAGO PROVEEDOR 09057,SHA
10009058,BENEFICIARIO 09058,001000009058,PEN,6622.84,SCBLPEPLXXX,PAGO PROVEEDOR 09058,OUR
10009059,BENEFICIARIO 09059,001000009059,PEN,6623.57,CITIPEPLXXX,PAGO PROVEEDOR 09059,BEN
10009060,BENEFICIARIO 09060,001000009060,USD,6624.30,BCPLPEPLXXX,PAGO PROVEEDOR 09060,SHA
10009061,BENEFICIARIO 09061,001000009061,PEN,6625.03,BINPPEPLXXX,PAGO PROVEEDOR 09061,OUR
10009062,BENEFICIARIO 09062,001000009062,PEN,6625.76,SCBLPEPLXXX,PAGO PROVEEDOR 09062,BEN
10009063,BENEFICIARIO 09063,001000009063,PEN,6626.49,CITIPEPLXXX,PAGO PROVEEDOR 09063,SHA
10009064,BENEFICIARIO 09064,001000009064,PEN,6627.22,BCPLPEPLXXX,PAGO PROVEEDOR 09064,OUR
10009065,BENEFICIARIO 09065,001000009065,USD,6627.95,BINPPEPLXXX,PAGO PROVEEDOR 09065,BEN
10009066,BENEFICIARIO 09066,001000009066,PEN,6628.68,SCBLPEPLXXX,PAGO PROVEEDOR 09066,SHA
10009067,BENEFICIARIO 09067,001000009067,PEN,6629.41,CITIPEPLXXX,PAGO PROVEEDOR 09067,OUR
10009068,BENEFICIARIO 09068,001000009068,PEN,6630.14,BCPLPEPLXXX,PAGO PROVEEDOR 09068,BEN
10009069,BENEFICIARIO 09069,001000009069,PEN,6630.87,BINPPEPLXXX,PAGO PROVEEDOR 09069,SHA
10009070,BENEFICIARIO 09070,001000009070,USD,6631.60,SCBLPEPLXXX,PAGO PROVEEDOR 09070,OUR
10009071,BENEFICIARIO 09071,001000009071,PEN,6632.33,CITIPEPLXXX,PAGO PROVEEDOR 09071,BEN
10009072,BENEFICIARIO 09072,001000009072,PEN,6633.06,BCPLPEPLXXX,PAGO PROVEEDOR 09072,SHA
10009073,BENEFICIARIO 09073,001000009073,PEN,6633.79,BINPPEPLXXX,PAGO PROVEEDOR 09073,OUR
10009074,BENEFICIARIO 09074,001000009074,PEN,6634.52,SCBLPEPLXXX,PAGO PROVEEDOR 09074,BEN
10009075,BENEFICIARIO 09075,001000009075,USD,6635.25,CITIPEPLXXX,PAGO PROVEEDOR 09075,SHA
10009076,BENEFICIARIO 09076,001000009076,PEN,6635.98,BCPLPEPLXXX,PAGO PROVEEDOR 09076,OUR
10009077,BENEFICIARIO 09077,001000009077,PEN,6636.71,BINPPEPLXXX,PAGO PROVEEDOR 09077,BEN
10009078,BENEFICIARIO 09078,001000009078,PEN,6637.44,SCBLPEPLXXX,PAGO PROVEEDOR 09078,SHA
10009079,BENEFICIARIO 09079,001000009079,PEN,6638.17,CITIPEPLXXX,PAGO PROVEEDOR 09079,OUR
10009080,BENEFICIARIO 09080,001000009080,USD,6638.90,BCPLPEPLXXX,PAGO PROVEEDOR 09080,BEN
10009081,BENEFICIARIO 09081,001000009081,PEN,6639.63,BINPPEPLXXX,PAGO PROVEEDOR 09081,SHA
10009082,BENEFICIARIO 09082,001000009082,PEN,6640.36,SCBLPEPLXXX,PAGO PROVEEDOR 09082,OUR
10009083,BENEFICIARIO 09083,001000009083,PEN,6641.09,CITIPEPLXXX,PAGO PROVEEDOR 09083,BEN
10009084,BENEFICIARIO 09084,001000009084,PEN,6641.82,BCPLPEPLXXX,PAGO PROVEEDOR 09084,SHA
10009085,BENEFICIARIO 09085,001000009085,USD,6642.55,BINPPEPLXXX,PAGO PROVEEDOR 09085,OUR
10009086,BENEFICIARIO 09086,001000009086,PEN,6643.28,SCBLPEPLXXX,PAGO PROVEEDOR 09086,BEN
10009087,BENEFICIARIO 09087,001000009087,PEN,6644.01,CITIPEPLXXX,PAGO PROVEEDOR 09087,SHA
10009088,BENEFICIARIO 09088,001000009088,PEN,6644.74,BCPLPEPLXXX,PAGO PROVEEDOR 09088,OUR
10009089,BENEFICIARIO 09089,001000009089,PEN,6645.47,BINPPEPLXXX,PAGO PROVEEDOR 09089,BEN
10009090,BENEFICIARIO 09090,001000009090,USD,6646.20,SCBLPEPLXXX,PAGO PROVEEDOR 09090,SHA
10009091,BENEFICIARIO 09091,001000009091,PEN,6646.93,CITIPEPLXXX,PAGO PROVEEDOR 09091,OUR
10009092,BENEFICIARIO 09092,001000009092,PEN,6647.66,BCPLPEPLXXX,PAGO PROVEEDOR 09092,BEN
10009093,BENEFICIARIO 09093,001000009093,PEN,6648.39,BINPPEPLXXX,PAGO PROVEEDOR 09093,SHA
10009094,BENEFICIARIO 09094,001000009094,PEN,6649.12,SCBLPEPLXXX,PAGO PROVEEDOR 09094,OUR
10009095,BENEFICIARIO 09095,001000009095,USD,6649.85,CITIPEPLXXX,PAGO PROVEEDOR 09095,BEN
10009096,BENEFICIARIO 09096,001000009096,PEN,6650.58,BCPLPEPLXXX,PAGO PROVEEDOR 09096,SHA
10009097,BENEFICIARIO 09097,001000009097,PEN,6651.31,BINPPEPLXXX,PAGO PROVEEDOR 09097,OUR
10009098,BENEFICIARIO 09098,001000009098,PEN,6652.04,SCBLPEPLXXX,PAGO PROVEEDOR 09098,BEN
10009099,BENEFICIARIO 09099,001000009099,PEN,6652.77,CITIPEPLXXX,PAGO PROVEEDOR 09099,SHA
10009100,BENEFICIARIO 09100,001000009100,USD,6653.50,BCPLPEPLXXX,PAGO PROVEEDOR 09100,OUR
10009101,BENEFICIARIO 09101,001000009101,PEN,6654.23,BINPPEPLXXX,PAGO PROVEEDOR 09101,BEN
10009102,BENEFICIARIO 09102,001000009102,PEN,6654.96,SCBLPEPLXXX,PAGO PROVEEDOR 09102,SHA
10009103,BENEFICIARIO 09103,001000009103,PEN,6655.69,CITIPEPLXXX,PAGO PROVEEDOR 09103,OUR
10009104,BENEFICIARIO 09104,001000009104,PEN,6656.42,BCPLPEPLXXX,PAGO PROVEEDOR 09104,BEN
10009105,BENEFICIARIO 09105,001000009105,USD,6657.15,BINPPEPLXXX,PAGO PROVEEDOR 09105,SHA
10009106,BENEFICIARIO 09106,001000009106,PEN,6657.88,SCBLPEPLXXX,PAGO PROVEEDOR 09106,OUR
10009107,BENEFICIARIO 09107,001000009107,PEN,6658.61,CITIPEPLXXX,PAGO PROVEEDOR 09107,BEN
10009108,BENEFICIARIO 09108,001000009108,PEN,6659.34,BCPLPEPLXXX,PAGO PROVEEDOR 09108,SHA
10009109,BENEFICIARIO 09109,001000009109,PEN,6660.07,BINPPEPLXXX,PAGO PROVEEDOR 09109,OUR
10009110,BENEFICIARIO 09110,001000009110,USD,6660.80,SCBLPEPLXXX,PAGO PROVEEDOR 09110,BEN
10009111,BENEFICIARIO 09111,001000009111,PEN,6661.53,CITIPEPLXXX,PAGO PROVEEDOR 09111,SHA
10009112,BENEFICIARIO 09112,001000009112,PEN,6662.26,BCPLPEPLXXX,PAGO PROVEEDOR 09112,OUR
10009113,BENEFICIARIO 09113,001000009113,PEN,6662.99,BINPPEPLXXX,PAGO PROVEEDOR 09113,BEN
10009114,BENEFICIARIO 09114,001000009114,PEN,6663.72,SCBLPEPLXXX,PAGO PROVEEDOR 09114,SHA
10009115,BENEFICIARIO 09115,001000009115,USD,6664.45,CITIPEPLXXX,PAGO PROVEEDOR 09115,OUR
10009116,BENEFICIARIO 09116,001000009116,PEN,6665.18,BCPLPEPLXXX,PAGO PROVEEDOR 09116,BEN
10009117,BENEFICIARIO 09117,001000009117,PEN,6665.91,BINPPEPLXXX,PAGO PROVEEDOR 09117,SHA
10009118,BENEFICIARIO 09118,001000009118,PEN,6666.64,SCBLPEPLXXX,PAGO PROVEEDOR 09118,OUR
10009119,BENEFICIARIO 09119,001000009119,PEN,6667.37,CITIPEPLXXX,PAGO PROVEEDOR 09119,BEN
10009120,BENEFICIARIO 09120,001000009120,USD,6668.10,BCPLPEPLXXX,PAGO PROVEEDOR 09120,SHA
10009121,BENEFICIARIO 09121,001000009121,PEN,6668.83,BINPPEPLXXX,PAGO PROVEEDOR 09121,OUR
10009122,BENEFICIARIO 09122,001000009122,PEN,6669.56,SCBLPEPLXXX,PAGO PROVEEDOR 09122,BEN
10009123,BENEFICIARIO 09123,001000009123,PEN,6670.29,CITIPEPLXXX,PAGO PROVEEDOR 09123,SHA
10009124,BENEFICIARIO 09124,001000009124,PEN,6671.02,BCPLPEPLXXX,PAGO PROVEEDOR 09124,OUR
10009125,BENEFICIARIO 09125,001000009125,USD,6671.75,BINPPEPLXXX,PAGO PROVEEDOR 09125,BEN
10009126,BENEFICIARIO 09126,001000009126,PEN,6672.48,SCBLPEPLXXX,PAGO PROVEEDOR 09126,SHA
10009127,BENEFICIARIO 09127,001000009127,PEN,6673.21,CITIPEPLXXX,PAGO PROVEEDOR 09127,OUR
10009128,BENEFICIARIO 09128,001000009128,PEN,6673.94,BCPLPEPLXXX,PAGO PROVEEDOR 09128,BEN
10009129,BENEFICIARIO 09129,001000009129,PEN,6674.67,BINPPEPLXXX,PAGO PROVEEDOR 09129,SHA
10009130,BENEFICIARIO 09130,001000009130,USD,6675.40,SCBLPEPLXXX,PAGO PROVEEDOR 09130,OUR
10009131,BENEFICIARIO 09131,001000009131,PEN,6676.13,CITIPEPLXXX,PAGO PROVEEDOR 09131,BEN
10009132,BENEFICIARIO 09132,001000009132,PEN,6676.86,BCPLPEPLXXX,PAGO PROVEEDOR 09132,SHA
10009133,BENEFICIARIO 09133,001000009133,PEN,6677.59,BINPPEPLXXX,PAGO PROVEEDOR 09133,OUR
10009134,BENEFICIARIO 09134,001000009134,PEN,6678.32,SCBLPEPLXXX,PAGO PROVEEDOR 09134,BEN
10009135,BENEFICIARIO 09135,001000009135,USD,6679.05,CITIPEPLXXX,PAGO PROVEEDOR 09135,SHA
10009136,BENEFICIARIO 09136,001000009136,PEN,6679.78,BCPLPEPLXXX,PAGO PROVEEDOR 09136,OUR
10009137,BENEFICIARIO 09137,001000009137,PEN,6680.51,BINPPEPLXXX,PAGO PROVEEDOR 09137,BEN
10009138,BENEFICIARIO 09138,001000009138,PEN,6681.24,SCBLPEPLXXX,PAGO PROVEEDOR 09138,SHA
10009139,BENEFICIARIO 09139,001000009139,PEN,6681.97,CITIPEPLXXX,PAGO PROVEEDOR 09139,OUR
10009140,BENEFICIARIO 09140,001000009140,USD,6682.70,BCPLPEPLXXX,PAGO PROVEEDOR 09140,BEN
10009141,BENEFICIARIO 09141,001000009141,PEN,6683.43,BINPPEPLXXX,PAGO PROVEEDOR 09141,SHA
10009142,BENEFICIARIO 09142,001000009142,PEN,6684.16,SCBLPEPLXXX,PAGO PROVEEDOR 09142,OUR
10009143,BENEFICIARIO 09143,001000009143,PEN,6684.89,CITIPEPLXXX,PAGO PROVEEDOR 09143,BEN
10009144,BENEFICIARIO 09144,001000009144,PEN,6685.62,BCPLPEPLXXX,PAGO PROVEEDOR 09144,SHA
10009145,BENEFICIARIO 09145,001000009145,USD,6686.35,BINPPEPLXXX,PAGO PROVEEDOR 09145,OUR
10009146,BENEFICIARIO 09146,001000009146,PEN,6687.08,SCBLPEPLXXX,PAGO PROVEEDOR 09146,BEN
10009147,BENEFICIARIO 09147,001000009147,PEN,6687.81,CITIPEPLXXX,PAGO PROVEEDOR 09147,SHA
10009148,BENEFICIARIO 09148,001000009148,PEN,6688.54,BCPLPEPLXXX,PAGO PROVEEDOR 09148,OUR
10009149,BENEFICIARIO 09149,001000009149,PEN,6689.27,BINPPEPLXXX,PAGO PROVEEDOR 09149,BEN
10009150,BENEFICIARIO 09150,001000009150,USD,6690.00,SCBLPEPLXXX,PAGO PROVEEDOR 09150,SHA
10009151,BENEFICIARIO 09151,001000009151,PEN,6690.73,CITIPEPLXXX,PAGO PROVEEDOR 09151,OUR
10009152,BENEFICIARIO 09152,001000009152,PEN,6691.46,BCPLPEPLXXX,PAGO PROVEEDOR 09152,BEN
10009153,BENEFICIARIO 09153,001000009153,PEN,6692.19,BINPPEPLXXX,PAGO PROVEEDOR 09153,SHA
10009154,BENEFICIARIO 09154,001000009154,PEN,6692.92,SCBLPEPLXXX,PAGO PROVEEDOR 09154,OUR
10009155,BENEFICIARIO 09155,001000009155,USD,6693.65,CITIPEPLXXX,PAGO PROVEEDOR 09155,BEN
10009156,BENEFICIARIO 09156,001000009156,PEN,6694.38,BCPLPEPLXXX,PAGO PROVEEDOR 09156,SHA
10009157,BENEFICIARIO 09157,001000009157,PEN,6695.11,BINPPEPLXXX,PAGO PROVEEDOR 09157,OUR
10009158,BENEFICIARIO 09158,001000009158,PEN,6695.84,SCBLPEPLXXX,PAGO PROVEEDOR 09158,BEN
10009159,BENEFICIARIO 09159,001000009159,PEN,6696.57,CITIPEPLXXX,PAGO PROVEEDOR 09159,SHA
10009160,BENEFICIARIO 09160,001000009160,USD,6697.30,BCPLPEPLXXX,PAGO PROVEEDOR 09160,OUR
10009161,BENEFICIARIO 09161,001000009161,PEN,6698.03,BINPPEPLXXX,PAGO PROVEEDOR 09161,BEN
10009162,BENEFICIARIO 09162,001000009162,PEN,6698.76,SCBLPEPLXXX,PAGO PROVEEDOR 09162,SHA
10009163,BENEFICIARIO 09163,001000009163,PEN,6699.49,CITIPEPLXXX,PAGO PROVEEDOR 09163,OUR
10009164,BENEFICIARIO 09164,001000009164,PEN,6700.22,BCPLPEPLXXX,PAGO PROVEEDOR 09164,BEN
10009165,BENEFICIARIO 09165,001000009165,USD,6700.95,BINPPEPLXXX,PAGO PROVEEDOR 09165,SHA
10009166,BENEFICIARIO 09166,001000009166,PEN,6701.68,SCBLPEPLXXX,PAGO PROVEEDOR 09166,OUR
10009167,BENEFICIARIO 09167,001000009167,PEN,6702.41,CITIPEPLXXX,PAGO PROVEEDOR 09167,BEN
10009168,BENEFICIARIO 09168,001000009168,PEN,6703.14,BCPLPEPLXXX,PAGO PROVEEDOR 09168,SHA
10009169,BENEFICIARIO 09169,001000009169,PEN,6703.87,BINPPEPLXXX,PAGO PROVEEDOR 09169,OUR
10009170,BENEFICIARIO 09170,001000009170,USD,6704.60,SCBLPEPLXXX,PAGO PROVEEDOR 09170,BEN
10009171,BENEFICIARIO 09171,001000009171,PEN,6705.33,CITIPEPLXXX,PAGO PROVEEDOR 09171,SHA
10009172,BENEFICIARIO 09172,001000009172,PEN,6706.06,BCPLPEPLXXX,PAGO PROVEEDOR 09172,OUR
10009173,BENEFICIARIO 09173,001000009173,PEN,6706.79,BINPPEPLXXX,PAGO PROVEEDOR 09173,BEN
10009174,BENEFICIARIO 09174,001000009174,PEN,6707.52,SCBLPEPLXXX,PAGO PROVEEDOR 09174,SHA
10009175,BENEFICIARIO 09175,001000009175,USD,6708.25,CITIPEPLXXX,PAGO PROVEEDOR 09175,OUR
10009176,BENEFICIARIO 09176,001000009176,PEN,6708.98,BCPLPEPLXXX,PAGO PROVEEDOR 09176,BEN
10009177,BENEFICIARIO 09177,001000009177,PEN,6709.71,BINPPEPLXXX,PAGO PROVEEDOR 09177,SHA
10009178,BENEFICIARIO 09178,001000009178,PEN,6710.44,SCBLPEPLXXX,PAGO PROVEEDOR 09178,OUR
10009179,BENEFICIARIO 09179,001000009179,PEN,6711.17,CITIPEPLXXX,PAGO PROVEEDOR 09179,BEN
10009180,BENEFICIARIO 09180,001000009180,USD,6711.90,BCPLPEPLXXX,PAGO PROVEEDOR 09180,SHA
10009181,BENEFICIARIO 09181,001000009181,PEN,6712.63,BINPPEPLXXX,PAGO PROVEEDOR 09181,OUR
10009182,BENEFICIARIO 09182,001000009182,PEN,6713.36,SCBLPEPLXXX,PAGO PROVEEDOR 09182,BEN
10009183,BENEFICIARIO 09183,001000009183,PEN,6714.09,CITIPEPLXXX,PAGO PROVEEDOR 09183,SHA
10009184,BENEFICIARIO 09184,001000009184,PEN,6714.82,BCPLPEPLXXX,PAGO PROVEEDOR 09184,OUR
10009185,BENEFICIARIO 09185,001000009185,USD,6715.55,BINPPEPLXXX,PAGO PROVEEDOR 09185,BEN
10009186,BENEFICIARIO 09186,001000009186,PEN,6716.28,SCBLPEPLXXX,PAGO PROVEEDOR 09186,SHA
10009187,BENEFICIARIO 09187,001000009187,PEN,6717.01,CITIPEPLXXX,PAGO PROVEEDOR 09187,OUR
10009188,BENEFICIARIO 09188,001000009188,PEN,6717.74,BCPLPEPLXXX,PAGO PROVEEDOR 09188,BEN
10009189,BENEFICIARIO 09189,001000009189,PEN,6718.47,BINPPEPLXXX,PAGO PROVEEDOR 09189,SHA
10009190,BENEFICIARIO 09190,001000009190,USD,6719.20,SCBLPEPLXXX,PAGO PROVEEDOR 09190,OUR
10009191,BENEFICIARIO 09191,001000009191,PEN,6719.93,CITIPEPLXXX,PAGO PROVEEDOR 09191,BEN
10009192,BENEFICIARIO 09192,001000009192,PEN,6720.66,BCPLPEPLXXX,PAGO PROVEEDOR 09192,SHA
10009193,BENEFICIARIO 09193,001000009193,PEN,6721.39,BINPPEPLXXX,PAGO PROVEEDOR 09193,OUR
10009194,BENEFICIARIO 09194,001000009194,PEN,6722.12,SCBLPEPLXXX,PAGO PROVEEDOR 09194,BEN
10009195,BENEFICIARIO 09195,001000009195,USD,6722.85,CITIPEPLXXX,PAGO PROVEEDOR 09195,SHA
10009196,BENEFICIARIO 09196,001000009196,PEN,6723.58,BCPLPEPLXXX,PAGO PROVEEDOR 09196,OUR
10009197,BENEFICIARIO 09197,001000009197,PEN,6724.31,BINPPEPLXXX,PAGO PROVEEDOR 09197,BEN
10009198,BENEFICIARIO 09198,001000009198,PEN,6725.04,SCBLPEPLXXX,PAGO PROVEEDOR 09198,SHA
10009199,BENEFICIARIO 09199,001000009199,PEN,6725.77,CITIPEPLXXX,PAGO PROVEEDOR 09199,OUR
10009200,BENEFICIARIO 09200,001000009200,USD,6726.50,BCPLPEPLXXX,PAGO PROVEEDOR 09200,BEN
10009201,BENEFICIARIO 09201,001000009201,PEN,6727.23,BINPPEPLXXX,PAGO PROVEEDOR 09201,SHA
10009202,BENEFICIARIO 09202,001000009202,PEN,6727.96,SCBLPEPLXXX,PAGO PROVEEDOR 09202,OUR
10009203,BENEFICIARIO 09203,001000009203,PEN,6728.69,CITIPEPLXXX,PAGO PROVEEDOR 09203,BEN
10009204,BENEFICIARIO 09204,001000009204,PEN,6729.42,BCPLPEPLXXX,PAGO PROVEEDOR 09204,SHA
10009205,BENEFICIARIO 09205,001000009205,USD,6730.15,BINPPEPLXXX,PAGO PROVEEDOR 09205,OUR
10009206,BENEFICIARIO 09206,001000009206,PEN,6730.88,SCBLPEPLXXX,PAGO PROVEEDOR 09206,BEN
10009207,BENEFICIARIO 09207,001000009207,PEN,6731.61,CITIPEPLXXX,PAGO PROVEEDOR 09207,SHA
10009208,BENEFICIARIO 09208,001000009208,PEN,6732.34,BCPLPEPLXXX,PAGO PROVEEDOR 09208,OUR
10009209,BENEFICIARIO 09209,001000009209,PEN,6733.07,BINPPEPLXXX,PAGO PROVEEDOR 09209,BEN
10009210,BENEFICIARIO 09210,001000009210,USD,6733.80,SCBLPEPLXXX,PAGO PROVEEDOR 09210,SHA
10009211,BENEFICIARIO 09211,001000009211,PEN,6734.53,CITIPEPLXXX,PAGO PROVEEDOR 09211,OUR
10009212,BENEFICIARIO 09212,001000009212,PEN,6735.26,BCPLPEPLXXX,PAGO PROVEEDOR 09212,BEN
10009213,BENEFICIARIO 09213,001000009213,PEN,6735.99,BINPPEPLXXX,PAGO PROVEEDOR 09213,SHA
10009214,BENEFICIARIO 09214,001000009214,PEN,6736.72,SCBLPEPLXXX,PAGO PROVEEDOR 09214,OUR
10009215,BENEFICIARIO 09215,001000009215,USD,6737.45,CITIPEPLXXX,PAGO PROVEEDOR 09215,BEN
10009216,BENEFICIARIO 09216,001000009216,PEN,6738.18,BCPLPEPLXXX,PAGO PROVEEDOR 09216,SHA
10009217,BENEFICIARIO 09217,001000009217,PEN,6738.91,BINPPEPLXXX,PAGO PROVEEDOR 09217,OUR
10009218,BENEFICIARIO 09218,001000009218,PEN,6739.64,SCBLPEPLXXX,PAGO PROVEEDOR 09218,BEN
10009219,BENEFICIARIO 09219,001000009219,PEN,6740.37,CITIPEPLXXX,PAGO PROVEEDOR 09219,SHA
10009220,BENEFICIARIO 09220,001000009220,USD,6741.10,BCPLPEPLXXX,PAGO PROVEEDOR 09220,OUR
10009221,BENEFICIARIO 09221,001000009221,PEN,6741.83,BINPPEPLXXX,PAGO PROVEEDOR 09221,BEN
10009222,BENEFICIARIO 09222,001000009222,PEN,6742.56,SCBLPEPLXXX,PAGO PROVEEDOR 09222,SHA
10009223,BENEFICIARIO 09223,001000009223,PEN,6743.29,CITIPEPLXXX,PAGO PROVEEDOR 09223,OUR
10009224,BENEFICIARIO 09224,001000009224,PEN,6744.02,BCPLPEPLXXX,PAGO PROVEEDOR 09224,BEN
10009225,BENEFICIARIO 09225,001000009225,USD,6744.75,BINPPEPLXXX,PAGO PROVEEDOR 09225,SHA
10009226,BENEFICIARIO 09226,001000009226,PEN,6745.48,SCBLPEPLXXX,PAGO PROVEEDOR 09226,OUR
10009227,BENEFICIARIO 09227,001000009227,PEN,6746.21,CITIPEPLXXX,PAGO PROVEEDOR 09227,BEN
10009228,BENEFICIARIO 09228,001000009228,PEN,6746.94,BCPLPEPLXXX,PAGO PROVEEDOR 09228,SHA
10009229,BENEFICIARIO 09229,001000009229,PEN,6747.67,BINPPEPLXXX,PAGO PROVEEDOR 09229,OUR
10009230,BENEFICIARIO 09230,001000009230,USD,6748.40,SCBLPEPLXXX,PAGO PROVEEDOR 09230,BEN
10009231,BENEFICIARIO 09231,001000009231,PEN,6749.13,CITIPEPLXXX,PAGO PROVEEDOR 09231,SHA
10009232,BENEFICIARIO 09232,001000009232,PEN,6749.86,BCPLPEPLXXX,PAGO PROVEEDOR 09232,OUR
10009233,BENEFICIARIO 09233,001000009233,PEN,6750.59,BINPPEPLXXX,PAGO PROVEEDOR 09233,BEN
10009234,BENEFICIARIO 09234,001000009234,PEN,6751.32,SCBLPEPLXXX,PAGO PROVEEDOR 09234,SHA
10009235,BENEFICIARIO 09235,001000009235,USD,6752.05,CITIPEPLXXX,PAGO PROVEEDOR 09235,OUR
10009236,BENEFICIARIO 09236,001000009236,PEN,6752.78,BCPLPEPLXXX,PAGO PROVEEDOR 09236,BEN
10009237,BENEFICIARIO 09237,001000009237,PEN,6753.51,BINPPEPLXXX,PAGO PROVEEDOR 09237,SHA
10009238,BENEFICIARIO 09238,001000009238,PEN,6754.24,SCBLPEPLXXX,PAGO PROVEEDOR 09238,OUR
10009239,BENEFICIARIO 09239,001000009239,PEN,6754.97,CITIPEPLXXX,PAGO PROVEEDOR 09239,BEN
10009240,BENEFICIARIO 09240,001000009240,USD,6755.70,BCPLPEPLXXX,PAGO PROVEEDOR 09240,SHA
10009241,BENEFICIARIO 09241,001000009241,PEN,6756.43,BINPPEPLXXX,PAGO PROVEEDOR 09241,OUR
10009242,BENEFICIARIO 09242,001000009242,PEN,6757.16,SCBLPEPLXXX,PAGO PROVEEDOR 09242,BEN
10009243,BENEFICIARIO 09243,001000009243,PEN,6757.89,CITIPEPLXXX,PAGO PROVEEDOR 09243,SHA
10009244,BENEFICIARIO 09244,001000009244,PEN,6758.62,BCPLPEPLXXX,PAGO PROVEEDOR 09244,OUR
10009245,BENEFICIARIO 09245,001000009245,USD,6759.35,BINPPEPLXXX,PAGO PROVEEDOR 09245,BEN
10009246,BENEFICIARIO 09246,001000009246,PEN,6760.08,SCBLPEPLXXX,PAGO PROVEEDOR 09246,SHA
10009247,BENEFICIARIO 09247,001000009247,PEN,6760.81,CITIPEPLXXX,PAGO PROVEEDOR 09247,OUR
10009248,BENEFICIARIO 09248,001000009248,PEN,6761.54,BCPLPEPLXXX,PAGO PROVEEDOR 09248,BEN
10009249,BENEFICIARIO 09249,001000009249,PEN,6762.27,BINPPEPLXXX,PAGO PROVEEDOR 09249,SHA
10009250,BENEFICIARIO 09250,001000009250,USD,6763.00,SCBLPEPLXXX,PAGO PROVEEDOR 09250,OUR
10009251,BENEFICIARIO 09251,001000009251,PEN,6763.73,CITIPEPLXXX,PAGO PROVEEDOR 09251,BEN
10009252,BENEFICIARIO 09252,001000009252,PEN,6764.46,BCPLPEPLXXX,PAGO PROVEEDOR 09252,SHA
10009253,BENEFICIARIO 09253,001000009253,PEN,6765.19,BINPPEPLXXX,PAGO PROVEEDOR 09253,OUR
10009254,BENEFICIARIO 09254,001000009254,PEN,6765.92,SCBLPEPLXXX,PAGO PROVEEDOR 09254,BEN
10009255,BENEFICIARIO 09255,001000009255,USD,6766.65,CITIPEPLXXX,PAGO PROVEEDOR 09255,SHA
10009256,BENEFICIARIO 09256,001000009256,PEN,6767.38,BCPLPEPLXXX,PAGO PROVEEDOR 09256,OUR
10009257,BENEFICIARIO 09257,001000009257,PEN,6768.11,BINPPEPLXXX,PAGO PROVEEDOR 09257,BEN
10009258,BENEFICIARIO 09258,001000009258,PEN,6768.84,SCBLPEPLXXX,PAGO PROVEEDOR 09258,SHA
10009259,BENEFICIARIO 09259,001000009259,PEN,6769.57,CITIPEPLXXX,PAGO PROVEEDOR 09259,OUR
10009260,BENEFICIARIO 09260,001000009260,USD,6770.30,BCPLPEPLXXX,PAGO PROVEEDOR 09260,BEN
10009261,BENEFICIARIO 09261,001000009261,PEN,6771.03,BINPPEPLXXX,PAGO PROVEEDOR 09261,SHA
10009262,BENEFICIARIO 09262,001000009262,PEN,6771.76,SCBLPEPLXXX,PAGO PROVEEDOR 09262,OUR
10009263,BENEFICIARIO 09263,001000009263,PEN,6772.49,CITIPEPLXXX,PAGO PROVEEDOR 09263,BEN
10009264,BENEFICIARIO 09264,001000009264,PEN,6773.22,BCPLPEPLXXX,PAGO PROVEEDOR 09264,SHA
10009265,BENEFICIARIO 09265,001000009265,USD,6773.95,BINPPEPLXXX,PAGO PROVEEDOR 09265,OUR
10009266,BENEFICIARIO 09266,001000009266,PEN,6774.68,SCBLPEPLXXX,PAGO PROVEEDOR 09266,BEN
10009267,BENEFICIARIO 09267,001000009267,PEN,6775.41,CITIPEPLXXX,PAGO PROVEEDOR 09267,SHA
10009268,BENEFICIARIO 09268,001000009268,PEN,6776.14,BCPLPEPLXXX,PAGO PROVEEDOR 09268,OUR
10009269,BENEFICIARIO 09269,001000009269,PEN,6776.87,BINPPEPLXXX,PAGO PROVEEDOR 09269,BEN
10009270,BENEFICIARIO 09270,001000009270,USD,6777.60,SCBLPEPLXXX,PAGO PROVEEDOR 09270,SHA
10009271,BENEFICIARIO 09271,001000009271,PEN,6778.33,CITIPEPLXXX,PAGO PROVEEDOR 09271,OUR
10009272,BENEFICIARIO 09272,001000009272,PEN,6779.06,BCPLPEPLXXX,PAGO PROVEEDOR 09272,BEN
10009273,BENEFICIARIO 09273,001000009273,PEN,6779.79,BINPPEPLXXX,PAGO PROVEEDOR 09273,SHA
10009274,BENEFICIARIO 09274,001000009274,PEN,6780.52,SCBLPEPLXXX,PAGO PROVEEDOR 09274,OUR
10009275,BENEFICIARIO 09275,001000009275,USD,6781.25,CITIPEPLXXX,PAGO PROVEEDOR 09275,BEN
10009276,BENEFICIARIO 09276,001000009276,PEN,6781.98,BCPLPEPLXXX,PAGO PROVEEDOR 09276,SHA
10009277,BENEFICIARIO 09277,001000009277,PEN,6782.71,BINPPEPLXXX,PAGO PROVEEDOR 09277,OUR
10009278,BENEFICIARIO 09278,001000009278,PEN,6783.44,SCBLPEPLXXX,PAGO PROVEEDOR 09278,BEN
10009279,BENEFICIARIO 09279,001000009279,PEN,6784.17,CITIPEPLXXX,PAGO PROVEEDOR 09279,SHA
10009280,BENEFICIARIO 09280,001000009280,USD,6784.90,BCPLPEPLXXX,PAGO PROVEEDOR 09280,OUR
10009281,BENEFICIARIO 09281,001000009281,PEN,6785.63,BINPPEPLXXX,PAGO PROVEEDOR 09281,BEN
10009282,BENEFICIARIO 09282,001000009282,PEN,6786.36,SCBLPEPLXXX,PAGO PROVEEDOR 09282,SHA
10009283,BENEFICIARIO 09283,001000009283,PEN,6787.09,CITIPEPLXXX,PAGO PROVEEDOR 09283,OUR
10009284,BENEFICIARIO 09284,001000009284,PEN,6787.82,BCPLPEPLXXX,PAGO PROVEEDOR 09284,BEN
10009285,BENEFICIARIO 09285,001000009285,USD,6788.55,BINPPEPLXXX,PAGO PROVEEDOR 09285,SHA
10009286,BENEFICIARIO 09286,001000009286,PEN,6789.28,SCBLPEPLXXX,PAGO PROVEEDOR 09286,OUR
10009287,BENEFICIARIO 09287,001000009287,PEN,6790.01,CITIPEPLXXX,PAGO PROVEEDOR 09287,BEN
10009288,BENEFICIARIO 09288,001000009288,PEN,6790.74,BCPLPEPLXXX,PAGO PROVEEDOR 09288,SHA
10009289,BENEFICIARIO 09289,001000009289,PEN,6791.47,BINPPEPLXXX,PAGO PROVEEDOR 09289,OUR
10009290,BENEFICIARIO 09290,001000009290,USD,6792.20,SCBLPEPLXXX,PAGO PROVEEDOR 09290,BEN
10009291,BENEFICIARIO 09291,001000009291,PEN,6792.93,CITIPEPLXXX,PAGO PROVEEDOR 09291,SHA
10009292,BENEFICIARIO 09292,001000009292,PEN,6793.66,BCPLPEPLXXX,PAGO PROVEEDOR 09292,OUR
10009293,BENEFICIARIO 09293,001000009293,PEN,6794.39,BINPPEPLXXX,PAGO PROVEEDOR 09293,BEN
10009294,BENEFICIARIO 09294,001000009294,PEN,6795.12,SCBLPEPLXXX,PAGO PROVEEDOR 09294,SHA
10009295,BENEFICIARIO 09295,001000009295,USD,6795.85,CITIPEPLXXX,PAGO PROVEEDOR 09295,OUR
10009296,BENEFICIARIO 09296,001000009296,PEN,6796.58,BCPLPEPLXXX,PAGO PROVEEDOR 09296,BEN
10009297,BENEFICIARIO 09297,001000009297,PEN,6797.31,BINPPEPLXXX,PAGO PROVEEDOR 09297,SHA
10009298,BENEFICIARIO 09298,001000009298,PEN,6798.04,SCBLPEPLXXX,PAGO PROVEEDOR 09298,OUR
10009299,BENEFICIARIO 09299,001000009299,PEN,6798.77,CITIPEPLXXX,PAGO PROVEEDOR 09299,BEN
10009300,BENEFICIARIO 09300,001000009300,USD,6799.50,BCPLPEPLXXX,PAGO PROVEEDOR 09300,SHA
10009301,BENEFICIARIO 09301,001000009301,PEN,6800.23,BINPPEPLXXX,PAGO PROVEEDOR 09301,OUR
10009302,BENEFICIARIO 09302,001000009302,PEN,6800.96,SCBLPEPLXXX,PAGO PROVEEDOR 09302,BEN
10009303,BENEFICIARIO 09303,001000009303,PEN,6801.69,CITIPEPLXXX,PAGO PROVEEDOR 09303,SHA
10009304,BENEFICIARIO 09304,001000009304,PEN,6802.42,BCPLPEPLXXX,PAGO PROVEEDOR 09304,OUR
10009305,BENEFICIARIO 09305,001000009305,USD,6803.15,BINPPEPLXXX,PAGO PROVEEDOR 09305,BEN
10009306,BENEFICIARIO 09306,001000009306,PEN,6803.88,SCBLPEPLXXX,PAGO PROVEEDOR 09306,SHA
10009307,BENEFICIARIO 09307,001000009307,PEN,6804.61,CITIPEPLXXX,PAGO PROVEEDOR 09307,OUR
10009308,BENEFICIARIO 09308,001000009308,PEN,6805.34,BCPLPEPLXXX,PAGO PROVEEDOR 09308,BEN
10009309,BENEFICIARIO 09309,001000009309,PEN,6806.07,BINPPEPLXXX,PAGO PROVEEDOR 09309,SHA
10009310,BENEFICIARIO 09310,001000009310,USD,6806.80,SCBLPEPLXXX,PAGO PROVEEDOR 09310,OUR
10009311,BENEFICIARIO 09311,001000009311,PEN,6807.53,CITIPEPLXXX,PAGO PROVEEDOR 09311,BEN
10009312,BENEFICIARIO 09312,001000009312,PEN,6808.26,BCPLPEPLXXX,PAGO PROVEEDOR 09312,SHA
10009313,BENEFICIARIO 09313,001000009313,PEN,6808.99,BINPPEPLXXX,PAGO PROVEEDOR 09313,OUR
10009314,BENEFICIARIO 09314,001000009314,PEN,6809.72,SCBLPEPLXXX,PAGO PROVEEDOR 09314,BEN
10009315,BENEFICIARIO 09315,001000009315,USD,6810.45,CITIPEPLXXX,PAGO PROVEEDOR 09315,SHA
10009316,BENEFICIARIO 09316,001000009316,PEN,6811.18,BCPLPEPLXXX,PAGO PROVEEDOR 09316,OUR
10009317,BENEFICIARIO 09317,001000009317,PEN,6811.91,BINPPEPLXXX,PAGO PROVEEDOR 09317,BEN
10009318,BENEFICIARIO 09318,001000009318,PEN,6812.64,SCBLPEPLXXX,PAGO PROVEEDOR 09318,SHA
10009319,BENEFICIARIO 09319,001000009319,PEN,6813.37,CITIPEPLXXX,PAGO PROVEEDOR 09319,OUR
10009320,BENEFICIARIO 09320,001000009320,USD,6814.10,BCPLPEPLXXX,PAGO PROVEEDOR 09320,BEN
10009321,BENEFICIARIO 09321,001000009321,PEN,6814.83,BINPPEPLXXX,PAGO PROVEEDOR 09321,SHA
10009322,BENEFICIARIO 09322,001000009322,PEN,6815.56,SCBLPEPLXXX,PAGO PROVEEDOR 09322,OUR
10009323,BENEFICIARIO 09323,001000009323,PEN,6816.29,CITIPEPLXXX,PAGO PROVEEDOR 09323,BEN
10009324,BENEFICIARIO 09324,001000009324,PEN,6817.02,BCPLPEPLXXX,PAGO PROVEEDOR 09324,SHA
10009325,BENEFICIARIO 09325,001000009325,USD,6817.75,BINPPEPLXXX,PAGO PROVEEDOR 09325,OUR
10009326,BENEFICIARIO 09326,001000009326,PEN,6818.48,SCBLPEPLXXX,PAGO PROVEEDOR 09326,BEN
10009327,BENEFICIARIO 09327,001000009327,PEN,6819.21,CITIPEPLXXX,PAGO PROVEEDOR 09327,SHA
10009328,BENEFICIARIO 09328,001000009328,PEN,6819.94,BCPLPEPLXXX,PAGO PROVEEDOR 09328,OUR
10009329,BENEFICIARIO 09329,001000009329,PEN,6820.67,BINPPEPLXXX,PAGO PROVEEDOR 09329,BEN
10009330,BENEFICIARIO 09330,001000009330,USD,6821.40,SCBLPEPLXXX,PAGO PROVEEDOR 09330,SHA
10009331,BENEFICIARIO 09331,001000009331,PEN,6822.13,CITIPEPLXXX,PAGO PROVEEDOR 09331,OUR
10009332,BENEFICIARIO 09332,001000009332,PEN,6822.86,BCPLPEPLXXX,PAGO PROVEEDOR 09332,BEN
10009333,BENEFICIARIO 09333,001000009333,PEN,6823.59,BINPPEPLXXX,PAGO PROVEEDOR 09333,SHA
10009334,BENEFICIARIO 09334,001000009334,PEN,6824.32,SCBLPEPLXXX,PAGO PROVEEDOR 09334,OUR
10009335,BENEFICIARIO 09335,001000009335,USD,6825.05,CITIPEPLXXX,PAGO PROVEEDOR 09335,BEN
10009336,BENEFICIARIO 09336,001000009336,PEN,6825.78,BCPLPEPLXXX,PAGO PROVEEDOR 09336,SHA
10009337,BENEFICIARIO 09337,001000009337,PEN,6826.51,BINPPEPLXXX,PAGO PROVEEDOR 09337,OUR
10009338,BENEFICIARIO 09338,001000009338,PEN,6827.24,SCBLPEPLXXX,PAGO PROVEEDOR 09338,BEN
10009339,BENEFICIARIO 09339,001000009339,PEN,6827.97,CITIPEPLXXX,PAGO PROVEEDOR 09339,SHA
10009340,BENEFICIARIO 09340,001000009340,USD,6828.70,BCPLPEPLXXX,PAGO PROVEEDOR 09340,OUR
10009341,BENEFICIARIO 09341,001000009341,PEN,6829.43,BINPPEPLXXX,PAGO PROVEEDOR 09341,BEN
10009342,BENEFICIARIO 09342,001000009342,PEN,6830.16,SCBLPEPLXXX,PAGO PROVEEDOR 09342,SHA
10009343,BENEFICIARIO 09343,001000009343,PEN,6830.89,CITIPEPLXXX,PAGO PROVEEDOR 09343,OUR
10009344,BENEFICIARIO 09344,001000009344,PEN,6831.62,BCPLPEPLXXX,PAGO PROVEEDOR 09344,BEN
10009345,BENEFICIARIO 09345,001000009345,USD,6832.35,BINPPEPLXXX,PAGO PROVEEDOR 09345,SHA
10009346,BENEFICIARIO 09346,001000009346,PEN,6833.08,SCBLPEPLXXX,PAGO PROVEEDOR 09346,OUR
10009347,BENEFICIARIO 09347,001000009347,PEN,6833.81,CITIPEPLXXX,PAGO PROVEEDOR 09347,BEN
10009348,BENEFICIARIO 09348,001000009348,PEN,6834.54,BCPLPEPLXXX,PAGO PROVEEDOR 09348,SHA
10009349,BENEFICIARIO 09349,001000009349,PEN,6835.27,BINPPEPLXXX,PAGO PROVEEDOR 09349,OUR
10009350,BENEFICIARIO 09350,001000009350,USD,6836.00,SCBLPEPLXXX,PAGO PROVEEDOR 09350,BEN
10009351,BENEFICIARIO 09351,001000009351,PEN,6836.73,CITIPEPLXXX,PAGO PROVEEDOR 09351,SHA
10009352,BENEFICIARIO 09352,001000009352,PEN,6837.46,BCPLPEPLXXX,PAGO PROVEEDOR 09352,OUR
10009353,BENEFICIARIO 09353,001000009353,PEN,6838.19,BINPPEPLXXX,PAGO PROVEEDOR 09353,BEN
10009354,BENEFICIARIO 09354,001000009354,PEN,6838.92,SCBLPEPLXXX,PAGO PROVEEDOR 09354,SHA
10009355,BENEFICIARIO 09355,001000009355,USD,6839.65,CITIPEPLXXX,PAGO PROVEEDOR 09355,OUR
10009356,BENEFICIARIO 09356,001000009356,PEN,6840.38,BCPLPEPLXXX,PAGO PROVEEDOR 09356,BEN
10009357,BENEFICIARIO 09357,001000009357,PEN,6841.11,BINPPEPLXXX,PAGO PROVEEDOR 09357,SHA
10009358,BENEFICIARIO 09358,001000009358,PEN,6841.84,SCBLPEPLXXX,PAGO PROVEEDOR 09358,OUR
10009359,BENEFICIARIO 09359,001000009359,PEN,6842.57,CITIPEPLXXX,PAGO PROVEEDOR 09359,BEN
10009360,BENEFICIARIO 09360,001000009360,USD,6843.30,BCPLPEPLXXX,PAGO PROVEEDOR 09360,SHA
10009361,BENEFICIARIO 09361,001000009361,PEN,6844.03,BINPPEPLXXX,PAGO PROVEEDOR 09361,OUR
10009362,BENEFICIARIO 09362,001000009362,PEN,6844.76,SCBLPEPLXXX,PAGO PROVEEDOR 09362,BEN
10009363,BENEFICIARIO 09363,001000009363,PEN,6845.49,CITIPEPLXXX,PAGO PROVEEDOR 09363,SHA
10009364,BENEFICIARIO 09364,001000009364,PEN,6846.22,BCPLPEPLXXX,PAGO PROVEEDOR 09364,OUR
10009365,BENEFICIARIO 09365,001000009365,USD,6846.95,BINPPEPLXXX,PAGO PROVEEDOR 09365,BEN
10009366,BENEFICIARIO 09366,001000009366,PEN,6847.68,SCBLPEPLXXX,PAGO PROVEEDOR 09366,SHA
10009367,BENEFICIARIO 09367,001000009367,PEN,6848.41,CITIPEPLXXX,PAGO PROVEEDOR 09367,OUR
10009368,BENEFICIARIO 09368,001000009368,PEN,6849.14,BCPLPEPLXXX,PAGO PROVEEDOR 09368,BEN
10009369,BENEFICIARIO 09369,001000009369,PEN,6849.87,BINPPEPLXXX,PAGO PROVEEDOR 09369,SHA
10009370,BENEFICIARIO 09370,001000009370,USD,6850.60,SCBLPEPLXXX,PAGO PROVEEDOR 09370,OUR
10009371,BENEFICIARIO 09371,001000009371,PEN,6851.33,CITIPEPLXXX,PAGO PROVEEDOR 09371,BEN
10009372,BENEFICIARIO 09372,001000009372,PEN,6852.06,BCPLPEPLXXX,PAGO PROVEEDOR 09372,SHA
10009373,BENEFICIARIO 09373,001000009373,PEN,6852.79,BINPPEPLXXX,PAGO PROVEEDOR 09373,OUR
10009374,BENEFICIARIO 09374,001000009374,PEN,6853.52,SCBLPEPLXXX,PAGO PROVEEDOR 09374,BEN
10009375,BENEFICIARIO 09375,001000009375,USD,6854.25,CITIPEPLXXX,PAGO PROVEEDOR 09375,SHA
10009376,BENEFICIARIO 09376,001000009376,PEN,6854.98,BCPLPEPLXXX,PAGO PROVEEDOR 09376,OUR
10009377,BENEFICIARIO 09377,001000009377,PEN,6855.71,BINPPEPLXXX,PAGO PROVEEDOR 09377,BEN
10009378,BENEFICIARIO 09378,001000009378,PEN,6856.44,SCBLPEPLXXX,PAGO PROVEEDOR 09378,SHA
10009379,BENEFICIARIO 09379,001000009379,PEN,6857.17,CITIPEPLXXX,PAGO PROVEEDOR 09379,OUR
10009380,BENEFICIARIO 09380,001000009380,USD,6857.90,BCPLPEPLXXX,PAGO PROVEEDOR 09380,BEN
10009381,BENEFICIARIO 09381,001000009381,PEN,6858.63,BINPPEPLXXX,PAGO PROVEEDOR 09381,SHA
10009382,BENEFICIARIO 09382,001000009382,PEN,6859.36,SCBLPEPLXXX,PAGO PROVEEDOR 09382,OUR
10009383,BENEFICIARIO 09383,001000009383,PEN,6860.09,CITIPEPLXXX,PAGO PROVEEDOR 09383,BEN
10009384,BENEFICIARIO 09384,001000009384,PEN,6860.82,BCPLPEPLXXX,PAGO PROVEEDOR 09384,SHA
10009385,BENEFICIARIO 09385,001000009385,USD,6861.55,BINPPEPLXXX,PAGO PROVEEDOR 09385,OUR
10009386,BENEFICIARIO 09386,001000009386,PEN,6862.28,SCBLPEPLXXX,PAGO PROVEEDOR 09386,BEN
10009387,BENEFICIARIO 09387,001000009387,PEN,6863.01,CITIPEPLXXX,PAGO PROVEEDOR 09387,SHA
10009388,BENEFICIARIO 09388,001000009388,PEN,6863.74,BCPLPEPLXXX,PAGO PROVEEDOR 09388,OUR
10009389,BENEFICIARIO 09389,001000009389,PEN,6864.47,BINPPEPLXXX,PAGO PROVEEDOR 09389,BEN
10009390,BENEFICIARIO 09390,001000009390,USD,6865.20,SCBLPEPLXXX,PAGO PROVEEDOR 09390,SHA
10009391,BENEFICIARIO 09391,001000009391,PEN,6865.93,CITIPEPLXXX,PAGO PROVEEDOR 09391,OUR
10009392,BENEFICIARIO 09392,001000009392,PEN,6866.66,BCPLPEPLXXX,PAGO PROVEEDOR 09392,BEN
10009393,BENEFICIARIO 09393,001000009393,PEN,6867.39,BINPPEPLXXX,PAGO PROVEEDOR 09393,SHA
10009394,BENEFICIARIO 09394,001000009394,PEN,6868.12,SCBLPEPLXXX,PAGO PROVEEDOR 09394,OUR
10009395,BENEFICIARIO 09395,001000009395,USD,6868.85,CITIPEPLXXX,PAGO PROVEEDOR 09395,BEN
10009396,BENEFICIARIO 09396,001000009396,PEN,6869.58,BCPLPEPLXXX,PAGO PROVEEDOR 09396,SHA
10009397,BENEFICIARIO 09397,001000009397,PEN,6870.31,BINPPEPLXXX,PAGO PROVEEDOR 09397,OUR
10009398,BENEFICIARIO 09398,001000009398,PEN,6871.04,SCBLPEPLXXX,PAGO PROVEEDOR 09398,BEN
10009399,BENEFICIARIO 09399,001000009399,PEN,6871.77,CITIPEPLXXX,PAGO PROVEEDOR 09399,SHA
10009400,BENEFICIARIO 09400,001000009400,USD,6872.50,BCPLPEPLXXX,PAGO PROVEEDOR 09400,OUR
10009401,BENEFICIARIO 09401,001000009401,PEN,6873.23,BINPPEPLXXX,PAGO PROVEEDOR 09401,BEN
10009402,BENEFICIARIO 09402,001000009402,PEN,6873.96,SCBLPEPLXXX,PAGO PROVEEDOR 09402,SHA
10009403,BENEFICIARIO 09403,001000009403,PEN,6874.69,CITIPEPLXXX,PAGO PROVEEDOR 09403,OUR
10009404,BENEFICIARIO 09404,001000009404,PEN,6875.42,BCPLPEPLXXX,PAGO PROVEEDOR 09404,BEN
10009405,BENEFICIARIO 09405,001000009405,USD,6876.15,BINPPEPLXXX,PAGO PROVEEDOR 09405,SHA
10009406,BENEFICIARIO 09406,001000009406,PEN,6876.88,SCBLPEPLXXX,PAGO PROVEEDOR 09406,OUR
10009407,BENEFICIARIO 09407,001000009407,PEN,6877.61,CITIPEPLXXX,PAGO PROVEEDOR 09407,BEN
10009408,BENEFICIARIO 09408,001000009408,PEN,6878.34,BCPLPEPLXXX,PAGO PROVEEDOR 09408,SHA
10009409,BENEFICIARIO 09409,001000009409,PEN,6879.07,BINPPEPLXXX,PAGO PROVEEDOR 09409,OUR
10009410,BENEFICIARIO 09410,001000009410,USD,6879.80,SCBLPEPLXXX,PAGO PROVEEDOR 09410,BEN
10009411,BENEFICIARIO 09411,001000009411,PEN,6880.53,CITIPEPLXXX,PAGO PROVEEDOR 09411,SHA
10009412,BENEFICIARIO 09412,001000009412,PEN,6881.26,BCPLPEPLXXX,PAGO PROVEEDOR 09412,OUR
10009413,BENEFICIARIO 09413,001000009413,PEN,6881.99,BINPPEPLXXX,PAGO PROVEEDOR 09413,BEN
10009414,BENEFICIARIO 09414,001000009414,PEN,6882.72,SCBLPEPLXXX,PAGO PROVEEDOR 09414,SHA
10009415,BENEFICIARIO 09415,001000009415,USD,6883.45,CITIPEPLXXX,PAGO PROVEEDOR 09415,OUR
10009416,BENEFICIARIO 09416,001000009416,PEN,6884.18,BCPLPEPLXXX,PAGO PROVEEDOR 09416,BEN
10009417,BENEFICIARIO 09417,001000009417,PEN,6884.91,BINPPEPLXXX,PAGO PROVEEDOR 09417,SHA
10009418,BENEFICIARIO 09418,001000009418,PEN,6885.64,SCBLPEPLXXX,PAGO PROVEEDOR 09418,OUR
10009419,BENEFICIARIO 09419,001000009419,PEN,6886.37,CITIPEPLXXX,PAGO PROVEEDOR 09419,BEN
10009420,BENEFICIARIO 09420,001000009420,USD,6887.10,BCPLPEPLXXX,PAGO PROVEEDOR 09420,SHA
10009421,BENEFICIARIO 09421,001000009421,PEN,6887.83,BINPPEPLXXX,PAGO PROVEEDOR 09421,OUR
10009422,BENEFICIARIO 09422,001000009422,PEN,6888.56,SCBLPEPLXXX,PAGO PROVEEDOR 09422,BEN
10009423,BENEFICIARIO 09423,001000009423,PEN,6889.29,CITIPEPLXXX,PAGO PROVEEDOR 09423,SHA
10009424,BENEFICIARIO 09424,001000009424,PEN,6890.02,BCPLPEPLXXX,PAGO PROVEEDOR 09424,OUR
10009425,BENEFICIARIO 09425,001000009425,USD,6890.75,BINPPEPLXXX,PAGO PROVEEDOR 09425,BEN
10009426,BENEFICIARIO 09426,001000009426,PEN,6891.48,SCBLPEPLXXX,PAGO PROVEEDOR 09426,SHA
10009427,BENEFICIARIO 09427,001000009427,PEN,6892.21,CITIPEPLXXX,PAGO PROVEEDOR 09427,OUR
10009428,BENEFICIARIO 09428,001000009428,PEN,6892.94,BCPLPEPLXXX,PAGO PROVEEDOR 09428,BEN
10009429,BENEFICIARIO 09429,001000009429,PEN,6893.67,BINPPEPLXXX,PAGO PROVEEDOR 09429,SHA
10009430,BENEFICIARIO 09430,001000009430,USD,6894.40,SCBLPEPLXXX,PAGO PROVEEDOR 09430,OUR
10009431,BENEFICIARIO 09431,001000009431,PEN,6895.13,CITIPEPLXXX,PAGO PROVEEDOR 09431,BEN
10009432,BENEFICIARIO 09432,001000009432,PEN,6895.86,BCPLPEPLXXX,PAGO PROVEEDOR 09432,SHA
10009433,BENEFICIARIO 09433,001000009433,PEN,6896.59,BINPPEPLXXX,PAGO PROVEEDOR 09433,OUR
10009434,BENEFICIARIO 09434,001000009434,PEN,6897.32,SCBLPEPLXXX,PAGO PROVEEDOR 09434,BEN
10009435,BENEFICIARIO 09435,001000009435,USD,6898.05,CITIPEPLXXX,PAGO PROVEEDOR 09435,SHA
10009436,BENEFICIARIO 09436,001000009436,PEN,6898.78,BCPLPEPLXXX,PAGO PROVEEDOR 09436,OUR
10009437,BENEFICIARIO 09437,001000009437,PEN,6899.51,BINPPEPLXXX,PAGO PROVEEDOR 09437,BEN
10009438,BENEFICIARIO 09438,001000009438,PEN,6900.24,SCBLPEPLXXX,PAGO PROVEEDOR 09438,SHA
10009439,BENEFICIARIO 09439,001000009439,PEN,6900.97,CITIPEPLXXX,PAGO PROVEEDOR 09439,OUR
10009440,BENEFICIARIO 09440,001000009440,USD,6901.70,BCPLPEPLXXX,PAGO PROVEEDOR 09440,BEN
10009441,BENEFICIARIO 09441,001000009441,PEN,6902.43,BINPPEPLXXX,PAGO PROVEEDOR 09441,SHA
10009442,BENEFICIARIO 09442,001000009442,PEN,6903.16,SCBLPEPLXXX,PAGO PROVEEDOR 09442,OUR
10009443,BENEFICIARIO 09443,001000009443,PEN,6903.89,CITIPEPLXXX,PAGO PROVEEDOR 09443,BEN
10009444,BENEFICIARIO 09444,001000009444,PEN,6904.62,BCPLPEPLXXX,PAGO PROVEEDOR 09444,SHA
10009445,BENEFICIARIO 09445,001000009445,USD,6905.35,BINPPEPLXXX,PAGO PROVEEDOR 09445,OUR
10009446,BENEFICIARIO 09446,001000009446,PEN,6906.08,SCBLPEPLXXX,PAGO PROVEEDOR 09446,BEN
10009447,BENEFICIARIO 09447,001000009447,PEN,6906.81,CITIPEPLXXX,PAGO PROVEEDOR 09447,SHA
10009448,BENEFICIARIO 09448,001000009448,PEN,6907.54,BCPLPEPLXXX,PAGO PROVEEDOR 09448,OUR
10009449,BENEFICIARIO 09449,001000009449,PEN,6908.27,BINPPEPLXXX,PAGO PROVEEDOR 09449,BEN
10009450,BENEFICIARIO 09450,001000009450,USD,6909.00,SCBLPEPLXXX,PAGO PROVEEDOR 09450,SHA
10009451,BENEFICIARIO 09451,001000009451,PEN,6909.73,CITIPEPLXXX,PAGO PROVEEDOR 09451,OUR
10009452,BENEFICIARIO 09452,001000009452,PEN,6910.46,BCPLPEPLXXX,PAGO PROVEEDOR 09452,BEN
10009453,BENEFICIARIO 09453,001000009453,PEN,6911.19,BINPPEPLXXX,PAGO PROVEEDOR 09453,SHA
10009454,BENEFICIARIO 09454,001000009454,PEN,6911.92,SCBLPEPLXXX,PAGO PROVEEDOR 09454,OUR
10009455,BENEFICIARIO 09455,001000009455,USD,6912.65,CITIPEPLXXX,PAGO PROVEEDOR 09455,BEN
10009456,BENEFICIARIO 09456,001000009456,PEN,6913.38,BCPLPEPLXXX,PAGO PROVEEDOR 09456,SHA
10009457,BENEFICIARIO 09457,001000009457,PEN,6914.11,BINPPEPLXXX,PAGO PROVEEDOR 09457,OUR
10009458,BENEFICIARIO 09458,001000009458,PEN,6914.84,SCBLPEPLXXX,PAGO PROVEEDOR 09458,BEN
10009459,BENEFICIARIO 09459,001000009459,PEN,6915.57,CITIPEPLXXX,PAGO PROVEEDOR 09459,SHA
10009460,BENEFICIARIO 09460,001000009460,USD,6916.30,BCPLPEPLXXX,PAGO PROVEEDOR 09460,OUR
10009461,BENEFICIARIO 09461,001000009461,PEN,6917.03,BINPPEPLXXX,PAGO PROVEEDOR 09461,BEN
10009462,BENEFICIARIO 09462,001000009462,PEN,6917.76,SCBLPEPLXXX,PAGO PROVEEDOR 09462,SHA
10009463,BENEFICIARIO 09463,001000009463,PEN,6918.49,CITIPEPLXXX,PAGO PROVEEDOR 09463,OUR
10009464,BENEFICIARIO 09464,001000009464,PEN,6919.22,BCPLPEPLXXX,PAGO PROVEEDOR 09464,BEN
10009465,BENEFICIARIO 09465,001000009465,USD,6919.95,BINPPEPLXXX,PAGO PROVEEDOR 09465,SHA
10009466,BENEFICIARIO 09466,001000009466,PEN,6920.68,SCBLPEPLXXX,PAGO PROVEEDOR 09466,OUR
10009467,BENEFICIARIO 09467,001000009467,PEN,6921.41,CITIPEPLXXX,PAGO PROVEEDOR 09467,BEN
10009468,BENEFICIARIO 09468,001000009468,PEN,6922.14,BCPLPEPLXXX,PAGO PROVEEDOR 09468,SHA
10009469,BENEFICIARIO 09469,001000009469,PEN,6922.87,BINPPEPLXXX,PAGO PROVEEDOR 09469,OUR
10009470,BENEFICIARIO 09470,001000009470,USD,6923.60,SCBLPEPLXXX,PAGO PROVEEDOR 09470,BEN
10009471,BENEFICIARIO 09471,001000009471,PEN,6924.33,CITIPEPLXXX,PAGO PROVEEDOR 09471,SHA
10009472,BENEFICIARIO 09472,001000009472,PEN,6925.06,BCPLPEPLXXX,PAGO PROVEEDOR 09472,OUR
10009473,BENEFICIARIO 09473,001000009473,PEN,6925.79,BINPPEPLXXX,PAGO PROVEEDOR 09473,BEN
10009474,BENEFICIARIO 09474,001000009474,PEN,6926.52,SCBLPEPLXXX,PAGO PROVEEDOR 09474,SHA
10009475,BENEFICIARIO 09475,001000009475,USD,6927.25,CITIPEPLXXX,PAGO PROVEEDOR 09475,OUR
10009476,BENEFICIARIO 09476,001000009476,PEN,6927.98,BCPLPEPLXXX,PAGO PROVEEDOR 09476,BEN
10009477,BENEFICIARIO 09477,001000009477,PEN,6928.71,BINPPEPLXXX,PAGO PROVEEDOR 09477,SHA
10009478,BENEFICIARIO 09478,001000009478,PEN,6929.44,SCBLPEPLXXX,PAGO PROVEEDOR 09478,OUR
10009479,BENEFICIARIO 09479,001000009479,PEN,6930.17,CITIPEPLXXX,PAGO PROVEEDOR 09479,BEN
10009480,BENEFICIARIO 09480,001000009480,USD,6930.90,BCPLPEPLXXX,PAGO PROVEEDOR 09480,SHA
10009481,BENEFICIARIO 09481,001000009481,PEN,6931.63,BINPPEPLXXX,PAGO PROVEEDOR 09481,OUR
10009482,BENEFICIARIO 09482,001000009482,PEN,6932.36,SCBLPEPLXXX,PAGO PROVEEDOR 09482,BEN
10009483,BENEFICIARIO 09483,001000009483,PEN,6933.09,CITIPEPLXXX,PAGO PROVEEDOR 09483,SHA
10009484,BENEFICIARIO 09484,001000009484,PEN,6933.82,BCPLPEPLXXX,PAGO PROVEEDOR 09484,OUR
10009485,BENEFICIARIO 09485,001000009485,USD,6934.55,BINPPEPLXXX,PAGO PROVEEDOR 09485,BEN
10009486,BENEFICIARIO 09486,001000009486,PEN,6935.28,SCBLPEPLXXX,PAGO PROVEEDOR 09486,SHA
10009487,BENEFICIARIO 09487,001000009487,PEN,6936.01,CITIPEPLXXX,PAGO PROVEEDOR 09487,OUR
10009488,BENEFICIARIO 09488,001000009488,PEN,6936.74,BCPLPEPLXXX,PAGO PROVEEDOR 09488,BEN
10009489,BENEFICIARIO 09489,001000009489,PEN,6937.47,BINPPEPLXXX,PAGO PROVEEDOR 09489,SHA
10009490,BENEFICIARIO 09490,001000009490,USD,6938.20,SCBLPEPLXXX,PAGO PROVEEDOR 09490,OUR
10009491,BENEFICIARIO 09491,001000009491,PEN,6938.93,CITIPEPLXXX,PAGO PROVEEDOR 09491,BEN
10009492,BENEFICIARIO 09492,001000009492,PEN,6939.66,BCPLPEPLXXX,PAGO PROVEEDOR 09492,SHA
10009493,BENEFICIARIO 09493,001000009493,PEN,6940.39,BINPPEPLXXX,PAGO PROVEEDOR 09493,OUR
10009494,BENEFICIARIO 09494,001000009494,PEN,6941.12,SCBLPEPLXXX,PAGO PROVEEDOR 09494,BEN
10009495,BENEFICIARIO 09495,001000009495,USD,6941.85,CITIPEPLXXX,PAGO PROVEEDOR 09495,SHA
10009496,BENEFICIARIO 09496,001000009496,PEN,6942.58,BCPLPEPLXXX,PAGO PROVEEDOR 09496,OUR
10009497,BENEFICIARIO 09497,001000009497,PEN,6943.31,BINPPEPLXXX,PAGO PROVEEDOR 09497,BEN
10009498,BENEFICIARIO 09498,001000009498,PEN,6944.04,SCBLPEPLXXX,PAGO PROVEEDOR 09498,SHA
10009499,BENEFICIARIO 09499,001000009499,PEN,6944.77,CITIPEPLXXX,PAGO PROVEEDOR 09499,OUR
10009500,BENEFICIARIO 09500,001000009500,USD,6945.50,BCPLPEPLXXX,PAGO PROVEEDOR 09500,BEN
10009501,BENEFICIARIO 09501,001000009501,PEN,6946.23,BINPPEPLXXX,PAGO PROVEEDOR 09501,SHA
10009502,BENEFICIARIO 09502,001000009502,PEN,6946.96,SCBLPEPLXXX,PAGO PROVEEDOR 09502,OUR
10009503,BENEFICIARIO 09503,001000009503,PEN,6947.69,CITIPEPLXXX,PAGO PROVEEDOR 09503,BEN
10009504,BENEFICIARIO 09504,001000009504,PEN,6948.42,BCPLPEPLXXX,PAGO PROVEEDOR 09504,SHA
10009505,BENEFICIARIO 09505,001000009505,USD,6949.15,BINPPEPLXXX,PAGO PROVEEDOR 09505,OUR
10009506,BENEFICIARIO 09506,001000009506,PEN,6949.88,SCBLPEPLXXX,PAGO PROVEEDOR 09506,BEN
10009507,BENEFICIARIO 09507,001000009507,PEN,6950.61,CITIPEPLXXX,PAGO PROVEEDOR 09507,SHA
10009508,BENEFICIARIO 09508,001000009508,PEN,6951.34,BCPLPEPLXXX,PAGO PROVEEDOR 09508,OUR
10009509,BENEFICIARIO 09509,001000009509,PEN,6952.07,BINPPEPLXXX,PAGO PROVEEDOR 09509,BEN
10009510,BENEFICIARIO 09510,001000009510,USD,6952.80,SCBLPEPLXXX,PAGO PROVEEDOR 09510,SHA
10009511,BENEFICIARIO 09511,001000009511,PEN,6953.53,CITIPEPLXXX,PAGO PROVEEDOR 09511,OUR
10009512,BENEFICIARIO 09512,001000009512,PEN,6954.26,BCPLPEPLXXX,PAGO PROVEEDOR 09512,BEN
10009513,BENEFICIARIO 09513,001000009513,PEN,6954.99,BINPPEPLXXX,PAGO PROVEEDOR 09513,SHA
10009514,BENEFICIARIO 09514,001000009514,PEN,6955.72,SCBLPEPLXXX,PAGO PROVEEDOR 09514,OUR
10009515,BENEFICIARIO 09515,001000009515,USD,6956.45,CITIPEPLXXX,PAGO PROVEEDOR 09515,BEN
10009516,BENEFICIARIO 09516,001000009516,PEN,6957.18,BCPLPEPLXXX,PAGO PROVEEDOR 09516,SHA
10009517,BENEFICIARIO 09517,001000009517,PEN,6957.91,BINPPEPLXXX,PAGO PROVEEDOR 09517,OUR
10009518,BENEFICIARIO 09518,001000009518,PEN,6958.64,SCBLPEPLXXX,PAGO PROVEEDOR 09518,BEN
10009519,BENEFICIARIO 09519,001000009519,PEN,6959.37,CITIPEPLXXX,PAGO PROVEEDOR 09519,SHA
10009520,BENEFICIARIO 09520,001000009520,USD,6960.10,BCPLPEPLXXX,PAGO PROVEEDOR 09520,OUR
10009521,BENEFICIARIO 09521,001000009521,PEN,6960.83,BINPPEPLXXX,PAGO PROVEEDOR 09521,BEN
10009522,BENEFICIARIO 09522,001000009522,PEN,6961.56,SCBLPEPLXXX,PAGO PROVEEDOR 09522,SHA
10009523,BENEFICIARIO 09523,001000009523,PEN,6962.29,CITIPEPLXXX,PAGO PROVEEDOR 09523,OUR
10009524,BENEFICIARIO 09524,001000009524,PEN,6963.02,BCPLPEPLXXX,PAGO PROVEEDOR 09524,BEN
10009525,BENEFICIARIO 09525,001000009525,USD,6963.75,BINPPEPLXXX,PAGO PROVEEDOR 09525,SHA
10009526,BENEFICIARIO 09526,001000009526,PEN,6964.48,SCBLPEPLXXX,PAGO PROVEEDOR 09526,OUR
10009527,BENEFICIARIO 09527,001000009527,PEN,6965.21,CITIPEPLXXX,PAGO PROVEEDOR 09527,BEN
10009528,BENEFICIARIO 09528,001000009528,PEN,6965.94,BCPLPEPLXXX,PAGO PROVEEDOR 09528,SHA
10009529,BENEFICIARIO 09529,001000009529,PEN,6966.67,BINPPEPLXXX,PAGO PROVEEDOR 09529,OUR
10009530,BENEFICIARIO 09530,001000009530,USD,6967.40,SCBLPEPLXXX,PAGO PROVEEDOR 09530,BEN
10009531,BENEFICIARIO 09531,001000009531,PEN,6968.13,CITIPEPLXXX,PAGO PROVEEDOR 09531,SHA
10009532,BENEFICIARIO 09532,001000009532,PEN,6968.86,BCPLPEPLXXX,PAGO PROVEEDOR 09532,OUR
10009533,BENEFICIARIO 09533,001000009533,PEN,6969.59,BINPPEPLXXX,PAGO PROVEEDOR 09533,BEN
10009534,BENEFICIARIO 09534,001000009534,PEN,6970.32,SCBLPEPLXXX,PAGO PROVEEDOR 09534,SHA
10009535,BENEFICIARIO 09535,001000009535,USD,6971.05,CITIPEPLXXX,PAGO PROVEEDOR 09535,OUR
10009536,BENEFICIARIO 09536,001000009536,PEN,6971.78,BCPLPEPLXXX,PAGO PROVEEDOR 09536,BEN
10009537,BENEFICIARIO 09537,001000009537,PEN,6972.51,BINPPEPLXXX,PAGO PROVEEDOR 09537,SHA
10009538,BENEFICIARIO 09538,001000009538,PEN,6973.24,SCBLPEPLXXX,PAGO PROVEEDOR 09538,OUR
10009539,BENEFICIARIO 09539,001000009539,PEN,6973.97,CITIPEPLXXX,PAGO PROVEEDOR 09539,BEN
10009540,BENEFICIARIO 09540,001000009540,USD,6974.70,BCPLPEPLXXX,PAGO PROVEEDOR 09540,SHA
10009541,BENEFICIARIO 09541,001000009541,PEN,6975.43,BINPPEPLXXX,PAGO PROVEEDOR 09541,OUR
10009542,BENEFICIARIO 09542,001000009542,PEN,6976.16,SCBLPEPLXXX,PAGO PROVEEDOR 09542,BEN
10009543,BENEFICIARIO 09543,001000009543,PEN,6976.89,CITIPEPLXXX,PAGO PROVEEDOR 09543,SHA
10009544,BENEFICIARIO 09544,001000009544,PEN,6977.62,BCPLPEPLXXX,PAGO PROVEEDOR 09544,OUR
10009545,BENEFICIARIO 09545,001000009545,USD,6978.35,BINPPEPLXXX,PAGO PROVEEDOR 09545,BEN
10009546,BENEFICIARIO 09546,001000009546,PEN,6979.08,SCBLPEPLXXX,PAGO PROVEEDOR 09546,SHA
10009547,BENEFICIARIO 09547,001000009547,PEN,6979.81,CITIPEPLXXX,PAGO PROVEEDOR 09547,OUR
10009548,BENEFICIARIO 09548,001000009548,PEN,6980.54,BCPLPEPLXXX,PAGO PROVEEDOR 09548,BEN
10009549,BENEFICIARIO 09549,001000009549,PEN,6981.27,BINPPEPLXXX,PAGO PROVEEDOR 09549,SHA
10009550,BENEFICIARIO 09550,001000009550,USD,6982.00,SCBLPEPLXXX,PAGO PROVEEDOR 09550,OUR
10009551,BENEFICIARIO 09551,001000009551,PEN,6982.73,CITIPEPLXXX,PAGO PROVEEDOR 09551,BEN
10009552,BENEFICIARIO 09552,001000009552,PEN,6983.46,BCPLPEPLXXX,PAGO PROVEEDOR 09552,SHA
10009553,BENEFICIARIO 09553,001000009553,PEN,6984.19,BINPPEPLXXX,PAGO PROVEEDOR 09553,OUR
10009554,BENEFICIARIO 09554,001000009554,PEN,6984.92,SCBLPEPLXXX,PAGO PROVEEDOR 09554,BEN
10009555,BENEFICIARIO 09555,001000009555,USD,6985.65,CITIPEPLXXX,PAGO PROVEEDOR 09555,SHA
10009556,BENEFICIARIO 09556,001000009556,PEN,6986.38,BCPLPEPLXXX,PAGO PROVEEDOR 09556,OUR
10009557,BENEFICIARIO 09557,001000009557,PEN,6987.11,BINPPEPLXXX,PAGO PROVEEDOR 09557,BEN
10009558,BENEFICIARIO 09558,001000009558,PEN,6987.84,SCBLPEPLXXX,PAGO PROVEEDOR 09558,SHA
10009559,BENEFICIARIO 09559,001000009559,PEN,6988.57,CITIPEPLXXX,PAGO PROVEEDOR 09559,OUR
10009560,BENEFICIARIO 09560,001000009560,USD,6989.30,BCPLPEPLXXX,PAGO PROVEEDOR 09560,BEN
10009561,BENEFICIARIO 09561,001000009561,PEN,6990.03,BINPPEPLXXX,PAGO PROVEEDOR 09561,SHA
10009562,BENEFICIARIO 09562,001000009562,PEN,6990.76,SCBLPEPLXXX,PAGO PROVEEDOR 09562,OUR
10009563,BENEFICIARIO 09563,001000009563,PEN,6991.49,CITIPEPLXXX,PAGO PROVEEDOR 09563,BEN
10009564,BENEFICIARIO 09564,001000009564,PEN,6992.22,BCPLPEPLXXX,PAGO PROVEEDOR 09564,SHA
10009565,BENEFICIARIO 09565,001000009565,USD,6992.95,BINPPEPLXXX,PAGO PROVEEDOR 09565,OUR
10009566,BENEFICIARIO 09566,001000009566,PEN,6993.68,SCBLPEPLXXX,PAGO PROVEEDOR 09566,BEN
10009567,BENEFICIARIO 09567,001000009567,PEN,6994.41,CITIPEPLXXX,PAGO PROVEEDOR 09567,SHA
10009568,BENEFICIARIO 09568,001000009568,PEN,6995.14,BCPLPEPLXXX,PAGO PROVEEDOR 09568,OUR
10009569,BENEFICIARIO 09569,001000009569,PEN,6995.87,BINPPEPLXXX,PAGO PROVEEDOR 09569,BEN
10009570,BENEFICIARIO 09570,001000009570,USD,6996.60,SCBLPEPLXXX,PAGO PROVEEDOR 09570,SHA
10009571,BENEFICIARIO 09571,001000009571,PEN,6997.33,CITIPEPLXXX,PAGO PROVEEDOR 09571,OUR
10009572,BENEFICIARIO 09572,001000009572,PEN,6998.06,BCPLPEPLXXX,PAGO PROVEEDOR 09572,BEN
10009573,BENEFICIARIO 09573,001000009573,PEN,6998.79,BINPPEPLXXX,PAGO PROVEEDOR 09573,SHA
10009574,BENEFICIARIO 09574,001000009574,PEN,6999.52,SCBLPEPLXXX,PAGO PROVEEDOR 09574,OUR
10009575,BENEFICIARIO 09575,001000009575,USD,7000.25,CITIPEPLXXX,PAGO PROVEEDOR 09575,BEN
10009576,BENEFICIARIO 09576,001000009576,PEN,7000.98,BCPLPEPLXXX,PAGO PROVEEDOR 09576,SHA
10009577,BENEFICIARIO 09577,001000009577,PEN,7001.71,BINPPEPLXXX,PAGO PROVEEDOR 09577,OUR
10009578,BENEFICIARIO 09578,001000009578,PEN,7002.44,SCBLPEPLXXX,PAGO PROVEEDOR 09578,BEN
10009579,BENEFICIARIO 09579,001000009579,PEN,7003.17,CITIPEPLXXX,PAGO PROVEEDOR 09579,SHA
10009580,BENEFICIARIO 09580,001000009580,USD,7003.90,BCPLPEPLXXX,PAGO PROVEEDOR 09580,OUR
10009581,BENEFICIARIO 09581,001000009581,PEN,7004.63,BINPPEPLXXX,PAGO PROVEEDOR 09581,BEN
10009582,BENEFICIARIO 09582,001000009582,PEN,7005.36,SCBLPEPLXXX,PAGO PROVEEDOR 09582,SHA
10009583,BENEFICIARIO 09583,001000009583,PEN,7006.09,CITIPEPLXXX,PAGO PROVEEDOR 09583,OUR
10009584,BENEFICIARIO 09584,001000009584,PEN,7006.82,BCPLPEPLXXX,PAGO PROVEEDOR 09584,BEN
10009585,BENEFICIARIO 09585,001000009585,USD,7007.55,BINPPEPLXXX,PAGO PROVEEDOR 09585,SHA
10009586,BENEFICIARIO 09586,001000009586,PEN,7008.28,SCBLPEPLXXX,PAGO PROVEEDOR 09586,OUR
10009587,BENEFICIARIO 09587,001000009587,PEN,7009.01,CITIPEPLXXX,PAGO PROVEEDOR 09587,BEN
10009588,BENEFICIARIO 09588,001000009588,PEN,7009.74,BCPLPEPLXXX,PAGO PROVEEDOR 09588,SHA
10009589,BENEFICIARIO 09589,001000009589,PEN,7010.47,BINPPEPLXXX,PAGO PROVEEDOR 09589,OUR
10009590,BENEFICIARIO 09590,001000009590,USD,7011.20,SCBLPEPLXXX,PAGO PROVEEDOR 09590,BEN
10009591,BENEFICIARIO 09591,001000009591,PEN,7011.93,CITIPEPLXXX,PAGO PROVEEDOR 09591,SHA
10009592,BENEFICIARIO 09592,001000009592,PEN,7012.66,BCPLPEPLXXX,PAGO PROVEEDOR 09592,OUR
10009593,BENEFICIARIO 09593,001000009593,PEN,7013.39,BINPPEPLXXX,PAGO PROVEEDOR 09593,BEN
10009594,BENEFICIARIO 09594,001000009594,PEN,7014.12,SCBLPEPLXXX,PAGO PROVEEDOR 09594,SHA
10009595,BENEFICIARIO 09595,001000009595,USD,7014.85,CITIPEPLXXX,PAGO PROVEEDOR 09595,OUR
10009596,BENEFICIARIO 09596,001000009596,PEN,7015.58,BCPLPEPLXXX,PAGO PROVEEDOR 09596,BEN
10009597,BENEFICIARIO 09597,001000009597,PEN,7016.31,BINPPEPLXXX,PAGO PROVEEDOR 09597,SHA
10009598,BENEFICIARIO 09598,001000009598,PEN,7017.04,SCBLPEPLXXX,PAGO PROVEEDOR 09598,OUR
10009599,BENEFICIARIO 09599,001000009599,PEN,7017.77,CITIPEPLXXX,PAGO PROVEEDOR 09599,BEN
10009600,BENEFICIARIO 09600,001000009600,USD,7018.50,BCPLPEPLXXX,PAGO PROVEEDOR 09600,SHA
10009601,BENEFICIARIO 09601,001000009601,PEN,7019.23,BINPPEPLXXX,PAGO PROVEEDOR 09601,OUR
10009602,BENEFICIARIO 09602,001000009602,PEN,7019.96,SCBLPEPLXXX,PAGO PROVEEDOR 09602,BEN
10009603,BENEFICIARIO 09603,001000009603,PEN,7020.69,CITIPEPLXXX,PAGO PROVEEDOR 09603,SHA
10009604,BENEFICIARIO 09604,001000009604,PEN,7021.42,BCPLPEPLXXX,PAGO PROVEEDOR 09604,OUR
10009605,BENEFICIARIO 09605,001000009605,USD,7022.15,BINPPEPLXXX,PAGO PROVEEDOR 09605,BEN
10009606,BENEFICIARIO 09606,001000009606,PEN,7022.88,SCBLPEPLXXX,PAGO PROVEEDOR 09606,SHA
10009607,BENEFICIARIO 09607,001000009607,PEN,7023.61,CITIPEPLXXX,PAGO PROVEEDOR 09607,OUR
10009608,BENEFICIARIO 09608,001000009608,PEN,7024.34,BCPLPEPLXXX,PAGO PROVEEDOR 09608,BEN
10009609,BENEFICIARIO 09609,001000009609,PEN,7025.07,BINPPEPLXXX,PAGO PROVEEDOR 09609,SHA
10009610,BENEFICIARIO 09610,001000009610,USD,7025.80,SCBLPEPLXXX,PAGO PROVEEDOR 09610,OUR
10009611,BENEFICIARIO 09611,001000009611,PEN,7026.53,CITIPEPLXXX,PAGO PROVEEDOR 09611,BEN
10009612,BENEFICIARIO 09612,001000009612,PEN,7027.26,BCPLPEPLXXX,PAGO PROVEEDOR 09612,SHA
10009613,BENEFICIARIO 09613,001000009613,PEN,7027.99,BINPPEPLXXX,PAGO PROVEEDOR 09613,OUR
10009614,BENEFICIARIO 09614,001000009614,PEN,7028.72,SCBLPEPLXXX,PAGO PROVEEDOR 09614,BEN
10009615,BENEFICIARIO 09615,001000009615,USD,7029.45,CITIPEPLXXX,PAGO PROVEEDOR 09615,SHA
10009616,BENEFICIARIO 09616,001000009616,PEN,7030.18,BCPLPEPLXXX,PAGO PROVEEDOR 09616,OUR
10009617,BENEFICIARIO 09617,001000009617,PEN,7030.91,BINPPEPLXXX,PAGO PROVEEDOR 09617,BEN
10009618,BENEFICIARIO 09618,001000009618,PEN,7031.64,SCBLPEPLXXX,PAGO PROVEEDOR 09618,SHA
10009619,BENEFICIARIO 09619,001000009619,PEN,7032.37,CITIPEPLXXX,PAGO PROVEEDOR 09619,OUR
10009620,BENEFICIARIO 09620,001000009620,USD,7033.10,BCPLPEPLXXX,PAGO PROVEEDOR 09620,BEN
10009621,BENEFICIARIO 09621,001000009621,PEN,7033.83,BINPPEPLXXX,PAGO PROVEEDOR 09621,SHA
10009622,BENEFICIARIO 09622,001000009622,PEN,7034.56,SCBLPEPLXXX,PAGO PROVEEDOR 09622,OUR
10009623,BENEFICIARIO 09623,001000009623,PEN,7035.29,CITIPEPLXXX,PAGO PROVEEDOR 09623,BEN
10009624,BENEFICIARIO 09624,001000009624,PEN,7036.02,BCPLPEPLXXX,PAGO PROVEEDOR 09624,SHA
10009625,BENEFICIARIO 09625,001000009625,USD,7036.75,BINPPEPLXXX,PAGO PROVEEDOR 09625,OUR
10009626,BENEFICIARIO 09626,001000009626,PEN,7037.48,SCBLPEPLXXX,PAGO PROVEEDOR 09626,BEN
10009627,BENEFICIARIO 09627,001000009627,PEN,7038.21,CITIPEPLXXX,PAGO PROVEEDOR 09627,SHA
10009628,BENEFICIARIO 09628,001000009628,PEN,7038.94,BCPLPEPLXXX,PAGO PROVEEDOR 09628,OUR
10009629,BENEFICIARIO 09629,001000009629,PEN,7039.67,BINPPEPLXXX,PAGO PROVEEDOR 09629,BEN
10009630,BENEFICIARIO 09630,001000009630,USD,7040.40,SCBLPEPLXXX,PAGO PROVEEDOR 09630,SHA
10009631,BENEFICIARIO 09631,001000009631,PEN,7041.13,CITIPEPLXXX,PAGO PROVEEDOR 09631,OUR
10009632,BENEFICIARIO 09632,001000009632,PEN,7041.86,BCPLPEPLXXX,PAGO PROVEEDOR 09632,BEN
10009633,BENEFICIARIO 09633,001000009633,PEN,7042.59,BINPPEPLXXX,PAGO PROVEEDOR 09633,SHA
10009634,BENEFICIARIO 09634,001000009634,PEN,7043.32,SCBLPEPLXXX,PAGO PROVEEDOR 09634,OUR
10009635,BENEFICIARIO 09635,001000009635,USD,7044.05,CITIPEPLXXX,PAGO PROVEEDOR 09635,BEN
10009636,BENEFICIARIO 09636,001000009636,PEN,7044.78,BCPLPEPLXXX,PAGO PROVEEDOR 09636,SHA
10009637,BENEFICIARIO 09637,001000009637,PEN,7045.51,BINPPEPLXXX,PAGO PROVEEDOR 09637,OUR
10009638,BENEFICIARIO 09638,001000009638,PEN,7046.24,SCBLPEPLXXX,PAGO PROVEEDOR 09638,BEN
10009639,BENEFICIARIO 09639,001000009639,PEN,7046.97,CITIPEPLXXX,PAGO PROVEEDOR 09639,SHA
10009640,BENEFICIARIO 09640,001000009640,USD,7047.70,BCPLPEPLXXX,PAGO PROVEEDOR 09640,OUR
10009641,BENEFICIARIO 09641,001000009641,PEN,7048.43,BINPPEPLXXX,PAGO PROVEEDOR 09641,BEN
10009642,BENEFICIARIO 09642,001000009642,PEN,7049.16,SCBLPEPLXXX,PAGO PROVEEDOR 09642,SHA
10009643,BENEFICIARIO 09643,001000009643,PEN,7049.89,CITIPEPLXXX,PAGO PROVEEDOR 09643,OUR
10009644,BENEFICIARIO 09644,001000009644,PEN,7050.62,BCPLPEPLXXX,PAGO PROVEEDOR 09644,BEN
10009645,BENEFICIARIO 09645,001000009645,USD,7051.35,BINPPEPLXXX,PAGO PROVEEDOR 09645,SHA
10009646,BENEFICIARIO 09646,001000009646,PEN,7052.08,SCBLPEPLXXX,PAGO PROVEEDOR 09646,OUR
10009647,BENEFICIARIO 09647,001000009647,PEN,7052.81,CITIPEPLXXX,PAGO PROVEEDOR 09647,BEN
10009648,BENEFICIARIO 09648,001000009648,PEN,7053.54,BCPLPEPLXXX,PAGO PROVEEDOR 09648,SHA
10009649,BENEFICIARIO 09649,001000009649,PEN,7054.27,BINPPEPLXXX,PAGO PROVEEDOR 09649,OUR
10009650,BENEFICIARIO 09650,001000009650,USD,7055.00,SCBLPEPLXXX,PAGO PROVEEDOR 09650,BEN
10009651,BENEFICIARIO 09651,001000009651,PEN,7055.73,CITIPEPLXXX,PAGO PROVEEDOR 09651,SHA
10009652,BENEFICIARIO 09652,001000009652,PEN,7056.46,BCPLPEPLXXX,PAGO PROVEEDOR 09652,OUR
10009653,BENEFICIARIO 09653,001000009653,PEN,7057.19,BINPPEPLXXX,PAGO PROVEEDOR 09653,BEN
10009654,BENEFICIARIO 09654,001000009654,PEN,7057.92,SCBLPEPLXXX,PAGO PROVEEDOR 09654,SHA
10009655,BENEFICIARIO 09655,001000009655,USD,7058.65,CITIPEPLXXX,PAGO PROVEEDOR 09655,OUR
10009656,BENEFICIARIO 09656,001000009656,PEN,7059.38,BCPLPEPLXXX,PAGO PROVEEDOR 09656,BEN
10009657,BENEFICIARIO 09657,001000009657,PEN,7060.11,BINPPEPLXXX,PAGO PROVEEDOR 09657,SHA
10009658,BENEFICIARIO 09658,001000009658,PEN,7060.84,SCBLPEPLXXX,PAGO PROVEEDOR 09658,OUR
10009659,BENEFICIARIO 09659,001000009659,PEN,7061.57,CITIPEPLXXX,PAGO PROVEEDOR 09659,BEN
10009660,BENEFICIARIO 09660,001000009660,USD,7062.30,BCPLPEPLXXX,PAGO PROVEEDOR 09660,SHA
10009661,BENEFICIARIO 09661,001000009661,PEN,7063.03,BINPPEPLXXX,PAGO PROVEEDOR 09661,OUR
10009662,BENEFICIARIO 09662,001000009662,PEN,7063.76,SCBLPEPLXXX,PAGO PROVEEDOR 09662,BEN
10009663,BENEFICIARIO 09663,001000009663,PEN,7064.49,CITIPEPLXXX,PAGO PROVEEDOR 09663,SHA
10009664,BENEFICIARIO 09664,001000009664,PEN,7065.22,BCPLPEPLXXX,PAGO PROVEEDOR 09664,OUR
10009665,BENEFICIARIO 09665,001000009665,USD,7065.95,BINPPEPLXXX,PAGO PROVEEDOR 09665,BEN
10009666,BENEFICIARIO 09666,001000009666,PEN,7066.68,SCBLPEPLXXX,PAGO PROVEEDOR 09666,SHA
10009667,BENEFICIARIO 09667,001000009667,PEN,7067.41,CITIPEPLXXX,PAGO PROVEEDOR 09667,OUR
10009668,BENEFICIARIO 09668,001000009668,PEN,7068.14,BCPLPEPLXXX,PAGO PROVEEDOR 09668,BEN
10009669,BENEFICIARIO 09669,001000009669,PEN,7068.87,BINPPEPLXXX,PAGO PROVEEDOR 09669,SHA
10009670,BENEFICIARIO 09670,001000009670,USD,7069.60,SCBLPEPLXXX,PAGO PROVEEDOR 09670,OUR
10009671,BENEFICIARIO 09671,001000009671,PEN,7070.33,CITIPEPLXXX,PAGO PROVEEDOR 09671,BEN
10009672,BENEFICIARIO 09672,001000009672,PEN,7071.06,BCPLPEPLXXX,PAGO PROVEEDOR 09672,SHA
10009673,BENEFICIARIO 09673,001000009673,PEN,7071.79,BINPPEPLXXX,PAGO PROVEEDOR 09673,OUR
10009674,BENEFICIARIO 09674,001000009674,PEN,7072.52,SCBLPEPLXXX,PAGO PROVEEDOR 09674,BEN
10009675,BENEFICIARIO 09675,001000009675,USD,7073.25,CITIPEPLXXX,PAGO PROVEEDOR 09675,SHA
10009676,BENEFICIARIO 09676,001000009676,PEN,7073.98,BCPLPEPLXXX,PAGO PROVEEDOR 09676,OUR
10009677,BENEFICIARIO 09677,001000009677,PEN,7074.71,BINPPEPLXXX,PAGO PROVEEDOR 09677,BEN
10009678,BENEFICIARIO 09678,001000009678,PEN,7075.44,SCBLPEPLXXX,PAGO PROVEEDOR 09678,SHA
10009679,BENEFICIARIO 09679,001000009679,PEN,7076.17,CITIPEPLXXX,PAGO PROVEEDOR 09679,OUR
10009680,BENEFICIARIO 09680,001000009680,USD,7076.90,BCPLPEPLXXX,PAGO PROVEEDOR 09680,BEN
10009681,BENEFICIARIO 09681,001000009681,PEN,7077.63,BINPPEPLXXX,PAGO PROVEEDOR 09681,SHA
10009682,BENEFICIARIO 09682,001000009682,PEN,7078.36,SCBLPEPLXXX,PAGO PROVEEDOR 09682,OUR
10009683,BENEFICIARIO 09683,001000009683,PEN,7079.09,CITIPEPLXXX,PAGO PROVEEDOR 09683,BEN
10009684,BENEFICIARIO 09684,001000009684,PEN,7079.82,BCPLPEPLXXX,PAGO PROVEEDOR 09684,SHA
10009685,BENEFICIARIO 09685,001000009685,USD,7080.55,BINPPEPLXXX,PAGO PROVEEDOR 09685,OUR
10009686,BENEFICIARIO 09686,001000009686,PEN,7081.28,SCBLPEPLXXX,PAGO PROVEEDOR 09686,BEN
10009687,BENEFICIARIO 09687,001000009687,PEN,7082.01,CITIPEPLXXX,PAGO PROVEEDOR 09687,SHA
10009688,BENEFICIARIO 09688,001000009688,PEN,7082.74,BCPLPEPLXXX,PAGO PROVEEDOR 09688,OUR
10009689,BENEFICIARIO 09689,001000009689,PEN,7083.47,BINPPEPLXXX,PAGO PROVEEDOR 09689,BEN
10009690,BENEFICIARIO 09690,001000009690,USD,7084.20,SCBLPEPLXXX,PAGO PROVEEDOR 09690,SHA
10009691,BENEFICIARIO 09691,001000009691,PEN,7084.93,CITIPEPLXXX,PAGO PROVEEDOR 09691,OUR
10009692,BENEFICIARIO 09692,001000009692,PEN,7085.66,BCPLPEPLXXX,PAGO PROVEEDOR 09692,BEN
10009693,BENEFICIARIO 09693,001000009693,PEN,7086.39,BINPPEPLXXX,PAGO PROVEEDOR 09693,SHA
10009694,BENEFICIARIO 09694,001000009694,PEN,7087.12,SCBLPEPLXXX,PAGO PROVEEDOR 09694,OUR
10009695,BENEFICIARIO 09695,001000009695,USD,7087.85,CITIPEPLXXX,PAGO PROVEEDOR 09695,BEN
10009696,BENEFICIARIO 09696,001000009696,PEN,7088.58,BCPLPEPLXXX,PAGO PROVEEDOR 09696,SHA
10009697,BENEFICIARIO 09697,001000009697,PEN,7089.31,BINPPEPLXXX,PAGO PROVEEDOR 09697,OUR
10009698,BENEFICIARIO 09698,001000009698,PEN,7090.04,SCBLPEPLXXX,PAGO PROVEEDOR 09698,BEN
10009699,BENEFICIARIO 09699,001000009699,PEN,7090.77,CITIPEPLXXX,PAGO PROVEEDOR 09699,SHA
10009700,BENEFICIARIO 09700,001000009700,USD,7091.50,BCPLPEPLXXX,PAGO PROVEEDOR 09700,OUR
10009701,BENEFICIARIO 09701,001000009701,PEN,7092.23,BINPPEPLXXX,PAGO PROVEEDOR 09701,BEN
10009702,BENEFICIARIO 09702,001000009702,PEN,7092.96,SCBLPEPLXXX,PAGO PROVEEDOR 09702,SHA
10009703,BENEFICIARIO 09703,001000009703,PEN,7093.69,CITIPEPLXXX,PAGO PROVEEDOR 09703,OUR
10009704,BENEFICIARIO 09704,001000009704,PEN,7094.42,BCPLPEPLXXX,PAGO PROVEEDOR 09704,BEN
10009705,BENEFICIARIO 09705,001000009705,USD,7095.15,BINPPEPLXXX,PAGO PROVEEDOR 09705,SHA
10009706,BENEFICIARIO 09706,001000009706,PEN,7095.88,SCBLPEPLXXX,PAGO PROVEEDOR 09706,OUR
10009707,BENEFICIARIO 09707,001000009707,PEN,7096.61,CITIPEPLXXX,PAGO PROVEEDOR 09707,BEN
10009708,BENEFICIARIO 09708,001000009708,PEN,7097.34,BCPLPEPLXXX,PAGO PROVEEDOR 09708,SHA
10009709,BENEFICIARIO 09709,001000009709,PEN,7098.07,BINPPEPLXXX,PAGO PROVEEDOR 09709,OUR
10009710,BENEFICIARIO 09710,001000009710,USD,7098.80,SCBLPEPLXXX,PAGO PROVEEDOR 09710,BEN
10009711,BENEFICIARIO 09711,001000009711,PEN,7099.53,CITIPEPLXXX,PAGO PROVEEDOR 09711,SHA
10009712,BENEFICIARIO 09712,001000009712,PEN,7100.26,BCPLPEPLXXX,PAGO PROVEEDOR 09712,OUR
10009713,BENEFICIARIO 09713,001000009713,PEN,7100.99,BINPPEPLXXX,PAGO PROVEEDOR 09713,BEN
10009714,BENEFICIARIO 09714,001000009714,PEN,7101.72,SCBLPEPLXXX,PAGO PROVEEDOR 09714,SHA
10009715,BENEFICIARIO 09715,001000009715,USD,7102.45,CITIPEPLXXX,PAGO PROVEEDOR 09715,OUR
10009716,BENEFICIARIO 09716,001000009716,PEN,7103.18,BCPLPEPLXXX,PAGO PROVEEDOR 09716,BEN
10009717,BENEFICIARIO 09717,001000009717,PEN,7103.91,BINPPEPLXXX,PAGO PROVEEDOR 09717,SHA
10009718,BENEFICIARIO 09718,001000009718,PEN,7104.64,SCBLPEPLXXX,PAGO PROVEEDOR 09718,OUR
10009719,BENEFICIARIO 09719,001000009719,PEN,7105.37,CITIPEPLXXX,PAGO PROVEEDOR 09719,BEN
10009720,BENEFICIARIO 09720,001000009720,USD,7106.10,BCPLPEPLXXX,PAGO PROVEEDOR 09720,SHA
10009721,BENEFICIARIO 09721,001000009721,PEN,7106.83,BINPPEPLXXX,PAGO PROVEEDOR 09721,OUR
10009722,BENEFICIARIO 09722,001000009722,PEN,7107.56,SCBLPEPLXXX,PAGO PROVEEDOR 09722,BEN
10009723,BENEFICIARIO 09723,001000009723,PEN,7108.29,CITIPEPLXXX,PAGO PROVEEDOR 09723,SHA
10009724,BENEFICIARIO 09724,001000009724,PEN,7109.02,BCPLPEPLXXX,PAGO PROVEEDOR 09724,OUR
10009725,BENEFICIARIO 09725,001000009725,USD,7109.75,BINPPEPLXXX,PAGO PROVEEDOR 09725,BEN
10009726,BENEFICIARIO 09726,001000009726,PEN,7110.48,SCBLPEPLXXX,PAGO PROVEEDOR 09726,SHA
10009727,BENEFICIARIO 09727,001000009727,PEN,7111.21,CITIPEPLXXX,PAGO PROVEEDOR 09727,OUR
10009728,BENEFICIARIO 09728,001000009728,PEN,7111.94,BCPLPEPLXXX,PAGO PROVEEDOR 09728,BEN
10009729,BENEFICIARIO 09729,001000009729,PEN,7112.67,BINPPEPLXXX,PAGO PROVEEDOR 09729,SHA
10009730,BENEFICIARIO 09730,001000009730,USD,7113.40,SCBLPEPLXXX,PAGO PROVEEDOR 09730,OUR
10009731,BENEFICIARIO 09731,001000009731,PEN,7114.13,CITIPEPLXXX,PAGO PROVEEDOR 09731,BEN
10009732,BENEFICIARIO 09732,001000009732,PEN,7114.86,BCPLPEPLXXX,PAGO PROVEEDOR 09732,SHA
10009733,BENEFICIARIO 09733,001000009733,PEN,7115.59,BINPPEPLXXX,PAGO PROVEEDOR 09733,OUR
10009734,BENEFICIARIO 09734,001000009734,PEN,7116.32,SCBLPEPLXXX,PAGO PROVEEDOR 09734,BEN
10009735,BENEFICIARIO 09735,001000009735,USD,7117.05,CITIPEPLXXX,PAGO PROVEEDOR 09735,SHA
10009736,BENEFICIARIO 09736,001000009736,PEN,7117.78,BCPLPEPLXXX,PAGO PROVEEDOR 09736,OUR
10009737,BENEFICIARIO 09737,001000009737,PEN,7118.51,BINPPEPLXXX,PAGO PROVEEDOR 09737,BEN
10009738,BENEFICIARIO 09738,001000009738,PEN,7119.24,SCBLPEPLXXX,PAGO PROVEEDOR 09738,SHA
10009739,BENEFICIARIO 09739,001000009739,PEN,7119.97,CITIPEPLXXX,PAGO PROVEEDOR 09739,OUR
10009740,BENEFICIARIO 09740,001000009740,USD,7120.70,BCPLPEPLXXX,PAGO PROVEEDOR 09740,BEN
10009741,BENEFICIARIO 09741,001000009741,PEN,7121.43,BINPPEPLXXX,PAGO PROVEEDOR 09741,SHA
10009742,BENEFICIARIO 09742,001000009742,PEN,7122.16,SCBLPEPLXXX,PAGO PROVEEDOR 09742,OUR
10009743,BENEFICIARIO 09743,001000009743,PEN,7122.89,CITIPEPLXXX,PAGO PROVEEDOR 09743,BEN
10009744,BENEFICIARIO 09744,001000009744,PEN,7123.62,BCPLPEPLXXX,PAGO PROVEEDOR 09744,SHA
10009745,BENEFICIARIO 09745,001000009745,USD,7124.35,BINPPEPLXXX,PAGO PROVEEDOR 09745,OUR
10009746,BENEFICIARIO 09746,001000009746,PEN,7125.08,SCBLPEPLXXX,PAGO PROVEEDOR 09746,BEN
10009747,BENEFICIARIO 09747,001000009747,PEN,7125.81,CITIPEPLXXX,PAGO PROVEEDOR 09747,SHA
10009748,BENEFICIARIO 09748,001000009748,PEN,7126.54,BCPLPEPLXXX,PAGO PROVEEDOR 09748,OUR
10009749,BENEFICIARIO 09749,001000009749,PEN,7127.27,BINPPEPLXXX,PAGO PROVEEDOR 09749,BEN
10009750,BENEFICIARIO 09750,001000009750,USD,7128.00,SCBLPEPLXXX,PAGO PROVEEDOR 09750,SHA
10009751,BENEFICIARIO 09751,001000009751,PEN,7128.73,CITIPEPLXXX,PAGO PROVEEDOR 09751,OUR
10009752,BENEFICIARIO 09752,001000009752,PEN,7129.46,BCPLPEPLXXX,PAGO PROVEEDOR 09752,BEN
10009753,BENEFICIARIO 09753,001000009753,PEN,7130.19,BINPPEPLXXX,PAGO PROVEEDOR 09753,SHA
10009754,BENEFICIARIO 09754,001000009754,PEN,7130.92,SCBLPEPLXXX,PAGO PROVEEDOR 09754,OUR
10009755,BENEFICIARIO 09755,001000009755,USD,7131.65,CITIPEPLXXX,PAGO PROVEEDOR 09755,BEN
10009756,BENEFICIARIO 09756,001000009756,PEN,7132.38,BCPLPEPLXXX,PAGO PROVEEDOR 09756,SHA
10009757,BENEFICIARIO 09757,001000009757,PEN,7133.11,BINPPEPLXXX,PAGO PROVEEDOR 09757,OUR
10009758,BENEFICIARIO 09758,001000009758,PEN,7133.84,SCBLPEPLXXX,PAGO PROVEEDOR 09758,BEN
10009759,BENEFICIARIO 09759,001000009759,PEN,7134.57,CITIPEPLXXX,PAGO PROVEEDOR 09759,SHA
10009760,BENEFICIARIO 09760,001000009760,USD,7135.30,BCPLPEPLXXX,PAGO PROVEEDOR 09760,OUR
10009761,BENEFICIARIO 09761,001000009761,PEN,7136.03,BINPPEPLXXX,PAGO PROVEEDOR 09761,BEN
10009762,BENEFICIARIO 09762,001000009762,PEN,7136.76,SCBLPEPLXXX,PAGO PROVEEDOR 09762,SHA
10009763,BENEFICIARIO 09763,001000009763,PEN,7137.49,CITIPEPLXXX,PAGO PROVEEDOR 09763,OUR
10009764,BENEFICIARIO 09764,001000009764,PEN,7138.22,BCPLPEPLXXX,PAGO PROVEEDOR 09764,BEN
10009765,BENEFICIARIO 09765,001000009765,USD,7138.95,BINPPEPLXXX,PAGO PROVEEDOR 09765,SHA
10009766,BENEFICIARIO 09766,001000009766,PEN,7139.68,SCBLPEPLXXX,PAGO PROVEEDOR 09766,OUR
10009767,BENEFICIARIO 09767,001000009767,PEN,7140.41,CITIPEPLXXX,PAGO PROVEEDOR 09767,BEN
10009768,BENEFICIARIO 09768,001000009768,PEN,7141.14,BCPLPEPLXXX,PAGO PROVEEDOR 09768,SHA
10009769,BENEFICIARIO 09769,001000009769,PEN,7141.87,BINPPEPLXXX,PAGO PROVEEDOR 09769,OUR
10009770,BENEFICIARIO 09770,001000009770,USD,7142.60,SCBLPEPLXXX,PAGO PROVEEDOR 09770,BEN
10009771,BENEFICIARIO 09771,001000009771,PEN,7143.33,CITIPEPLXXX,PAGO PROVEEDOR 09771,SHA
10009772,BENEFICIARIO 09772,001000009772,PEN,7144.06,BCPLPEPLXXX,PAGO PROVEEDOR 09772,OUR
10009773,BENEFICIARIO 09773,001000009773,PEN,7144.79,BINPPEPLXXX,PAGO PROVEEDOR 09773,BEN
10009774,BENEFICIARIO 09774,001000009774,PEN,7145.52,SCBLPEPLXXX,PAGO PROVEEDOR 09774,SHA
10009775,BENEFICIARIO 09775,001000009775,USD,7146.25,CITIPEPLXXX,PAGO PROVEEDOR 09775,OUR
10009776,BENEFICIARIO 09776,001000009776,PEN,7146.98,BCPLPEPLXXX,PAGO PROVEEDOR 09776,BEN
10009777,BENEFICIARIO 09777,001000009777,PEN,7147.71,BINPPEPLXXX,PAGO PROVEEDOR 09777,SHA
10009778,BENEFICIARIO 09778,001000009778,PEN,7148.44,SCBLPEPLXXX,PAGO PROVEEDOR 09778,OUR
10009779,BENEFICIARIO 09779,001000009779,PEN,7149.17,CITIPEPLXXX,PAGO PROVEEDOR 09779,BEN
10009780,BENEFICIARIO 09780,001000009780,USD,7149.90,BCPLPEPLXXX,PAGO PROVEEDOR 09780,SHA
10009781,BENEFICIARIO 09781,001000009781,PEN,7150.63,BINPPEPLXXX,PAGO PROVEEDOR 09781,OUR
10009782,BENEFICIARIO 09782,001000009782,PEN,7151.36,SCBLPEPLXXX,PAGO PROVEEDOR 09782,BEN
10009783,BENEFICIARIO 09783,001000009783,PEN,7152.09,CITIPEPLXXX,PAGO PROVEEDOR 09783,SHA
10009784,BENEFICIARIO 09784,001000009784,PEN,7152.82,BCPLPEPLXXX,PAGO PROVEEDOR 09784,OUR
10009785,BENEFICIARIO 09785,001000009785,USD,7153.55,BINPPEPLXXX,PAGO PROVEEDOR 09785,BEN
10009786,BENEFICIARIO 09786,001000009786,PEN,7154.28,SCBLPEPLXXX,PAGO PROVEEDOR 09786,SHA
10009787,BENEFICIARIO 09787,001000009787,PEN,7155.01,CITIPEPLXXX,PAGO PROVEEDOR 09787,OUR
10009788,BENEFICIARIO 09788,001000009788,PEN,7155.74,BCPLPEPLXXX,PAGO PROVEEDOR 09788,BEN
10009789,BENEFICIARIO 09789,001000009789,PEN,7156.47,BINPPEPLXXX,PAGO PROVEEDOR 09789,SHA
10009790,BENEFICIARIO 09790,001000009790,USD,7157.20,SCBLPEPLXXX,PAGO PROVEEDOR 09790,OUR
10009791,BENEFICIARIO 09791,001000009791,PEN,7157.93,CITIPEPLXXX,PAGO PROVEEDOR 09791,BEN
10009792,BENEFICIARIO 09792,001000009792,PEN,7158.66,BCPLPEPLXXX,PAGO PROVEEDOR 09792,SHA
10009793,BENEFICIARIO 09793,001000009793,PEN,7159.39,BINPPEPLXXX,PAGO PROVEEDOR 09793,OUR
10009794,BENEFICIARIO 09794,001000009794,PEN,7160.12,SCBLPEPLXXX,PAGO PROVEEDOR 09794,BEN
10009795,BENEFICIARIO 09795,001000009795,USD,7160.85,CITIPEPLXXX,PAGO PROVEEDOR 09795,SHA
10009796,BENEFICIARIO 09796,001000009796,PEN,7161.58,BCPLPEPLXXX,PAGO PROVEEDOR 09796,OUR
10009797,BENEFICIARIO 09797,001000009797,PEN,7162.31,BINPPEPLXXX,PAGO PROVEEDOR 09797,BEN
10009798,BENEFICIARIO 09798,001000009798,PEN,7163.04,SCBLPEPLXXX,PAGO PROVEEDOR 09798,SHA
10009799,BENEFICIARIO 09799,001000009799,PEN,7163.77,CITIPEPLXXX,PAGO PROVEEDOR 09799,OUR
10009800,BENEFICIARIO 09800,001000009800,USD,7164.50,BCPLPEPLXXX,PAGO PROVEEDOR 09800,BEN
10009801,BENEFICIARIO 09801,001000009801,PEN,7165.23,BINPPEPLXXX,PAGO PROVEEDOR 09801,SHA
10009802,BENEFICIARIO 09802,001000009802,PEN,7165.96,SCBLPEPLXXX,PAGO PROVEEDOR 09802,OUR
10009803,BENEFICIARIO 09803,001000009803,PEN,7166.69,CITIPEPLXXX,PAGO PROVEEDOR 09803,BEN
10009804,BENEFICIARIO 09804,001000009804,PEN,7167.42,BCPLPEPLXXX,PAGO PROVEEDOR 09804,SHA
10009805,BENEFICIARIO 09805,001000009805,USD,7168.15,BINPPEPLXXX,PAGO PROVEEDOR 09805,OUR
10009806,BENEFICIARIO 09806,001000009806,PEN,7168.88,SCBLPEPLXXX,PAGO PROVEEDOR 09806,BEN
10009807,BENEFICIARIO 09807,001000009807,PEN,7169.61,CITIPEPLXXX,PAGO PROVEEDOR 09807,SHA
10009808,BENEFICIARIO 09808,001000009808,PEN,7170.34,BCPLPEPLXXX,PAGO PROVEEDOR 09808,OUR
10009809,BENEFICIARIO 09809,001000009809,PEN,7171.07,BINPPEPLXXX,PAGO PROVEEDOR 09809,BEN
10009810,BENEFICIARIO 09810,001000009810,USD,7171.80,SCBLPEPLXXX,PAGO PROVEEDOR 09810,SHA
10009811,BENEFICIARIO 09811,001000009811,PEN,7172.53,CITIPEPLXXX,PAGO PROVEEDOR 09811,OUR
10009812,BENEFICIARIO 09812,001000009812,PEN,7173.26,BCPLPEPLXXX,PAGO PROVEEDOR 09812,BEN
10009813,BENEFICIARIO 09813,001000009813,PEN,7173.99,BINPPEPLXXX,PAGO PROVEEDOR 09813,SHA
10009814,BENEFICIARIO 09814,001000009814,PEN,7174.72,SCBLPEPLXXX,PAGO PROVEEDOR 09814,OUR
10009815,BENEFICIARIO 09815,001000009815,USD,7175.45,CITIPEPLXXX,PAGO PROVEEDOR 09815,BEN
10009816,BENEFICIARIO 09816,001000009816,PEN,7176.18,BCPLPEPLXXX,PAGO PROVEEDOR 09816,SHA
10009817,BENEFICIARIO 09817,001000009817,PEN,7176.91,BINPPEPLXXX,PAGO PROVEEDOR 09817,OUR
10009818,BENEFICIARIO 09818,001000009818,PEN,7177.64,SCBLPEPLXXX,PAGO PROVEEDOR 09818,BEN
10009819,BENEFICIARIO 09819,001000009819,PEN,7178.37,CITIPEPLXXX,PAGO PROVEEDOR 09819,SHA
10009820,BENEFICIARIO 09820,001000009820,USD,7179.10,BCPLPEPLXXX,PAGO PROVEEDOR 09820,OUR
10009821,BENEFICIARIO 09821,001000009821,PEN,7179.83,BINPPEPLXXX,PAGO PROVEEDOR 09821,BEN
10009822,BENEFICIARIO 09822,001000009822,PEN,7180.56,SCBLPEPLXXX,PAGO PROVEEDOR 09822,SHA
10009823,BENEFICIARIO 09823,001000009823,PEN,7181.29,CITIPEPLXXX,PAGO PROVEEDOR 09823,OUR
10009824,BENEFICIARIO 09824,001000009824,PEN,7182.02,BCPLPEPLXXX,PAGO PROVEEDOR 09824,BEN
10009825,BENEFICIARIO 09825,001000009825,USD,7182.75,BINPPEPLXXX,PAGO PROVEEDOR 09825,SHA
10009826,BENEFICIARIO 09826,001000009826,PEN,7183.48,SCBLPEPLXXX,PAGO PROVEEDOR 09826,OUR
10009827,BENEFICIARIO 09827,001000009827,PEN,7184.21,CITIPEPLXXX,PAGO PROVEEDOR 09827,BEN
10009828,BENEFICIARIO 09828,001000009828,PEN,7184.94,BCPLPEPLXXX,PAGO PROVEEDOR 09828,SHA
10009829,BENEFICIARIO 09829,001000009829,PEN,7185.67,BINPPEPLXXX,PAGO PROVEEDOR 09829,OUR
10009830,BENEFICIARIO 09830,001000009830,USD,7186.40,SCBLPEPLXXX,PAGO PROVEEDOR 09830,BEN
10009831,BENEFICIARIO 09831,001000009831,PEN,7187.13,CITIPEPLXXX,PAGO PROVEEDOR 09831,SHA
10009832,BENEFICIARIO 09832,001000009832,PEN,7187.86,BCPLPEPLXXX,PAGO PROVEEDOR 09832,OUR
10009833,BENEFICIARIO 09833,001000009833,PEN,7188.59,BINPPEPLXXX,PAGO PROVEEDOR 09833,BEN
10009834,BENEFICIARIO 09834,001000009834,PEN,7189.32,SCBLPEPLXXX,PAGO PROVEEDOR 09834,SHA
10009835,BENEFICIARIO 09835,001000009835,USD,7190.05,CITIPEPLXXX,PAGO PROVEEDOR 09835,OUR
10009836,BENEFICIARIO 09836,001000009836,PEN,7190.78,BCPLPEPLXXX,PAGO PROVEEDOR 09836,BEN
10009837,BENEFICIARIO 09837,001000009837,PEN,7191.51,BINPPEPLXXX,PAGO PROVEEDOR 09837,SHA
10009838,BENEFICIARIO 09838,001000009838,PEN,7192.24,SCBLPEPLXXX,PAGO PROVEEDOR 09838,OUR
10009839,BENEFICIARIO 09839,001000009839,PEN,7192.97,CITIPEPLXXX,PAGO PROVEEDOR 09839,BEN
10009840,BENEFICIARIO 09840,001000009840,USD,7193.70,BCPLPEPLXXX,PAGO PROVEEDOR 09840,SHA
10009841,BENEFICIARIO 09841,001000009841,PEN,7194.43,BINPPEPLXXX,PAGO PROVEEDOR 09841,OUR
10009842,BENEFICIARIO 09842,001000009842,PEN,7195.16,SCBLPEPLXXX,PAGO PROVEEDOR 09842,BEN
10009843,BENEFICIARIO 09843,001000009843,PEN,7195.89,CITIPEPLXXX,PAGO PROVEEDOR 09843,SHA
10009844,BENEFICIARIO 09844,001000009844,PEN,7196.62,BCPLPEPLXXX,PAGO PROVEEDOR 09844,OUR
10009845,BENEFICIARIO 09845,001000009845,USD,7197.35,BINPPEPLXXX,PAGO PROVEEDOR 09845,BEN
10009846,BENEFICIARIO 09846,001000009846,PEN,7198.08,SCBLPEPLXXX,PAGO PROVEEDOR 09846,SHA
10009847,BENEFICIARIO 09847,001000009847,PEN,7198.81,CITIPEPLXXX,PAGO PROVEEDOR 09847,OUR
10009848,BENEFICIARIO 09848,001000009848,PEN,7199.54,BCPLPEPLXXX,PAGO PROVEEDOR 09848,BEN
10009849,BENEFICIARIO 09849,001000009849,PEN,7200.27,BINPPEPLXXX,PAGO PROVEEDOR 09849,SHA
10009850,BENEFICIARIO 09850,001000009850,USD,7201.00,SCBLPEPLXXX,PAGO PROVEEDOR 09850,OUR
10009851,BENEFICIARIO 09851,001000009851,PEN,7201.73,CITIPEPLXXX,PAGO PROVEEDOR 09851,BEN
10009852,BENEFICIARIO 09852,001000009852,PEN,7202.46,BCPLPEPLXXX,PAGO PROVEEDOR 09852,SHA
10009853,BENEFICIARIO 09853,001000009853,PEN,7203.19,BINPPEPLXXX,PAGO PROVEEDOR 09853,OUR
10009854,BENEFICIARIO 09854,001000009854,PEN,7203.92,SCBLPEPLXXX,PAGO PROVEEDOR 09854,BEN
10009855,BENEFICIARIO 09855,001000009855,USD,7204.65,CITIPEPLXXX,PAGO PROVEEDOR 09855,SHA
10009856,BENEFICIARIO 09856,001000009856,PEN,7205.38,BCPLPEPLXXX,PAGO PROVEEDOR 09856,OUR
10009857,BENEFICIARIO 09857,001000009857,PEN,7206.11,BINPPEPLXXX,PAGO PROVEEDOR 09857,BEN
10009858,BENEFICIARIO 09858,001000009858,PEN,7206.84,SCBLPEPLXXX,PAGO PROVEEDOR 09858,SHA
10009859,BENEFICIARIO 09859,001000009859,PEN,7207.57,CITIPEPLXXX,PAGO PROVEEDOR 09859,OUR
10009860,BENEFICIARIO 09860,001000009860,USD,7208.30,BCPLPEPLXXX,PAGO PROVEEDOR 09860,BEN
10009861,BENEFICIARIO 09861,001000009861,PEN,7209.03,BINPPEPLXXX,PAGO PROVEEDOR 09861,SHA
10009862,BENEFICIARIO 09862,001000009862,PEN,7209.76,SCBLPEPLXXX,PAGO PROVEEDOR 09862,OUR
10009863,BENEFICIARIO 09863,001000009863,PEN,7210.49,CITIPEPLXXX,PAGO PROVEEDOR 09863,BEN
10009864,BENEFICIARIO 09864,001000009864,PEN,7211.22,BCPLPEPLXXX,PAGO PROVEEDOR 09864,SHA
10009865,BENEFICIARIO 09865,001000009865,USD,7211.95,BINPPEPLXXX,PAGO PROVEEDOR 09865,OUR
10009866,BENEFICIARIO 09866,001000009866,PEN,7212.68,SCBLPEPLXXX,PAGO PROVEEDOR 09866,BEN
10009867,BENEFICIARIO 09867,001000009867,PEN,7213.41,CITIPEPLXXX,PAGO PROVEEDOR 09867,SHA
10009868,BENEFICIARIO 09868,001000009868,PEN,7214.14,BCPLPEPLXXX,PAGO PROVEEDOR 09868,OUR
10009869,BENEFICIARIO 09869,001000009869,PEN,7214.87,BINPPEPLXXX,PAGO PROVEEDOR 09869,BEN
10009870,BENEFICIARIO 09870,001000009870,USD,7215.60,SCBLPEPLXXX,PAGO PROVEEDOR 09870,SHA
10009871,BENEFICIARIO 09871,001000009871,PEN,7216.33,CITIPEPLXXX,PAGO PROVEEDOR 09871,OUR
10009872,BENEFICIARIO 09872,001000009872,PEN,7217.06,BCPLPEPLXXX,PAGO PROVEEDOR 09872,BEN
10009873,BENEFICIARIO 09873,001000009873,PEN,7217.79,BINPPEPLXXX,PAGO PROVEEDOR 09873,SHA
10009874,BENEFICIARIO 09874,001000009874,PEN,7218.52,SCBLPEPLXXX,PAGO PROVEEDOR 09874,OUR
10009875,BENEFICIARIO 09875,001000009875,USD,7219.25,CITIPEPLXXX,PAGO PROVEEDOR 09875,BEN
10009876,BENEFICIARIO 09876,001000009876,PEN,7219.98,BCPLPEPLXXX,PAGO PROVEEDOR 09876,SHA
10009877,BENEFICIARIO 09877,001000009877,PEN,7220.71,BINPPEPLXXX,PAGO PROVEEDOR 09877,OUR
10009878,BENEFICIARIO 09878,001000009878,PEN,7221.44,SCBLPEPLXXX,PAGO PROVEEDOR 09878,BEN
10009879,BENEFICIARIO 09879,001000009879,PEN,7222.17,CITIPEPLXXX,PAGO PROVEEDOR 09879,SHA
10009880,BENEFICIARIO 09880,001000009880,USD,7222.90,BCPLPEPLXXX,PAGO PROVEEDOR 09880,OUR
10009881,BENEFICIARIO 09881,001000009881,PEN,7223.63,BINPPEPLXXX,PAGO PROVEEDOR 09881,BEN
10009882,BENEFICIARIO 09882,001000009882,PEN,7224.36,SCBLPEPLXXX,PAGO PROVEEDOR 09882,SHA
10009883,BENEFICIARIO 09883,001000009883,PEN,7225.09,CITIPEPLXXX,PAGO PROVEEDOR 09883,OUR
10009884,BENEFICIARIO 09884,001000009884,PEN,7225.82,BCPLPEPLXXX,PAGO PROVEEDOR 09884,BEN
10009885,BENEFICIARIO 09885,001000009885,USD,7226.55,BINPPEPLXXX,PAGO PROVEEDOR 09885,SHA
10009886,BENEFICIARIO 09886,001000009886,PEN,7227.28,SCBLPEPLXXX,PAGO PROVEEDOR 09886,OUR
10009887,BENEFICIARIO 09887,001000009887,PEN,7228.01,CITIPEPLXXX,PAGO PROVEEDOR 09887,BEN
10009888,BENEFICIARIO 09888,001000009888,PEN,7228.74,BCPLPEPLXXX,PAGO PROVEEDOR 09888,SHA
10009889,BENEFICIARIO 09889,001000009889,PEN,7229.47,BINPPEPLXXX,PAGO PROVEEDOR 09889,OUR
10009890,BENEFICIARIO 09890,001000009890,USD,7230.20,SCBLPEPLXXX,PAGO PROVEEDOR 09890,BEN
10009891,BENEFICIARIO 09891,001000009891,PEN,7230.93,CITIPEPLXXX,PAGO PROVEEDOR 09891,SHA
10009892,BENEFICIARIO 09892,001000009892,PEN,7231.66,BCPLPEPLXXX,PAGO PROVEEDOR 09892,OUR
10009893,BENEFICIARIO 09893,001000009893,PEN,7232.39,BINPPEPLXXX,PAGO PROVEEDOR 09893,BEN
10009894,BENEFICIARIO 09894,001000009894,PEN,7233.12,SCBLPEPLXXX,PAGO PROVEEDOR 09894,SHA
10009895,BENEFICIARIO 09895,001000009895,USD,7233.85,CITIPEPLXXX,PAGO PROVEEDOR 09895,OUR
10009896,BENEFICIARIO 09896,001000009896,PEN,7234.58,BCPLPEPLXXX,PAGO PROVEEDOR 09896,BEN
10009897,BENEFICIARIO 09897,001000009897,PEN,7235.31,BINPPEPLXXX,PAGO PROVEEDOR 09897,SHA
10009898,BENEFICIARIO 09898,001000009898,PEN,7236.04,SCBLPEPLXXX,PAGO PROVEEDOR 09898,OUR
10009899,BENEFICIARIO 09899,001000009899,PEN,7236.77,CITIPEPLXXX,PAGO PROVEEDOR 09899,BEN
10009900,BENEFICIARIO 09900,001000009900,USD,7237.50,BCPLPEPLXXX,PAGO PROVEEDOR 09900,SHA
10009901,BENEFICIARIO 09901,001000009901,PEN,7238.23,BINPPEPLXXX,PAGO PROVEEDOR 09901,OUR
10009902,BENEFICIARIO 09902,001000009902,PEN,7238.96,SCBLPEPLXXX,PAGO PROVEEDOR 09902,BEN
10009903,BENEFICIARIO 09903,001000009903,PEN,7239.69,CITIPEPLXXX,PAGO PROVEEDOR 09903,SHA
10009904,BENEFICIARIO 09904,001000009904,PEN,7240.42,BCPLPEPLXXX,PAGO PROVEEDOR 09904,OUR
10009905,BENEFICIARIO 09905,001000009905,USD,7241.15,BINPPEPLXXX,PAGO PROVEEDOR 09905,BEN
10009906,BENEFICIARIO 09906,001000009906,PEN,7241.88,SCBLPEPLXXX,PAGO PROVEEDOR 09906,SHA
10009907,BENEFICIARIO 09907,001000009907,PEN,7242.61,CITIPEPLXXX,PAGO PROVEEDOR 09907,OUR
10009908,BENEFICIARIO 09908,001000009908,PEN,7243.34,BCPLPEPLXXX,PAGO PROVEEDOR 09908,BEN
10009909,BENEFICIARIO 09909,001000009909,PEN,7244.07,BINPPEPLXXX,PAGO PROVEEDOR 09909,SHA
10009910,BENEFICIARIO 09910,001000009910,USD,7244.80,SCBLPEPLXXX,PAGO PROVEEDOR 09910,OUR
10009911,BENEFICIARIO 09911,001000009911,PEN,7245.53,CITIPEPLXXX,PAGO PROVEEDOR 09911,BEN
10009912,BENEFICIARIO 09912,001000009912,PEN,7246.26,BCPLPEPLXXX,PAGO PROVEEDOR 09912,SHA
10009913,BENEFICIARIO 09913,001000009913,PEN,7246.99,BINPPEPLXXX,PAGO PROVEEDOR 09913,OUR
10009914,BENEFICIARIO 09914,001000009914,PEN,7247.72,SCBLPEPLXXX,PAGO PROVEEDOR 09914,BEN
10009915,BENEFICIARIO 09915,001000009915,USD,7248.45,CITIPEPLXXX,PAGO PROVEEDOR 09915,SHA
10009916,BENEFICIARIO 09916,001000009916,PEN,7249.18,BCPLPEPLXXX,PAGO PROVEEDOR 09916,OUR
10009917,BENEFICIARIO 09917,001000009917,PEN,7249.91,BINPPEPLXXX,PAGO PROVEEDOR 09917,BEN
10009918,BENEFICIARIO 09918,001000009918,PEN,7250.64,SCBLPEPLXXX,PAGO PROVEEDOR 09918,SHA
10009919,BENEFICIARIO 09919,001000009919,PEN,7251.37,CITIPEPLXXX,PAGO PROVEEDOR 09919,OUR
10009920,BENEFICIARIO 09920,001000009920,USD,7252.10,BCPLPEPLXXX,PAGO PROVEEDOR 09920,BEN
10009921,BENEFICIARIO 09921,001000009921,PEN,7252.83,BINPPEPLXXX,PAGO PROVEEDOR 09921,SHA
10009922,BENEFICIARIO 09922,001000009922,PEN,7253.56,SCBLPEPLXXX,PAGO PROVEEDOR 09922,OUR
10009923,BENEFICIARIO 09923,001000009923,PEN,7254.29,CITIPEPLXXX,PAGO PROVEEDOR 09923,BEN
10009924,BENEFICIARIO 09924,001000009924,PEN,7255.02,BCPLPEPLXXX,PAGO PROVEEDOR 09924,SHA
10009925,BENEFICIARIO 09925,001000009925,USD,7255.75,BINPPEPLXXX,PAGO PROVEEDOR 09925,OUR
10009926,BENEFICIARIO 09926,001000009926,PEN,7256.48,SCBLPEPLXXX,PAGO PROVEEDOR 09926,BEN
10009927,BENEFICIARIO 09927,001000009927,PEN,7257.21,CITIPEPLXXX,PAGO PROVEEDOR 09927,SHA
10009928,BENEFICIARIO 09928,001000009928,PEN,7257.94,BCPLPEPLXXX,PAGO PROVEEDOR 09928,OUR
10009929,BENEFICIARIO 09929,001000009929,PEN,7258.67,BINPPEPLXXX,PAGO PROVEEDOR 09929,BEN
10009930,BENEFICIARIO 09930,001000009930,USD,7259.40,SCBLPEPLXXX,PAGO PROVEEDOR 09930,SHA
10009931,BENEFICIARIO 09931,001000009931,PEN,7260.13,CITIPEPLXXX,PAGO PROVEEDOR 09931,OUR
10009932,BENEFICIARIO 09932,001000009932,PEN,7260.86,BCPLPEPLXXX,PAGO PROVEEDOR 09932,BEN
10009933,BENEFICIARIO 09933,001000009933,PEN,7261.59,BINPPEPLXXX,PAGO PROVEEDOR 09933,SHA
10009934,BENEFICIARIO 09934,001000009934,PEN,7262.32,SCBLPEPLXXX,PAGO PROVEEDOR 09934,OUR
10009935,BENEFICIARIO 09935,001000009935,USD,7263.05,CITIPEPLXXX,PAGO PROVEEDOR 09935,BEN
10009936,BENEFICIARIO 09936,001000009936,PEN,7263.78,BCPLPEPLXXX,PAGO PROVEEDOR 09936,SHA
10009937,BENEFICIARIO 09937,001000009937,PEN,7264.51,BINPPEPLXXX,PAGO PROVEEDOR 09937,OUR
10009938,BENEFICIARIO 09938,001000009938,PEN,7265.24,SCBLPEPLXXX,PAGO PROVEEDOR 09938,BEN
10009939,BENEFICIARIO 09939,001000009939,PEN,7265.97,CITIPEPLXXX,PAGO PROVEEDOR 09939,SHA
10009940,BENEFICIARIO 09940,001000009940,USD,7266.70,BCPLPEPLXXX,PAGO PROVEEDOR 09940,OUR
10009941,BENEFICIARIO 09941,001000009941,PEN,7267.43,BINPPEPLXXX,PAGO PROVEEDOR 09941,BEN
10009942,BENEFICIARIO 09942,001000009942,PEN,7268.16,SCBLPEPLXXX,PAGO PROVEEDOR 09942,SHA
10009943,BENEFICIARIO 09943,001000009943,PEN,7268.89,CITIPEPLXXX,PAGO PROVEEDOR 09943,OUR
10009944,BENEFICIARIO 09944,001000009944,PEN,7269.62,BCPLPEPLXXX,PAGO PROVEEDOR 09944,BEN
10009945,BENEFICIARIO 09945,001000009945,USD,7270.35,BINPPEPLXXX,PAGO PROVEEDOR 09945,SHA
10009946,BENEFICIARIO 09946,001000009946,PEN,7271.08,SCBLPEPLXXX,PAGO PROVEEDOR 09946,OUR
10009947,BENEFICIARIO 09947,001000009947,PEN,7271.81,CITIPEPLXXX,PAGO PROVEEDOR 09947,BEN
10009948,BENEFICIARIO 09948,001000009948,PEN,7272.54,BCPLPEPLXXX,PAGO PROVEEDOR 09948,SHA
10009949,BENEFICIARIO 09949,001000009949,PEN,7273.27,BINPPEPLXXX,PAGO PROVEEDOR 09949,OUR
10009950,BENEFICIARIO 09950,001000009950,USD,7274.00,SCBLPEPLXXX,PAGO PROVEEDOR 09950,BEN
10009951,BENEFICIARIO 09951,001000009951,PEN,7274.73,CITIPEPLXXX,PAGO PROVEEDOR 09951,SHA
10009952,BENEFICIARIO 09952,001000009952,PEN,7275.46,BCPLPEPLXXX,PAGO PROVEEDOR 09952,OUR
10009953,BENEFICIARIO 09953,001000009953,PEN,7276.19,BINPPEPLXXX,PAGO PROVEEDOR 09953,BEN
10009954,BENEFICIARIO 09954,001000009954,PEN,7276.92,SCBLPEPLXXX,PAGO PROVEEDOR 09954,SHA
10009955,BENEFICIARIO 09955,001000009955,USD,7277.65,CITIPEPLXXX,PAGO PROVEEDOR 09955,OUR
10009956,BENEFICIARIO 09956,001000009956,PEN,7278.38,BCPLPEPLXXX,PAGO PROVEEDOR 09956,BEN
10009957,BENEFICIARIO 09957,001000009957,PEN,7279.11,BINPPEPLXXX,PAGO PROVEEDOR 09957,SHA
10009958,BENEFICIARIO 09958,001000009958,PEN,7279.84,SCBLPEPLXXX,PAGO PROVEEDOR 09958,OUR
10009959,BENEFICIARIO 09959,001000009959,PEN,7280.57,CITIPEPLXXX,PAGO PROVEEDOR 09959,BEN
10009960,BENEFICIARIO 09960,001000009960,USD,7281.30,BCPLPEPLXXX,PAGO PROVEEDOR 09960,SHA
10009961,BENEFICIARIO 09961,001000009961,PEN,7282.03,BINPPEPLXXX,PAGO PROVEEDOR 09961,OUR
10009962,BENEFICIARIO 09962,001000009962,PEN,7282.76,SCBLPEPLXXX,PAGO PROVEEDOR 09962,BEN
10009963,BENEFICIARIO 09963,001000009963,PEN,7283.49,CITIPEPLXXX,PAGO PROVEEDOR 09963,SHA
10009964,BENEFICIARIO 09964,001000009964,PEN,7284.22,BCPLPEPLXXX,PAGO PROVEEDOR 09964,OUR
10009965,BENEFICIARIO 09965,001000009965,USD,7284.95,BINPPEPLXXX,PAGO PROVEEDOR 09965,BEN
10009966,BENEFICIARIO 09966,001000009966,PEN,7285.68,SCBLPEPLXXX,PAGO PROVEEDOR 09966,SHA
10009967,BENEFICIARIO 09967,001000009967,PEN,7286.41,CITIPEPLXXX,PAGO PROVEEDOR 09967,OUR
10009968,BENEFICIARIO 09968,001000009968,PEN,7287.14,BCPLPEPLXXX,PAGO PROVEEDOR 09968,BEN
10009969,BENEFICIARIO 09969,001000009969,PEN,7287.87,BINPPEPLXXX,PAGO PROVEEDOR 09969,SHA
10009970,BENEFICIARIO 09970,001000009970,USD,7288.60,SCBLPEPLXXX,PAGO PROVEEDOR 09970,OUR
10009971,BENEFICIARIO 09971,001000009971,PEN,7289.33,CITIPEPLXXX,PAGO PROVEEDOR 09971,BEN
10009972,BENEFICIARIO 09972,001000009972,PEN,7290.06,BCPLPEPLXXX,PAGO PROVEEDOR 09972,SHA
10009973,BENEFICIARIO 09973,001000009973,PEN,7290.79,BINPPEPLXXX,PAGO PROVEEDOR 09973,OUR
10009974,BENEFICIARIO 09974,001000009974,PEN,7291.52,SCBLPEPLXXX,PAGO PROVEEDOR 09974,BEN
10009975,BENEFICIARIO 09975,001000009975,USD,7292.25,CITIPEPLXXX,PAGO PROVEEDOR 09975,SHA
10009976,BENEFICIARIO 09976,001000009976,PEN,7292.98,BCPLPEPLXXX,PAGO PROVEEDOR 09976,OUR
10009977,BENEFICIARIO 09977,001000009977,PEN,7293.71,BINPPEPLXXX,PAGO PROVEEDOR 09977,BEN
10009978,BENEFICIARIO 09978,001000009978,PEN,7294.44,SCBLPEPLXXX,PAGO PROVEEDOR 09978,SHA
10009979,BENEFICIARIO 09979,001000009979,PEN,7295.17,CITIPEPLXXX,PAGO PROVEEDOR 09979,OUR
10009980,BENEFICIARIO 09980,001000009980,USD,7295.90,BCPLPEPLXXX,PAGO PROVEEDOR 09980,BEN
10009981,BENEFICIARIO 09981,001000009981,PEN,7296.63,BINPPEPLXXX,PAGO PROVEEDOR 09981,SHA
10009982,BENEFICIARIO 09982,001000009982,PEN,7297.36,SCBLPEPLXXX,PAGO PROVEEDOR 09982,OUR
10009983,BENEFICIARIO 09983,001000009983,PEN,7298.09,CITIPEPLXXX,PAGO PROVEEDOR 09983,BEN
10009984,BENEFICIARIO 09984,001000009984,PEN,7298.82,BCPLPEPLXXX,PAGO PROVEEDOR 09984,SHA
10009985,BENEFICIARIO 09985,001000009985,USD,7299.55,BINPPEPLXXX,PAGO PROVEEDOR 09985,OUR
10009986,BENEFICIARIO 09986,001000009986,PEN,7300.28,SCBLPEPLXXX,PAGO PROVEEDOR 09986,BEN
10009987,BENEFICIARIO 09987,001000009987,PEN,7301.01,CITIPEPLXXX,PAGO PROVEEDOR 09987,SHA
10009988,BENEFICIARIO 09988,001000009988,PEN,7301.74,BCPLPEPLXXX,PAGO PROVEEDOR 09988,OUR
10009989,BENEFICIARIO 09989,001000009989,PEN,7302.47,BINPPEPLXXX,PAGO PROVEEDOR 09989,BEN
10009990,BENEFICIARIO 09990,001000009990,USD,7303.20,SCBLPEPLXXX,PAGO PROVEEDOR 09990,SHA
10009991,BENEFICIARIO 09991,001000009991,PEN,7303.93,CITIPEPLXXX,PAGO PROVEEDOR 09991,OUR
10009992,BENEFICIARIO 09992,001000009992,PEN,7304.66,BCPLPEPLXXX,PAGO PROVEEDOR 09992,BEN
10009993,BENEFICIARIO 09993,001000009993,PEN,7305.39,BINPPEPLXXX,PAGO PROVEEDOR 09993,SHA
10009994,BENEFICIARIO 09994,001000009994,PEN,7306.12,SCBLPEPLXXX,PAGO PROVEEDOR 09994,OUR
10009995,BENEFICIARIO 09995,001000009995,USD,7306.85,CITIPEPLXXX,PAGO PROVEEDOR 09995,BEN
10009996,BENEFICIARIO 09996,001000009996,PEN,7307.58,BCPLPEPLXXX,PAGO PROVEEDOR 09996,SHA
10009997,BENEFICIARIO 09997,001000009997,PEN,7308.31,BINPPEPLXXX,PAGO PROVEEDOR 09997,OUR
10009998,BENEFICIARIO 09998,001000009998,PEN,7309.04,SCBLPEPLXXX,PAGO PROVEEDOR 09998,BEN
10009999,BENEFICIARIO 09999,001000009999,PEN,7309.77,CITIPEPLXXX,PAGO PROVEEDOR 09999,SHA
10010000,BENEFICIARIO 10000,001000010000,USD,7310.50,BCPLPEPLXXX,PAGO PROVEEDOR 10000,OUR
